solid OpenSCAD_Model
  facet normal 0.946855 -0.315618 -0.0620553
    outer loop
      vertex 37 -19.6 -84
      vertex 36.2 -22 -84
      vertex 36.9059 -19.6 -85.4358
    endloop
  endfacet
  facet normal -0.659341 0 -0.751844
    outer loop
      vertex -33.7782 -19.6 -91.7782
      vertex -32.6964 0 -92.7269
      vertex -32.6964 -19.6 -92.7269
    endloop
  endfacet
  facet normal -0.659341 0 -0.751844
    outer loop
      vertex -32.6964 0 -92.7269
      vertex -33.7782 -19.6 -91.7782
      vertex -33.7782 0 -91.7782
    endloop
  endfacet
  facet normal -0.788974 -0.315612 0.52717
    outer loop
      vertex -34.7269 -19.6 90.6964
      vertex -35.5263 -19.6 89.5
      vertex -34.8335 -22 89.1
    endloop
  endfacet
  facet normal -0.305004 -0.315632 -0.898526
    outer loop
      vertex -28.64 -22 -93.8524
      vertex -30.2095 -19.6 -94.1627
      vertex -28.847 -19.6 -94.6252
    endloop
  endfacet
  facet normal 0.305004 -0.315632 0.898526
    outer loop
      vertex 28.847 -19.6 94.6252
      vertex 28.64 -22 93.8524
      vertex 30.2095 -19.6 94.1627
    endloop
  endfacet
  facet normal -0.555566 0 -0.831472
    outer loop
      vertex -32.6964 -19.6 -92.7269
      vertex -31.5 0 -93.5263
      vertex -31.5 -19.6 -93.5263
    endloop
  endfacet
  facet normal -0.555566 0 -0.831472
    outer loop
      vertex -31.5 0 -93.5263
      vertex -32.6964 -19.6 -92.7269
      vertex -32.6964 0 -92.7269
    endloop
  endfacet
  facet normal 0.52717 -0.315612 -0.788974
    outer loop
      vertex 32.6964 -19.6 -92.7269
      vertex 31.1 -22 -92.8335
      vertex 31.5 -19.6 -93.5263
    endloop
  endfacet
  facet normal -0.18512 -0.315632 0.930649
    outer loop
      vertex -27.4358 -19.6 94.9059
      vertex -28.64 -22 93.8524
      vertex -27.3314 -22 94.1127
    endloop
  endfacet
  facet normal -0.659341 0 0.751844
    outer loop
      vertex -33.7782 0 91.7782
      vertex -32.6964 -19.6 92.7269
      vertex -32.6964 0 92.7269
    endloop
  endfacet
  facet normal -0.659341 0 0.751844
    outer loop
      vertex -32.6964 -19.6 92.7269
      vertex -33.7782 0 91.7782
      vertex -33.7782 -19.6 91.7782
    endloop
  endfacet
  facet normal -0.321435 0 -0.946931
    outer loop
      vertex -30.2095 -19.6 -94.1627
      vertex -28.847 0 -94.6252
      vertex -28.847 -19.6 -94.6252
    endloop
  endfacet
  facet normal -0.321435 0 -0.946931
    outer loop
      vertex -28.847 0 -94.6252
      vertex -30.2095 -19.6 -94.1627
      vertex -30.2095 0 -94.1627
    endloop
  endfacet
  facet normal 0.713413 -0.315625 0.625638
    outer loop
      vertex 33.7782 -19.6 91.7782
      vertex 33.2125 -22 91.2125
      vertex 34.7269 -19.6 90.6964
    endloop
  endfacet
  facet normal -0.0620849 -0.315634 -0.946848
    outer loop
      vertex -27.3314 -22 -94.1127
      vertex -27.4358 -19.6 -94.9059
      vertex -26 -22 -94.2
    endloop
  endfacet
  facet normal -0.52717 -0.315612 -0.788974
    outer loop
      vertex -31.1 -22 -92.8335
      vertex -32.6964 -19.6 -92.7269
      vertex -31.5 -19.6 -93.5263
    endloop
  endfacet
  facet normal 1 -0 0
    outer loop
      vertex 37 -19.6 84
      vertex 37 0 -84
      vertex 37 0 84
    endloop
  endfacet
  facet normal 1 0 0
    outer loop
      vertex 37 0 -84
      vertex 37 -19.6 84
      vertex 37 -19.6 -84
    endloop
  endfacet
  facet normal -0.946848 -0.315634 0.0620849
    outer loop
      vertex -36.1127 -22 85.3314
      vertex -36.9059 -19.6 85.4358
      vertex -36.2 -22 84
    endloop
  endfacet
  facet normal -0.898526 -0.315632 -0.305004
    outer loop
      vertex -35.8524 -22 -86.64
      vertex -36.6252 -19.6 -86.847
      vertex -36.1627 -19.6 -88.2095
    endloop
  endfacet
  facet normal -0.185114 -0.315635 -0.930649
    outer loop
      vertex -28.64 -22 -93.8524
      vertex -28.847 -19.6 -94.6252
      vertex -27.4358 -19.6 -94.9059
    endloop
  endfacet
  facet normal -1 0 0
    outer loop
      vertex -37 -19.6 -84
      vertex -37 0 84
      vertex -37 0 -84
    endloop
  endfacet
  facet normal -1 -0 0
    outer loop
      vertex -37 0 84
      vertex -37 -19.6 -84
      vertex -37 -19.6 84
    endloop
  endfacet
  facet normal -0.419684 -0.31561 -0.851032
    outer loop
      vertex -29.9034 -22 -93.4236
      vertex -31.1 -22 -92.8335
      vertex -30.2095 -19.6 -94.1627
    endloop
  endfacet
  facet normal 0.185114 -0.315635 -0.930649
    outer loop
      vertex 28.64 -22 -93.8524
      vertex 27.4358 -19.6 -94.9059
      vertex 28.847 -19.6 -94.6252
    endloop
  endfacet
  facet normal -0.948683 -0.316228 0
    outer loop
      vertex -36.2 -22 -84
      vertex -37 -19.6 84
      vertex -37 -19.6 -84
    endloop
  endfacet
  facet normal -0.948683 -0.316228 0
    outer loop
      vertex -37 -19.6 84
      vertex -36.2 -22 -84
      vertex -36.2 -22 84
    endloop
  endfacet
  facet normal 0.195087 0 -0.980786
    outer loop
      vertex 27.4358 -19.6 -94.9059
      vertex 28.847 0 -94.6252
      vertex 28.847 -19.6 -94.6252
    endloop
  endfacet
  facet normal 0.195087 0 -0.980786
    outer loop
      vertex 28.847 0 -94.6252
      vertex 27.4358 -19.6 -94.9059
      vertex 27.4358 0 -94.9059
    endloop
  endfacet
  facet normal 0.930649 -0.315635 0.185114
    outer loop
      vertex 36.6252 -19.6 86.847
      vertex 35.8524 -22 86.64
      vertex 36.9059 -19.6 85.4358
    endloop
  endfacet
  facet normal -0.851032 -0.31561 -0.419684
    outer loop
      vertex -35.4236 -22 -87.9034
      vertex -36.1627 -19.6 -88.2095
      vertex -34.8335 -22 -89.1
    endloop
  endfacet
  facet normal 0.851032 -0.31561 -0.419684
    outer loop
      vertex 35.4236 -22 -87.9034
      vertex 34.8335 -22 -89.1
      vertex 36.1627 -19.6 -88.2095
    endloop
  endfacet
  facet normal 0.930649 -0.315632 -0.18512
    outer loop
      vertex 36.1127 -22 -85.3314
      vertex 35.8524 -22 -86.64
      vertex 36.9059 -19.6 -85.4358
    endloop
  endfacet
  facet normal -0.0653981 0 -0.997859
    outer loop
      vertex -27.4358 -19.6 -94.9059
      vertex -26 0 -95
      vertex -26 -19.6 -95
    endloop
  endfacet
  facet normal -0.0653981 0 -0.997859
    outer loop
      vertex -26 0 -95
      vertex -27.4358 -19.6 -94.9059
      vertex -27.4358 0 -94.9059
    endloop
  endfacet
  facet normal 0.898546 -0.315611 -0.304968
    outer loop
      vertex 35.8524 -22 -86.64
      vertex 35.4236 -22 -87.9034
      vertex 36.1627 -19.6 -88.2095
    endloop
  endfacet
  facet normal 0.195087 0 0.980786
    outer loop
      vertex 27.4358 0 94.9059
      vertex 28.847 -19.6 94.6252
      vertex 28.847 0 94.6252
    endloop
  endfacet
  facet normal 0.195087 0 0.980786
    outer loop
      vertex 28.847 -19.6 94.6252
      vertex 27.4358 0 94.9059
      vertex 27.4358 -19.6 94.9059
    endloop
  endfacet
  facet normal 0.997859 -0 0.0653981
    outer loop
      vertex 36.9059 -19.6 85.4358
      vertex 37 0 84
      vertex 36.9059 0 85.4358
    endloop
  endfacet
  facet normal 0.997859 0 0.0653981
    outer loop
      vertex 37 0 84
      vertex 36.9059 -19.6 85.4358
      vertex 37 -19.6 84
    endloop
  endfacet
  facet normal 0.980786 -0 0.195087
    outer loop
      vertex 36.6252 -19.6 86.847
      vertex 36.9059 0 85.4358
      vertex 36.6252 0 86.847
    endloop
  endfacet
  facet normal 0.980786 0 0.195087
    outer loop
      vertex 36.9059 0 85.4358
      vertex 36.6252 -19.6 86.847
      vertex 36.9059 -19.6 85.4358
    endloop
  endfacet
  facet normal 0.980786 0 -0.195087
    outer loop
      vertex 36.9059 -19.6 -85.4358
      vertex 36.6252 0 -86.847
      vertex 36.9059 0 -85.4358
    endloop
  endfacet
  facet normal 0.980786 0 -0.195087
    outer loop
      vertex 36.6252 0 -86.847
      vertex 36.9059 -19.6 -85.4358
      vertex 36.6252 -19.6 -86.847
    endloop
  endfacet
  facet normal 0.659341 0 0.751844
    outer loop
      vertex 32.6964 0 92.7269
      vertex 33.7782 -19.6 91.7782
      vertex 33.7782 0 91.7782
    endloop
  endfacet
  facet normal 0.659341 0 0.751844
    outer loop
      vertex 33.7782 -19.6 91.7782
      vertex 32.6964 0 92.7269
      vertex 32.6964 -19.6 92.7269
    endloop
  endfacet
  facet normal -0.751844 0 -0.659341
    outer loop
      vertex -33.7782 -19.6 -91.7782
      vertex -34.7269 0 -90.6964
      vertex -33.7782 0 -91.7782
    endloop
  endfacet
  facet normal -0.751844 -0 -0.659341
    outer loop
      vertex -34.7269 0 -90.6964
      vertex -33.7782 -19.6 -91.7782
      vertex -34.7269 -19.6 -90.6964
    endloop
  endfacet
  facet normal -0.18512 -0.315632 -0.930649
    outer loop
      vertex -27.3314 -22 -94.1127
      vertex -28.64 -22 -93.8524
      vertex -27.4358 -19.6 -94.9059
    endloop
  endfacet
  facet normal -0.831472 0 -0.555566
    outer loop
      vertex -34.7269 -19.6 -90.6964
      vertex -35.5263 0 -89.5
      vertex -34.7269 0 -90.6964
    endloop
  endfacet
  facet normal -0.831472 -0 -0.555566
    outer loop
      vertex -35.5263 0 -89.5
      vertex -34.7269 -19.6 -90.6964
      vertex -35.5263 -19.6 -89.5
    endloop
  endfacet
  facet normal -0.898546 -0.315611 -0.304968
    outer loop
      vertex -35.8524 -22 -86.64
      vertex -36.1627 -19.6 -88.2095
      vertex -35.4236 -22 -87.9034
    endloop
  endfacet
  facet normal -0.41968 -0.315612 -0.851033
    outer loop
      vertex -31.1 -22 -92.8335
      vertex -31.5 -19.6 -93.5263
      vertex -30.2095 -19.6 -94.1627
    endloop
  endfacet
  facet normal -0.185114 -0.315635 0.930649
    outer loop
      vertex -27.4358 -19.6 94.9059
      vertex -28.847 -19.6 94.6252
      vertex -28.64 -22 93.8524
    endloop
  endfacet
  facet normal 0.898526 -0.315632 0.305004
    outer loop
      vertex 36.1627 -19.6 88.2095
      vertex 35.8524 -22 86.64
      vertex 36.6252 -19.6 86.847
    endloop
  endfacet
  facet normal -0.625638 -0.315625 -0.713413
    outer loop
      vertex -33.2125 -22 -91.2125
      vertex -33.7782 -19.6 -91.7782
      vertex -32.6964 -19.6 -92.7269
    endloop
  endfacet
  facet normal -0.304968 -0.315611 -0.898546
    outer loop
      vertex -29.9034 -22 -93.4236
      vertex -30.2095 -19.6 -94.1627
      vertex -28.64 -22 -93.8524
    endloop
  endfacet
  facet normal 0.946855 -0.315618 0.0620553
    outer loop
      vertex 36.9059 -19.6 85.4358
      vertex 36.2 -22 84
      vertex 37 -19.6 84
    endloop
  endfacet
  facet normal 0.0620553 -0.315618 -0.946855
    outer loop
      vertex 27.4358 -19.6 -94.9059
      vertex 26 -22 -94.2
      vertex 26 -19.6 -95
    endloop
  endfacet
  facet normal 0 -0.316228 -0.948683
    outer loop
      vertex -26 -22 -94.2
      vertex 26 -19.6 -95
      vertex 26 -22 -94.2
    endloop
  endfacet
  facet normal -0 -0.316228 -0.948683
    outer loop
      vertex 26 -19.6 -95
      vertex -26 -22 -94.2
      vertex -26 -19.6 -95
    endloop
  endfacet
  facet normal -0.0620553 -0.315618 -0.946855
    outer loop
      vertex -26 -22 -94.2
      vertex -27.4358 -19.6 -94.9059
      vertex -26 -19.6 -95
    endloop
  endfacet
  facet normal 0.419684 -0.31561 -0.851032
    outer loop
      vertex 31.1 -22 -92.8335
      vertex 29.9034 -22 -93.4236
      vertex 30.2095 -19.6 -94.1627
    endloop
  endfacet
  facet normal 0.831472 -0 0.555566
    outer loop
      vertex 34.7269 -19.6 90.6964
      vertex 35.5263 0 89.5
      vertex 34.7269 0 90.6964
    endloop
  endfacet
  facet normal 0.831472 0 0.555566
    outer loop
      vertex 35.5263 0 89.5
      vertex 34.7269 -19.6 90.6964
      vertex 35.5263 -19.6 89.5
    endloop
  endfacet
  facet normal 0.946848 -0.315634 -0.0620849
    outer loop
      vertex 36.2 -22 -84
      vertex 36.1127 -22 -85.3314
      vertex 36.9059 -19.6 -85.4358
    endloop
  endfacet
  facet normal -0.896874 0 -0.442286
    outer loop
      vertex -35.5263 -19.6 -89.5
      vertex -36.1627 0 -88.2095
      vertex -35.5263 0 -89.5
    endloop
  endfacet
  facet normal -0.896874 -0 -0.442286
    outer loop
      vertex -36.1627 0 -88.2095
      vertex -35.5263 -19.6 -89.5
      vertex -36.1627 -19.6 -88.2095
    endloop
  endfacet
  facet normal -0.713408 -0.315621 -0.625646
    outer loop
      vertex -34.0922 -22 -90.2094
      vertex -34.7269 -19.6 -90.6964
      vertex -33.2125 -22 -91.2125
    endloop
  endfacet
  facet normal -0.625646 -0.315621 -0.713408
    outer loop
      vertex -32.2094 -22 -92.0922
      vertex -33.2125 -22 -91.2125
      vertex -32.6964 -19.6 -92.7269
    endloop
  endfacet
  facet normal -0.946855 -0.315618 0.0620553
    outer loop
      vertex -36.9059 -19.6 85.4358
      vertex -37 -19.6 84
      vertex -36.2 -22 84
    endloop
  endfacet
  facet normal 0.948683 -0.316228 0
    outer loop
      vertex 36.2 -22 84
      vertex 37 -19.6 -84
      vertex 37 -19.6 84
    endloop
  endfacet
  facet normal 0.948683 -0.316228 0
    outer loop
      vertex 37 -19.6 -84
      vertex 36.2 -22 84
      vertex 36.2 -22 -84
    endloop
  endfacet
  facet normal 0.946931 -0 0.321435
    outer loop
      vertex 36.1627 -19.6 88.2095
      vertex 36.6252 0 86.847
      vertex 36.1627 0 88.2095
    endloop
  endfacet
  facet normal 0.946931 0 0.321435
    outer loop
      vertex 36.6252 0 86.847
      vertex 36.1627 -19.6 88.2095
      vertex 36.6252 -19.6 86.847
    endloop
  endfacet
  facet normal 0.946848 -0.315634 0.0620849
    outer loop
      vertex 36.9059 -19.6 85.4358
      vertex 36.1127 -22 85.3314
      vertex 36.2 -22 84
    endloop
  endfacet
  facet normal 0.0620849 -0.315634 -0.946848
    outer loop
      vertex 27.3314 -22 -94.1127
      vertex 26 -22 -94.2
      vertex 27.4358 -19.6 -94.9059
    endloop
  endfacet
  facet normal -0.442286 0 -0.896874
    outer loop
      vertex -31.5 -19.6 -93.5263
      vertex -30.2095 0 -94.1627
      vertex -30.2095 -19.6 -94.1627
    endloop
  endfacet
  facet normal -0.442286 0 -0.896874
    outer loop
      vertex -30.2095 0 -94.1627
      vertex -31.5 -19.6 -93.5263
      vertex -31.5 0 -93.5263
    endloop
  endfacet
  facet normal -0.195087 0 -0.980786
    outer loop
      vertex -28.847 -19.6 -94.6252
      vertex -27.4358 0 -94.9059
      vertex -27.4358 -19.6 -94.9059
    endloop
  endfacet
  facet normal -0.195087 0 -0.980786
    outer loop
      vertex -27.4358 0 -94.9059
      vertex -28.847 -19.6 -94.6252
      vertex -28.847 0 -94.6252
    endloop
  endfacet
  facet normal -0.788974 -0.315612 -0.52717
    outer loop
      vertex -34.8335 -22 -89.1
      vertex -35.5263 -19.6 -89.5
      vertex -34.7269 -19.6 -90.6964
    endloop
  endfacet
  facet normal -0.625646 -0.315621 0.713408
    outer loop
      vertex -32.6964 -19.6 92.7269
      vertex -33.2125 -22 91.2125
      vertex -32.2094 -22 92.0922
    endloop
  endfacet
  facet normal 0.930649 -0.315635 -0.185114
    outer loop
      vertex 36.9059 -19.6 -85.4358
      vertex 35.8524 -22 -86.64
      vertex 36.6252 -19.6 -86.847
    endloop
  endfacet
  facet normal 0 0 -1
    outer loop
      vertex -26 -19.6 -95
      vertex 26 0 -95
      vertex 26 -19.6 -95
    endloop
  endfacet
  facet normal -0 0 -1
    outer loop
      vertex 26 0 -95
      vertex -26 -19.6 -95
      vertex -26 0 -95
    endloop
  endfacet
  facet normal -0.713413 -0.315625 0.625638
    outer loop
      vertex -33.7782 -19.6 91.7782
      vertex -34.7269 -19.6 90.6964
      vertex -33.2125 -22 91.2125
    endloop
  endfacet
  facet normal 0.321435 0 0.946931
    outer loop
      vertex 28.847 0 94.6252
      vertex 30.2095 -19.6 94.1627
      vertex 30.2095 0 94.1627
    endloop
  endfacet
  facet normal 0.321435 0 0.946931
    outer loop
      vertex 30.2095 -19.6 94.1627
      vertex 28.847 0 94.6252
      vertex 28.847 -19.6 94.6252
    endloop
  endfacet
  facet normal 0.751844 -0 0.659341
    outer loop
      vertex 33.7782 -19.6 91.7782
      vertex 34.7269 0 90.6964
      vertex 33.7782 0 91.7782
    endloop
  endfacet
  facet normal 0.751844 0 0.659341
    outer loop
      vertex 34.7269 0 90.6964
      vertex 33.7782 -19.6 91.7782
      vertex 34.7269 -19.6 90.6964
    endloop
  endfacet
  facet normal 0.0653981 0 0.997859
    outer loop
      vertex 26 0 95
      vertex 27.4358 -19.6 94.9059
      vertex 27.4358 0 94.9059
    endloop
  endfacet
  facet normal 0.0653981 0 0.997859
    outer loop
      vertex 27.4358 -19.6 94.9059
      vertex 26 0 95
      vertex 26 -19.6 95
    endloop
  endfacet
  facet normal -0.751844 0 0.659341
    outer loop
      vertex -34.7269 -19.6 90.6964
      vertex -33.7782 0 91.7782
      vertex -34.7269 0 90.6964
    endloop
  endfacet
  facet normal -0.751844 0 0.659341
    outer loop
      vertex -33.7782 0 91.7782
      vertex -34.7269 -19.6 90.6964
      vertex -33.7782 -19.6 91.7782
    endloop
  endfacet
  facet normal 0.997859 0 -0.0653981
    outer loop
      vertex 37 -19.6 -84
      vertex 36.9059 0 -85.4358
      vertex 37 0 -84
    endloop
  endfacet
  facet normal 0.997859 0 -0.0653981
    outer loop
      vertex 36.9059 0 -85.4358
      vertex 37 -19.6 -84
      vertex 36.9059 -19.6 -85.4358
    endloop
  endfacet
  facet normal -0.713413 -0.315625 -0.625638
    outer loop
      vertex -33.2125 -22 -91.2125
      vertex -34.7269 -19.6 -90.6964
      vertex -33.7782 -19.6 -91.7782
    endloop
  endfacet
  facet normal 0.930649 -0.315632 0.18512
    outer loop
      vertex 36.9059 -19.6 85.4358
      vertex 35.8524 -22 86.64
      vertex 36.1127 -22 85.3314
    endloop
  endfacet
  facet normal -0.52717 -0.315612 0.788974
    outer loop
      vertex -31.5 -19.6 93.5263
      vertex -32.6964 -19.6 92.7269
      vertex -31.1 -22 92.8335
    endloop
  endfacet
  facet normal -0.0653981 0 0.997859
    outer loop
      vertex -27.4358 0 94.9059
      vertex -26 -19.6 95
      vertex -26 0 95
    endloop
  endfacet
  facet normal -0.0653981 0 0.997859
    outer loop
      vertex -26 -19.6 95
      vertex -27.4358 0 94.9059
      vertex -27.4358 -19.6 94.9059
    endloop
  endfacet
  facet normal 0.527183 -0.315622 -0.788962
    outer loop
      vertex 32.2094 -22 -92.0922
      vertex 31.1 -22 -92.8335
      vertex 32.6964 -19.6 -92.7269
    endloop
  endfacet
  facet normal -0 0 1
    outer loop
      vertex -26 0 95
      vertex 26 -19.6 95
      vertex 26 0 95
    endloop
  endfacet
  facet normal 0 0 1
    outer loop
      vertex 26 -19.6 95
      vertex -26 0 95
      vertex -26 -19.6 95
    endloop
  endfacet
  facet normal -0.896874 0 0.442286
    outer loop
      vertex -36.1627 -19.6 88.2095
      vertex -35.5263 0 89.5
      vertex -36.1627 0 88.2095
    endloop
  endfacet
  facet normal -0.896874 0 0.442286
    outer loop
      vertex -35.5263 0 89.5
      vertex -36.1627 -19.6 88.2095
      vertex -35.5263 -19.6 89.5
    endloop
  endfacet
  facet normal -0.527183 -0.315622 -0.788962
    outer loop
      vertex -32.2094 -22 -92.0922
      vertex -32.6964 -19.6 -92.7269
      vertex -31.1 -22 -92.8335
    endloop
  endfacet
  facet normal -0.305004 -0.315632 0.898526
    outer loop
      vertex -28.847 -19.6 94.6252
      vertex -30.2095 -19.6 94.1627
      vertex -28.64 -22 93.8524
    endloop
  endfacet
  facet normal 0.18512 -0.315632 -0.930649
    outer loop
      vertex 28.64 -22 -93.8524
      vertex 27.3314 -22 -94.1127
      vertex 27.4358 -19.6 -94.9059
    endloop
  endfacet
  facet normal 0.788974 -0.315612 -0.52717
    outer loop
      vertex 34.8335 -22 -89.1
      vertex 34.7269 -19.6 -90.6964
      vertex 35.5263 -19.6 -89.5
    endloop
  endfacet
  facet normal 0.305004 -0.315632 -0.898526
    outer loop
      vertex 30.2095 -19.6 -94.1627
      vertex 28.64 -22 -93.8524
      vertex 28.847 -19.6 -94.6252
    endloop
  endfacet
  facet normal 0.751844 0 -0.659341
    outer loop
      vertex 34.7269 -19.6 -90.6964
      vertex 33.7782 0 -91.7782
      vertex 34.7269 0 -90.6964
    endloop
  endfacet
  facet normal 0.751844 0 -0.659341
    outer loop
      vertex 33.7782 0 -91.7782
      vertex 34.7269 -19.6 -90.6964
      vertex 33.7782 -19.6 -91.7782
    endloop
  endfacet
  facet normal 0.831472 0 -0.555566
    outer loop
      vertex 35.5263 -19.6 -89.5
      vertex 34.7269 0 -90.6964
      vertex 35.5263 0 -89.5
    endloop
  endfacet
  facet normal 0.831472 0 -0.555566
    outer loop
      vertex 34.7269 0 -90.6964
      vertex 35.5263 -19.6 -89.5
      vertex 34.7269 -19.6 -90.6964
    endloop
  endfacet
  facet normal -0.41968 -0.315612 0.851033
    outer loop
      vertex -30.2095 -19.6 94.1627
      vertex -31.5 -19.6 93.5263
      vertex -31.1 -22 92.8335
    endloop
  endfacet
  facet normal 0.442286 0 0.896874
    outer loop
      vertex 30.2095 0 94.1627
      vertex 31.5 -19.6 93.5263
      vertex 31.5 0 93.5263
    endloop
  endfacet
  facet normal 0.442286 0 0.896874
    outer loop
      vertex 31.5 -19.6 93.5263
      vertex 30.2095 0 94.1627
      vertex 30.2095 -19.6 94.1627
    endloop
  endfacet
  facet normal 0.898526 -0.315632 -0.305004
    outer loop
      vertex 36.6252 -19.6 -86.847
      vertex 35.8524 -22 -86.64
      vertex 36.1627 -19.6 -88.2095
    endloop
  endfacet
  facet normal 0.896874 -0 0.442286
    outer loop
      vertex 35.5263 -19.6 89.5
      vertex 36.1627 0 88.2095
      vertex 35.5263 0 89.5
    endloop
  endfacet
  facet normal 0.896874 0 0.442286
    outer loop
      vertex 36.1627 0 88.2095
      vertex 35.5263 -19.6 89.5
      vertex 36.1627 -19.6 88.2095
    endloop
  endfacet
  facet normal -0.930649 -0.315635 -0.185114
    outer loop
      vertex -35.8524 -22 -86.64
      vertex -36.9059 -19.6 -85.4358
      vertex -36.6252 -19.6 -86.847
    endloop
  endfacet
  facet normal 0.18512 -0.315632 0.930649
    outer loop
      vertex 27.4358 -19.6 94.9059
      vertex 27.3314 -22 94.1127
      vertex 28.64 -22 93.8524
    endloop
  endfacet
  facet normal -0.997859 0 -0.0653981
    outer loop
      vertex -36.9059 -19.6 -85.4358
      vertex -37 0 -84
      vertex -36.9059 0 -85.4358
    endloop
  endfacet
  facet normal -0.997859 -0 -0.0653981
    outer loop
      vertex -37 0 -84
      vertex -36.9059 -19.6 -85.4358
      vertex -37 -19.6 -84
    endloop
  endfacet
  facet normal -0.555566 0 0.831472
    outer loop
      vertex -32.6964 0 92.7269
      vertex -31.5 -19.6 93.5263
      vertex -31.5 0 93.5263
    endloop
  endfacet
  facet normal -0.555566 0 0.831472
    outer loop
      vertex -31.5 -19.6 93.5263
      vertex -32.6964 0 92.7269
      vertex -32.6964 -19.6 92.7269
    endloop
  endfacet
  facet normal -0.851032 -0.31561 0.419684
    outer loop
      vertex -34.8335 -22 89.1
      vertex -36.1627 -19.6 88.2095
      vertex -35.4236 -22 87.9034
    endloop
  endfacet
  facet normal 0 -0.316228 0.948683
    outer loop
      vertex -26 -19.6 95
      vertex 26 -22 94.2
      vertex 26 -19.6 95
    endloop
  endfacet
  facet normal 0 -0.316228 0.948683
    outer loop
      vertex 26 -22 94.2
      vertex -26 -19.6 95
      vertex -26 -22 94.2
    endloop
  endfacet
  facet normal -0.788962 -0.315622 -0.527183
    outer loop
      vertex -34.0922 -22 -90.2094
      vertex -34.8335 -22 -89.1
      vertex -34.7269 -19.6 -90.6964
    endloop
  endfacet
  facet normal 0.851033 -0.315612 0.41968
    outer loop
      vertex 35.5263 -19.6 89.5
      vertex 34.8335 -22 89.1
      vertex 36.1627 -19.6 88.2095
    endloop
  endfacet
  facet normal 0.52717 -0.315612 0.788974
    outer loop
      vertex 31.5 -19.6 93.5263
      vertex 31.1 -22 92.8335
      vertex 32.6964 -19.6 92.7269
    endloop
  endfacet
  facet normal -0.527183 -0.315622 0.788962
    outer loop
      vertex -31.1 -22 92.8335
      vertex -32.6964 -19.6 92.7269
      vertex -32.2094 -22 92.0922
    endloop
  endfacet
  facet normal -0.997859 0 0.0653981
    outer loop
      vertex -37 -19.6 84
      vertex -36.9059 0 85.4358
      vertex -37 0 84
    endloop
  endfacet
  facet normal -0.997859 0 0.0653981
    outer loop
      vertex -36.9059 0 85.4358
      vertex -37 -19.6 84
      vertex -36.9059 -19.6 85.4358
    endloop
  endfacet
  facet normal -0.930649 -0.315635 0.185114
    outer loop
      vertex -36.6252 -19.6 86.847
      vertex -36.9059 -19.6 85.4358
      vertex -35.8524 -22 86.64
    endloop
  endfacet
  facet normal -0.980786 0 0.195087
    outer loop
      vertex -36.9059 -19.6 85.4358
      vertex -36.6252 0 86.847
      vertex -36.9059 0 85.4358
    endloop
  endfacet
  facet normal -0.980786 0 0.195087
    outer loop
      vertex -36.6252 0 86.847
      vertex -36.9059 -19.6 85.4358
      vertex -36.6252 -19.6 86.847
    endloop
  endfacet
  facet normal 0.0653981 0 -0.997859
    outer loop
      vertex 26 -19.6 -95
      vertex 27.4358 0 -94.9059
      vertex 27.4358 -19.6 -94.9059
    endloop
  endfacet
  facet normal 0.0653981 0 -0.997859
    outer loop
      vertex 27.4358 0 -94.9059
      vertex 26 -19.6 -95
      vertex 26 0 -95
    endloop
  endfacet
  facet normal 0.41968 -0.315612 -0.851033
    outer loop
      vertex 31.1 -22 -92.8335
      vertex 30.2095 -19.6 -94.1627
      vertex 31.5 -19.6 -93.5263
    endloop
  endfacet
  facet normal 0.555566 0 -0.831472
    outer loop
      vertex 31.5 -19.6 -93.5263
      vertex 32.6964 0 -92.7269
      vertex 32.6964 -19.6 -92.7269
    endloop
  endfacet
  facet normal 0.555566 0 -0.831472
    outer loop
      vertex 32.6964 0 -92.7269
      vertex 31.5 -19.6 -93.5263
      vertex 31.5 0 -93.5263
    endloop
  endfacet
  facet normal -0.980786 0 -0.195087
    outer loop
      vertex -36.6252 -19.6 -86.847
      vertex -36.9059 0 -85.4358
      vertex -36.6252 0 -86.847
    endloop
  endfacet
  facet normal -0.980786 -0 -0.195087
    outer loop
      vertex -36.9059 0 -85.4358
      vertex -36.6252 -19.6 -86.847
      vertex -36.9059 -19.6 -85.4358
    endloop
  endfacet
  facet normal 0.896874 0 -0.442286
    outer loop
      vertex 36.1627 -19.6 -88.2095
      vertex 35.5263 0 -89.5
      vertex 36.1627 0 -88.2095
    endloop
  endfacet
  facet normal 0.896874 0 -0.442286
    outer loop
      vertex 35.5263 0 -89.5
      vertex 36.1627 -19.6 -88.2095
      vertex 35.5263 -19.6 -89.5
    endloop
  endfacet
  facet normal 0.851033 -0.315612 -0.41968
    outer loop
      vertex 36.1627 -19.6 -88.2095
      vertex 34.8335 -22 -89.1
      vertex 35.5263 -19.6 -89.5
    endloop
  endfacet
  facet normal 0.0620553 -0.315618 0.946855
    outer loop
      vertex 26 -19.6 95
      vertex 26 -22 94.2
      vertex 27.4358 -19.6 94.9059
    endloop
  endfacet
  facet normal -0.898546 -0.315611 0.304968
    outer loop
      vertex -35.4236 -22 87.9034
      vertex -36.1627 -19.6 88.2095
      vertex -35.8524 -22 86.64
    endloop
  endfacet
  facet normal -0.788962 -0.315622 0.527183
    outer loop
      vertex -34.7269 -19.6 90.6964
      vertex -34.8335 -22 89.1
      vertex -34.0922 -22 90.2094
    endloop
  endfacet
  facet normal 0.304968 -0.315611 -0.898546
    outer loop
      vertex 29.9034 -22 -93.4236
      vertex 28.64 -22 -93.8524
      vertex 30.2095 -19.6 -94.1627
    endloop
  endfacet
  facet normal 0.946931 0 -0.321435
    outer loop
      vertex 36.6252 -19.6 -86.847
      vertex 36.1627 0 -88.2095
      vertex 36.6252 0 -86.847
    endloop
  endfacet
  facet normal 0.946931 0 -0.321435
    outer loop
      vertex 36.1627 0 -88.2095
      vertex 36.6252 -19.6 -86.847
      vertex 36.1627 -19.6 -88.2095
    endloop
  endfacet
  facet normal 0.321435 0 -0.946931
    outer loop
      vertex 28.847 -19.6 -94.6252
      vertex 30.2095 0 -94.1627
      vertex 30.2095 -19.6 -94.1627
    endloop
  endfacet
  facet normal 0.321435 0 -0.946931
    outer loop
      vertex 30.2095 0 -94.1627
      vertex 28.847 -19.6 -94.6252
      vertex 28.847 0 -94.6252
    endloop
  endfacet
  facet normal -0.304968 -0.315611 0.898546
    outer loop
      vertex -28.64 -22 93.8524
      vertex -30.2095 -19.6 94.1627
      vertex -29.9034 -22 93.4236
    endloop
  endfacet
  facet normal -0.625638 -0.315625 0.713413
    outer loop
      vertex -32.6964 -19.6 92.7269
      vertex -33.7782 -19.6 91.7782
      vertex -33.2125 -22 91.2125
    endloop
  endfacet
  facet normal -0.946855 -0.315618 -0.0620553
    outer loop
      vertex -36.2 -22 -84
      vertex -37 -19.6 -84
      vertex -36.9059 -19.6 -85.4358
    endloop
  endfacet
  facet normal -0.851033 -0.315612 -0.41968
    outer loop
      vertex -34.8335 -22 -89.1
      vertex -36.1627 -19.6 -88.2095
      vertex -35.5263 -19.6 -89.5
    endloop
  endfacet
  facet normal 0.304968 -0.315611 0.898546
    outer loop
      vertex 30.2095 -19.6 94.1627
      vertex 28.64 -22 93.8524
      vertex 29.9034 -22 93.4236
    endloop
  endfacet
  facet normal -0.0620849 -0.315634 0.946848
    outer loop
      vertex -26 -22 94.2
      vertex -27.4358 -19.6 94.9059
      vertex -27.3314 -22 94.1127
    endloop
  endfacet
  facet normal -0.851033 -0.315612 0.41968
    outer loop
      vertex -35.5263 -19.6 89.5
      vertex -36.1627 -19.6 88.2095
      vertex -34.8335 -22 89.1
    endloop
  endfacet
  facet normal -0.0620553 -0.315618 0.946855
    outer loop
      vertex -26 -19.6 95
      vertex -27.4358 -19.6 94.9059
      vertex -26 -22 94.2
    endloop
  endfacet
  facet normal 0.788974 -0.315612 0.52717
    outer loop
      vertex 35.5263 -19.6 89.5
      vertex 34.7269 -19.6 90.6964
      vertex 34.8335 -22 89.1
    endloop
  endfacet
  facet normal 0.713413 -0.315625 -0.625638
    outer loop
      vertex 34.7269 -19.6 -90.6964
      vertex 33.2125 -22 -91.2125
      vertex 33.7782 -19.6 -91.7782
    endloop
  endfacet
  facet normal 0.713408 -0.315621 -0.625646
    outer loop
      vertex 34.0922 -22 -90.2094
      vertex 33.2125 -22 -91.2125
      vertex 34.7269 -19.6 -90.6964
    endloop
  endfacet
  facet normal 0.788962 -0.315622 -0.527183
    outer loop
      vertex 34.8335 -22 -89.1
      vertex 34.0922 -22 -90.2094
      vertex 34.7269 -19.6 -90.6964
    endloop
  endfacet
  facet normal 0.625646 -0.315621 0.713408
    outer loop
      vertex 32.6964 -19.6 92.7269
      vertex 32.2094 -22 92.0922
      vertex 33.2125 -22 91.2125
    endloop
  endfacet
  facet normal 0.625638 -0.315625 0.713413
    outer loop
      vertex 33.7782 -19.6 91.7782
      vertex 32.6964 -19.6 92.7269
      vertex 33.2125 -22 91.2125
    endloop
  endfacet
  facet normal 0.788962 -0.315622 0.527183
    outer loop
      vertex 34.7269 -19.6 90.6964
      vertex 34.0922 -22 90.2094
      vertex 34.8335 -22 89.1
    endloop
  endfacet
  facet normal 0.851032 -0.31561 0.419684
    outer loop
      vertex 36.1627 -19.6 88.2095
      vertex 34.8335 -22 89.1
      vertex 35.4236 -22 87.9034
    endloop
  endfacet
  facet normal 0.555566 0 0.831472
    outer loop
      vertex 31.5 0 93.5263
      vertex 32.6964 -19.6 92.7269
      vertex 32.6964 0 92.7269
    endloop
  endfacet
  facet normal 0.555566 0 0.831472
    outer loop
      vertex 32.6964 -19.6 92.7269
      vertex 31.5 0 93.5263
      vertex 31.5 -19.6 93.5263
    endloop
  endfacet
  facet normal -0.442286 0 0.896874
    outer loop
      vertex -31.5 0 93.5263
      vertex -30.2095 -19.6 94.1627
      vertex -30.2095 0 94.1627
    endloop
  endfacet
  facet normal -0.442286 0 0.896874
    outer loop
      vertex -30.2095 -19.6 94.1627
      vertex -31.5 0 93.5263
      vertex -31.5 -19.6 93.5263
    endloop
  endfacet
  facet normal -0.946931 0 -0.321435
    outer loop
      vertex -36.1627 -19.6 -88.2095
      vertex -36.6252 0 -86.847
      vertex -36.1627 0 -88.2095
    endloop
  endfacet
  facet normal -0.946931 -0 -0.321435
    outer loop
      vertex -36.6252 0 -86.847
      vertex -36.1627 -19.6 -88.2095
      vertex -36.6252 -19.6 -86.847
    endloop
  endfacet
  facet normal 0.625646 -0.315621 -0.713408
    outer loop
      vertex 33.2125 -22 -91.2125
      vertex 32.2094 -22 -92.0922
      vertex 32.6964 -19.6 -92.7269
    endloop
  endfacet
  facet normal -0.930649 -0.315632 0.18512
    outer loop
      vertex -35.8524 -22 86.64
      vertex -36.9059 -19.6 85.4358
      vertex -36.1127 -22 85.3314
    endloop
  endfacet
  facet normal 0 -1 0
    outer loop
      vertex -36.2 -22 84
      vertex -26 -22 94.2
      vertex -27.3314 -22 94.1127
    endloop
  endfacet
  facet normal 0 -1 0
    outer loop
      vertex -26 -22 94.2
      vertex -7.5 -22 69
      vertex 26 -22 94.2
    endloop
  endfacet
  facet normal 0 -1 0
    outer loop
      vertex -36.2 -22 84
      vertex -27.3314 -22 94.1127
      vertex -28.64 -22 93.8524
    endloop
  endfacet
  facet normal 0 -1 0
    outer loop
      vertex 7.5 -22 69
      vertex 26 -22 94.2
      vertex -7.5 -22 69
    endloop
  endfacet
  facet normal 0 -1 0
    outer loop
      vertex -36.2 -22 84
      vertex -28.64 -22 93.8524
      vertex -29.9034 -22 93.4236
    endloop
  endfacet
  facet normal 0 -1 0
    outer loop
      vertex 7.95685 -22 68.9701
      vertex 26 -22 94.2
      vertex 7.5 -22 69
    endloop
  endfacet
  facet normal 0 -1 0
    outer loop
      vertex -36.2 -22 84
      vertex -29.9034 -22 93.4236
      vertex -31.1 -22 92.8335
    endloop
  endfacet
  facet normal 0 -1 0
    outer loop
      vertex 8.40587 -22 68.8807
      vertex 26 -22 94.2
      vertex 7.95685 -22 68.9701
    endloop
  endfacet
  facet normal 0 -1 0
    outer loop
      vertex -36.2 -22 84
      vertex -31.1 -22 92.8335
      vertex -32.2094 -22 92.0922
    endloop
  endfacet
  facet normal 0 -1 0
    outer loop
      vertex 8.83939 -22 68.7336
      vertex 26 -22 94.2
      vertex 8.40587 -22 68.8807
    endloop
  endfacet
  facet normal 0 -1 0
    outer loop
      vertex -36.2 -22 84
      vertex -32.2094 -22 92.0922
      vertex -33.2125 -22 91.2125
    endloop
  endfacet
  facet normal 0 -1 0
    outer loop
      vertex 9.25 -22 68.5311
      vertex 26 -22 94.2
      vertex 8.83939 -22 68.7336
    endloop
  endfacet
  facet normal 0 -1 0
    outer loop
      vertex -36.2 -22 84
      vertex -33.2125 -22 91.2125
      vertex -34.0922 -22 90.2094
    endloop
  endfacet
  facet normal 0 -1 0
    outer loop
      vertex 9.63066 -22 68.2767
      vertex 26 -22 94.2
      vertex 9.25 -22 68.5311
    endloop
  endfacet
  facet normal 0 -1 0
    outer loop
      vertex -36.2 -22 84
      vertex -34.0922 -22 90.2094
      vertex -34.8335 -22 89.1
    endloop
  endfacet
  facet normal 0 -1 0
    outer loop
      vertex 9.97487 -22 67.9749
      vertex 26 -22 94.2
      vertex 9.63066 -22 68.2767
    endloop
  endfacet
  facet normal 0 -1 0
    outer loop
      vertex -36.2 -22 84
      vertex -34.8335 -22 89.1
      vertex -35.4236 -22 87.9034
    endloop
  endfacet
  facet normal -0 -1 0
    outer loop
      vertex 36.2 -22 84
      vertex 26 -22 94.2
      vertex 9.97487 -22 67.9749
    endloop
  endfacet
  facet normal 0 -1 0
    outer loop
      vertex -36.2 -22 84
      vertex -35.4236 -22 87.9034
      vertex -35.8524 -22 86.64
    endloop
  endfacet
  facet normal 0 -1 0
    outer loop
      vertex 26 -22 94.2
      vertex 36.2 -22 84
      vertex 27.3314 -22 94.1127
    endloop
  endfacet
  facet normal 0 -1 0
    outer loop
      vertex -36.2 -22 84
      vertex -35.8524 -22 86.64
      vertex -36.1127 -22 85.3314
    endloop
  endfacet
  facet normal 0 -1 0
    outer loop
      vertex 28.64 -22 93.8524
      vertex 36.2 -22 84
      vertex 29.9034 -22 93.4236
    endloop
  endfacet
  facet normal 0 -1 -0
    outer loop
      vertex -26 -22 94.2
      vertex -36.2 -22 84
      vertex -9.97487 -22 67.9749
    endloop
  endfacet
  facet normal 0 -1 0
    outer loop
      vertex 29.9034 -22 93.4236
      vertex 36.2 -22 84
      vertex 31.1 -22 92.8335
    endloop
  endfacet
  facet normal 0 -1 0
    outer loop
      vertex 31.1 -22 92.8335
      vertex 36.2 -22 84
      vertex 32.2094 -22 92.0922
    endloop
  endfacet
  facet normal 0 -1 0
    outer loop
      vertex -26 -22 94.2
      vertex -7.95685 -22 68.9701
      vertex -7.5 -22 69
    endloop
  endfacet
  facet normal 0 -1 0
    outer loop
      vertex -26 -22 94.2
      vertex -8.40587 -22 68.8807
      vertex -7.95685 -22 68.9701
    endloop
  endfacet
  facet normal 0 -1 0
    outer loop
      vertex -26 -22 94.2
      vertex -8.83939 -22 68.7336
      vertex -8.40587 -22 68.8807
    endloop
  endfacet
  facet normal 0 -1 0
    outer loop
      vertex -26 -22 94.2
      vertex -9.25 -22 68.5311
      vertex -8.83939 -22 68.7336
    endloop
  endfacet
  facet normal 0 -1 0
    outer loop
      vertex -26 -22 94.2
      vertex -9.63066 -22 68.2767
      vertex -9.25 -22 68.5311
    endloop
  endfacet
  facet normal 0 -1 0
    outer loop
      vertex -26 -22 94.2
      vertex -9.97487 -22 67.9749
      vertex -9.63066 -22 68.2767
    endloop
  endfacet
  facet normal 0 -1 0
    outer loop
      vertex -36.2 -22 84
      vertex -10.2767 -22 67.6307
      vertex -9.97487 -22 67.9749
    endloop
  endfacet
  facet normal 0 -1 0
    outer loop
      vertex -36.2 -22 84
      vertex -10.5311 -22 67.25
      vertex -10.2767 -22 67.6307
    endloop
  endfacet
  facet normal 0 -1 0
    outer loop
      vertex -36.2 -22 84
      vertex -10.7336 -22 66.8394
      vertex -10.5311 -22 67.25
    endloop
  endfacet
  facet normal 0 -1 0
    outer loop
      vertex -36.2 -22 84
      vertex -10.8807 -22 66.4059
      vertex -10.7336 -22 66.8394
    endloop
  endfacet
  facet normal 0 -1 0
    outer loop
      vertex -36.2 -22 84
      vertex -10.9701 -22 65.9568
      vertex -10.8807 -22 66.4059
    endloop
  endfacet
  facet normal 0 -1 0
    outer loop
      vertex -36.2 -22 84
      vertex -11 -22 65.5
      vertex -10.9701 -22 65.9568
    endloop
  endfacet
  facet normal 0 -1 0
    outer loop
      vertex -36.2 -22 84
      vertex -11 -22 30.5
      vertex -11 -22 65.5
    endloop
  endfacet
  facet normal 0 -1 0
    outer loop
      vertex -36.2 -22 84
      vertex -10.9701 -22 30.0432
      vertex -11 -22 30.5
    endloop
  endfacet
  facet normal 0 -1 0
    outer loop
      vertex -36.2 -22 84
      vertex -10.8807 -22 29.5941
      vertex -10.9701 -22 30.0432
    endloop
  endfacet
  facet normal 0 -1 0
    outer loop
      vertex -36.2 -22 -84
      vertex -10.8807 -22 29.5941
      vertex -36.2 -22 84
    endloop
  endfacet
  facet normal 0 -1 -0
    outer loop
      vertex -7.5 -22 27
      vertex -36.2 -22 -84
      vertex 7.5 -22 27
    endloop
  endfacet
  facet normal 0 -1 -0
    outer loop
      vertex -7.95685 -22 27.0299
      vertex -36.2 -22 -84
      vertex -7.5 -22 27
    endloop
  endfacet
  facet normal 0 -1 -0
    outer loop
      vertex -8.40587 -22 27.1193
      vertex -36.2 -22 -84
      vertex -7.95685 -22 27.0299
    endloop
  endfacet
  facet normal 0 -1 -0
    outer loop
      vertex -8.83939 -22 27.2664
      vertex -36.2 -22 -84
      vertex -8.40587 -22 27.1193
    endloop
  endfacet
  facet normal 0 -1 -0
    outer loop
      vertex -9.25 -22 27.4689
      vertex -36.2 -22 -84
      vertex -8.83939 -22 27.2664
    endloop
  endfacet
  facet normal 0 -1 -0
    outer loop
      vertex -9.63066 -22 27.7233
      vertex -36.2 -22 -84
      vertex -9.25 -22 27.4689
    endloop
  endfacet
  facet normal 0 -1 -0
    outer loop
      vertex -9.97487 -22 28.0251
      vertex -36.2 -22 -84
      vertex -9.63066 -22 27.7233
    endloop
  endfacet
  facet normal 0 -1 -0
    outer loop
      vertex -10.2767 -22 28.3693
      vertex -36.2 -22 -84
      vertex -9.97487 -22 28.0251
    endloop
  endfacet
  facet normal 0 -1 -0
    outer loop
      vertex -10.5311 -22 28.75
      vertex -36.2 -22 -84
      vertex -10.2767 -22 28.3693
    endloop
  endfacet
  facet normal 0 -1 -0
    outer loop
      vertex -10.7336 -22 29.1606
      vertex -36.2 -22 -84
      vertex -10.5311 -22 28.75
    endloop
  endfacet
  facet normal 0 -1 -0
    outer loop
      vertex -10.8807 -22 29.5941
      vertex -36.2 -22 -84
      vertex -10.7336 -22 29.1606
    endloop
  endfacet
  facet normal 0 -1 0
    outer loop
      vertex 32.2094 -22 92.0922
      vertex 36.2 -22 84
      vertex 33.2125 -22 91.2125
    endloop
  endfacet
  facet normal 0 -1 0
    outer loop
      vertex 33.2125 -22 91.2125
      vertex 36.2 -22 84
      vertex 34.0922 -22 90.2094
    endloop
  endfacet
  facet normal 0 -1 0
    outer loop
      vertex 34.8335 -22 89.1
      vertex 36.2 -22 84
      vertex 35.4236 -22 87.9034
    endloop
  endfacet
  facet normal 0 -1 0
    outer loop
      vertex 35.4236 -22 87.9034
      vertex 36.2 -22 84
      vertex 35.8524 -22 86.64
    endloop
  endfacet
  facet normal 0 -1 0
    outer loop
      vertex 35.8524 -22 86.64
      vertex 36.2 -22 84
      vertex 36.1127 -22 85.3314
    endloop
  endfacet
  facet normal 0 -1 0
    outer loop
      vertex 34.0922 -22 90.2094
      vertex 36.2 -22 84
      vertex 34.8335 -22 89.1
    endloop
  endfacet
  facet normal 0 -1 0
    outer loop
      vertex 27.3314 -22 94.1127
      vertex 36.2 -22 84
      vertex 28.64 -22 93.8524
    endloop
  endfacet
  facet normal 0 -1 0
    outer loop
      vertex 10.2767 -22 67.6307
      vertex 36.2 -22 84
      vertex 9.97487 -22 67.9749
    endloop
  endfacet
  facet normal 0 -1 0
    outer loop
      vertex 10.5311 -22 67.25
      vertex 36.2 -22 84
      vertex 10.2767 -22 67.6307
    endloop
  endfacet
  facet normal 0 -1 0
    outer loop
      vertex 10.7336 -22 66.8394
      vertex 36.2 -22 84
      vertex 10.5311 -22 67.25
    endloop
  endfacet
  facet normal 0 -1 0
    outer loop
      vertex 10.8807 -22 66.4059
      vertex 36.2 -22 84
      vertex 10.7336 -22 66.8394
    endloop
  endfacet
  facet normal 0 -1 0
    outer loop
      vertex 10.9701 -22 65.9568
      vertex 36.2 -22 84
      vertex 10.8807 -22 66.4059
    endloop
  endfacet
  facet normal 0 -1 0
    outer loop
      vertex 11 -22 65.5
      vertex 36.2 -22 84
      vertex 10.9701 -22 65.9568
    endloop
  endfacet
  facet normal 0 -1 0
    outer loop
      vertex 11 -22 30.5
      vertex 36.2 -22 84
      vertex 11 -22 65.5
    endloop
  endfacet
  facet normal 0 -1 0
    outer loop
      vertex 10.9701 -22 30.0432
      vertex 36.2 -22 84
      vertex 11 -22 30.5
    endloop
  endfacet
  facet normal 0 -1 0
    outer loop
      vertex 10.8807 -22 29.5941
      vertex 36.2 -22 84
      vertex 10.9701 -22 30.0432
    endloop
  endfacet
  facet normal 0 -1 0
    outer loop
      vertex 36.2 -22 -84
      vertex 10.8807 -22 29.5941
      vertex 10.7336 -22 29.1606
    endloop
  endfacet
  facet normal 0 -1 0
    outer loop
      vertex 36.2 -22 -84
      vertex 7.5 -22 27
      vertex -36.2 -22 -84
    endloop
  endfacet
  facet normal 0 -1 0
    outer loop
      vertex 7.5 -22 27
      vertex 36.2 -22 -84
      vertex 7.95685 -22 27.0299
    endloop
  endfacet
  facet normal 0 -1 0
    outer loop
      vertex 7.95685 -22 27.0299
      vertex 36.2 -22 -84
      vertex 8.40587 -22 27.1193
    endloop
  endfacet
  facet normal 0 -1 0
    outer loop
      vertex 8.40587 -22 27.1193
      vertex 36.2 -22 -84
      vertex 8.83939 -22 27.2664
    endloop
  endfacet
  facet normal 0 -1 0
    outer loop
      vertex 8.83939 -22 27.2664
      vertex 36.2 -22 -84
      vertex 9.25 -22 27.4689
    endloop
  endfacet
  facet normal 0 -1 0
    outer loop
      vertex 9.25 -22 27.4689
      vertex 36.2 -22 -84
      vertex 9.63066 -22 27.7233
    endloop
  endfacet
  facet normal 0 -1 0
    outer loop
      vertex 9.63066 -22 27.7233
      vertex 36.2 -22 -84
      vertex 9.97487 -22 28.0251
    endloop
  endfacet
  facet normal 0 -1 0
    outer loop
      vertex 9.97487 -22 28.0251
      vertex 36.2 -22 -84
      vertex 10.2767 -22 28.3693
    endloop
  endfacet
  facet normal 0 -1 0
    outer loop
      vertex 10.2767 -22 28.3693
      vertex 36.2 -22 -84
      vertex 10.5311 -22 28.75
    endloop
  endfacet
  facet normal 0 -1 0
    outer loop
      vertex 10.5311 -22 28.75
      vertex 36.2 -22 -84
      vertex 10.7336 -22 29.1606
    endloop
  endfacet
  facet normal 0 -1 0
    outer loop
      vertex 10.8807 -22 29.5941
      vertex 36.2 -22 -84
      vertex 36.2 -22 84
    endloop
  endfacet
  facet normal 0 -1 0
    outer loop
      vertex -26 -22 -94.2
      vertex -36.2 -22 -84
      vertex -36.1127 -22 -85.3314
    endloop
  endfacet
  facet normal 0 -1 0
    outer loop
      vertex -36.2 -22 -84
      vertex -26 -22 -94.2
      vertex 36.2 -22 -84
    endloop
  endfacet
  facet normal 0 -1 0
    outer loop
      vertex -26 -22 -94.2
      vertex -36.1127 -22 -85.3314
      vertex -35.8524 -22 -86.64
    endloop
  endfacet
  facet normal 0 -1 0
    outer loop
      vertex 26 -22 -94.2
      vertex 36.2 -22 -84
      vertex -26 -22 -94.2
    endloop
  endfacet
  facet normal 0 -1 0
    outer loop
      vertex -26 -22 -94.2
      vertex -35.8524 -22 -86.64
      vertex -35.4236 -22 -87.9034
    endloop
  endfacet
  facet normal 0 -1 0
    outer loop
      vertex 36.2 -22 -84
      vertex 26 -22 -94.2
      vertex 36.1127 -22 -85.3314
    endloop
  endfacet
  facet normal 0 -1 0
    outer loop
      vertex -26 -22 -94.2
      vertex -35.4236 -22 -87.9034
      vertex -34.8335 -22 -89.1
    endloop
  endfacet
  facet normal 0 -1 0
    outer loop
      vertex 36.1127 -22 -85.3314
      vertex 26 -22 -94.2
      vertex 35.8524 -22 -86.64
    endloop
  endfacet
  facet normal 0 -1 0
    outer loop
      vertex -26 -22 -94.2
      vertex -34.8335 -22 -89.1
      vertex -34.0922 -22 -90.2094
    endloop
  endfacet
  facet normal 0 -1 0
    outer loop
      vertex 35.8524 -22 -86.64
      vertex 26 -22 -94.2
      vertex 35.4236 -22 -87.9034
    endloop
  endfacet
  facet normal 0 -1 0
    outer loop
      vertex -26 -22 -94.2
      vertex -34.0922 -22 -90.2094
      vertex -33.2125 -22 -91.2125
    endloop
  endfacet
  facet normal 0 -1 0
    outer loop
      vertex 35.4236 -22 -87.9034
      vertex 26 -22 -94.2
      vertex 34.8335 -22 -89.1
    endloop
  endfacet
  facet normal 0 -1 0
    outer loop
      vertex -26 -22 -94.2
      vertex -33.2125 -22 -91.2125
      vertex -32.2094 -22 -92.0922
    endloop
  endfacet
  facet normal 0 -1 0
    outer loop
      vertex 34.8335 -22 -89.1
      vertex 26 -22 -94.2
      vertex 34.0922 -22 -90.2094
    endloop
  endfacet
  facet normal 0 -1 0
    outer loop
      vertex -26 -22 -94.2
      vertex -32.2094 -22 -92.0922
      vertex -31.1 -22 -92.8335
    endloop
  endfacet
  facet normal 0 -1 0
    outer loop
      vertex 34.0922 -22 -90.2094
      vertex 26 -22 -94.2
      vertex 33.2125 -22 -91.2125
    endloop
  endfacet
  facet normal 0 -1 0
    outer loop
      vertex -26 -22 -94.2
      vertex -31.1 -22 -92.8335
      vertex -29.9034 -22 -93.4236
    endloop
  endfacet
  facet normal 0 -1 0
    outer loop
      vertex 33.2125 -22 -91.2125
      vertex 26 -22 -94.2
      vertex 32.2094 -22 -92.0922
    endloop
  endfacet
  facet normal 0 -1 0
    outer loop
      vertex -26 -22 -94.2
      vertex -29.9034 -22 -93.4236
      vertex -28.64 -22 -93.8524
    endloop
  endfacet
  facet normal 0 -1 0
    outer loop
      vertex 32.2094 -22 -92.0922
      vertex 26 -22 -94.2
      vertex 31.1 -22 -92.8335
    endloop
  endfacet
  facet normal 0 -1 0
    outer loop
      vertex -26 -22 -94.2
      vertex -28.64 -22 -93.8524
      vertex -27.3314 -22 -94.1127
    endloop
  endfacet
  facet normal 0 -1 0
    outer loop
      vertex 31.1 -22 -92.8335
      vertex 26 -22 -94.2
      vertex 29.9034 -22 -93.4236
    endloop
  endfacet
  facet normal 0 -1 0
    outer loop
      vertex 29.9034 -22 -93.4236
      vertex 26 -22 -94.2
      vertex 28.64 -22 -93.8524
    endloop
  endfacet
  facet normal 0 -1 0
    outer loop
      vertex 28.64 -22 -93.8524
      vertex 26 -22 -94.2
      vertex 27.3314 -22 -94.1127
    endloop
  endfacet
  facet normal -0.831472 0 0.555566
    outer loop
      vertex -35.5263 -19.6 89.5
      vertex -34.7269 0 90.6964
      vertex -35.5263 0 89.5
    endloop
  endfacet
  facet normal -0.831472 0 0.555566
    outer loop
      vertex -34.7269 0 90.6964
      vertex -35.5263 -19.6 89.5
      vertex -34.7269 -19.6 90.6964
    endloop
  endfacet
  facet normal -0.195087 0 0.980786
    outer loop
      vertex -28.847 0 94.6252
      vertex -27.4358 -19.6 94.9059
      vertex -27.4358 0 94.9059
    endloop
  endfacet
  facet normal -0.195087 0 0.980786
    outer loop
      vertex -27.4358 -19.6 94.9059
      vertex -28.847 0 94.6252
      vertex -28.847 -19.6 94.6252
    endloop
  endfacet
  facet normal 0.185114 -0.315635 0.930649
    outer loop
      vertex 28.847 -19.6 94.6252
      vertex 27.4358 -19.6 94.9059
      vertex 28.64 -22 93.8524
    endloop
  endfacet
  facet normal -0.713408 -0.315621 0.625646
    outer loop
      vertex -33.2125 -22 91.2125
      vertex -34.7269 -19.6 90.6964
      vertex -34.0922 -22 90.2094
    endloop
  endfacet
  facet normal -0.898526 -0.315632 0.305004
    outer loop
      vertex -36.1627 -19.6 88.2095
      vertex -36.6252 -19.6 86.847
      vertex -35.8524 -22 86.64
    endloop
  endfacet
  facet normal -0.946931 0 0.321435
    outer loop
      vertex -36.6252 -19.6 86.847
      vertex -36.1627 0 88.2095
      vertex -36.6252 0 86.847
    endloop
  endfacet
  facet normal -0.946931 0 0.321435
    outer loop
      vertex -36.1627 0 88.2095
      vertex -36.6252 -19.6 86.847
      vertex -36.1627 -19.6 88.2095
    endloop
  endfacet
  facet normal 0.419684 -0.31561 0.851032
    outer loop
      vertex 30.2095 -19.6 94.1627
      vertex 29.9034 -22 93.4236
      vertex 31.1 -22 92.8335
    endloop
  endfacet
  facet normal 0.442286 0 -0.896874
    outer loop
      vertex 30.2095 -19.6 -94.1627
      vertex 31.5 0 -93.5263
      vertex 31.5 -19.6 -93.5263
    endloop
  endfacet
  facet normal 0.442286 0 -0.896874
    outer loop
      vertex 31.5 0 -93.5263
      vertex 30.2095 -19.6 -94.1627
      vertex 30.2095 0 -94.1627
    endloop
  endfacet
  facet normal -0.946848 -0.315634 -0.0620849
    outer loop
      vertex -36.2 -22 -84
      vertex -36.9059 -19.6 -85.4358
      vertex -36.1127 -22 -85.3314
    endloop
  endfacet
  facet normal 0.713408 -0.315621 0.625646
    outer loop
      vertex 34.7269 -19.6 90.6964
      vertex 33.2125 -22 91.2125
      vertex 34.0922 -22 90.2094
    endloop
  endfacet
  facet normal 0.41968 -0.315612 0.851033
    outer loop
      vertex 31.5 -19.6 93.5263
      vertex 30.2095 -19.6 94.1627
      vertex 31.1 -22 92.8335
    endloop
  endfacet
  facet normal 0.898546 -0.315611 0.304968
    outer loop
      vertex 36.1627 -19.6 88.2095
      vertex 35.4236 -22 87.9034
      vertex 35.8524 -22 86.64
    endloop
  endfacet
  facet normal 0.527183 -0.315622 0.788962
    outer loop
      vertex 32.6964 -19.6 92.7269
      vertex 31.1 -22 92.8335
      vertex 32.2094 -22 92.0922
    endloop
  endfacet
  facet normal -0.419684 -0.31561 0.851032
    outer loop
      vertex -30.2095 -19.6 94.1627
      vertex -31.1 -22 92.8335
      vertex -29.9034 -22 93.4236
    endloop
  endfacet
  facet normal -0.321435 0 0.946931
    outer loop
      vertex -30.2095 0 94.1627
      vertex -28.847 -19.6 94.6252
      vertex -28.847 0 94.6252
    endloop
  endfacet
  facet normal -0.321435 0 0.946931
    outer loop
      vertex -28.847 -19.6 94.6252
      vertex -30.2095 0 94.1627
      vertex -30.2095 -19.6 94.1627
    endloop
  endfacet
  facet normal 0.625638 -0.315625 -0.713413
    outer loop
      vertex 33.2125 -22 -91.2125
      vertex 32.6964 -19.6 -92.7269
      vertex 33.7782 -19.6 -91.7782
    endloop
  endfacet
  facet normal 0.659341 0 -0.751844
    outer loop
      vertex 32.6964 -19.6 -92.7269
      vertex 33.7782 0 -91.7782
      vertex 33.7782 -19.6 -91.7782
    endloop
  endfacet
  facet normal 0.659341 0 -0.751844
    outer loop
      vertex 33.7782 0 -91.7782
      vertex 32.6964 -19.6 -92.7269
      vertex 32.6964 0 -92.7269
    endloop
  endfacet
  facet normal 0.0620849 -0.315634 0.946848
    outer loop
      vertex 27.4358 -19.6 94.9059
      vertex 26 -22 94.2
      vertex 27.3314 -22 94.1127
    endloop
  endfacet
  facet normal -0.930649 -0.315632 -0.18512
    outer loop
      vertex -36.1127 -22 -85.3314
      vertex -36.9059 -19.6 -85.4358
      vertex -35.8524 -22 -86.64
    endloop
  endfacet
  facet normal -0.946936 0 -0.321423
    outer loop
      vertex 34.307 -17.2 86.2258
      vertex 33.9454 0 87.2911
      vertex 34.307 0 86.2258
    endloop
  endfacet
  facet normal -0.946936 -0 -0.321423
    outer loop
      vertex 33.9454 0 87.2911
      vertex 34.307 -17.2 86.2258
      vertex 33.9454 -17.2 87.2911
    endloop
  endfacet
  facet normal 0.89853 0.315632 0.304992
    outer loop
      vertex -33.5342 -19.6 -86.0188
      vertex -33.9454 -17.2 -87.2911
      vertex -34.307 -17.2 -86.2258
    endloop
  endfacet
  facet normal -0.831475 0 0.555561
    outer loop
      vertex 32.8228 -17.2 -89.2354
      vertex 33.4478 0 -88.3
      vertex 32.8228 0 -89.2354
    endloop
  endfacet
  facet normal -0.831475 0 0.555561
    outer loop
      vertex 33.4478 0 -88.3
      vertex 32.8228 -17.2 -89.2354
      vertex 33.4478 -17.2 -88.3
    endloop
  endfacet
  facet normal 0.898541 0.315622 0.30497
    outer loop
      vertex -33.5342 -19.6 -86.0188
      vertex -33.2063 -19.6 -86.9849
      vertex -33.9454 -17.2 -87.2911
    endloop
  endfacet
  facet normal -0.30497 0.315622 0.898541
    outer loop
      vertex 28.9849 -19.6 -91.2063
      vertex 29.2911 -17.2 -91.9454
      vertex 28.0188 -19.6 -91.5342
    endloop
  endfacet
  facet normal 0.930658 0.315634 -0.185069
    outer loop
      vertex -34.307 -17.2 86.2258
      vertex -33.5342 -19.6 86.0188
      vertex -34.5264 -17.2 85.1225
    endloop
  endfacet
  facet normal 0.85101 0.315613 0.419727
    outer loop
      vertex -32.755 -19.6 -87.9
      vertex -33.4478 -17.2 -88.3
      vertex -33.9454 -17.2 -87.2911
    endloop
  endfacet
  facet normal -0.980795 0 0.195039
    outer loop
      vertex 34.307 -17.2 -86.2258
      vertex 34.5264 0 -85.1225
      vertex 34.307 0 -86.2258
    endloop
  endfacet
  facet normal -0.980795 0 0.195039
    outer loop
      vertex 34.5264 0 -85.1225
      vertex 34.307 -17.2 -86.2258
      vertex 34.5264 -17.2 -85.1225
    endloop
  endfacet
  facet normal -1 0 0
    outer loop
      vertex 34.6 -17.2 -84
      vertex 34.6 0 84
      vertex 34.6 0 -84
    endloop
  endfacet
  facet normal -1 -0 0
    outer loop
      vertex 34.6 0 84
      vertex 34.6 -17.2 -84
      vertex 34.6 -17.2 84
    endloop
  endfacet
  facet normal -0.898541 0.315622 -0.30497
    outer loop
      vertex 33.9454 -17.2 87.2911
      vertex 33.5342 -19.6 86.0188
      vertex 33.2063 -19.6 86.9849
    endloop
  endfacet
  facet normal -0.788979 0.315611 -0.527164
    outer loop
      vertex 32.8228 -17.2 89.2354
      vertex 32.755 -19.6 87.9
      vertex 32.1882 -19.6 88.7483
    endloop
  endfacet
  facet normal -0.997857 0 -0.0654274
    outer loop
      vertex 34.6 -17.2 84
      vertex 34.5264 0 85.1225
      vertex 34.6 0 84
    endloop
  endfacet
  facet normal -0.997857 -0 -0.0654274
    outer loop
      vertex 34.5264 0 85.1225
      vertex 34.6 -17.2 84
      vertex 34.5264 -17.2 85.1225
    endloop
  endfacet
  facet normal -0.419698 0.315625 0.85102
    outer loop
      vertex 29.9 -19.6 -90.755
      vertex 29.2911 -17.2 -91.9454
      vertex 28.9849 -19.6 -91.2063
    endloop
  endfacet
  facet normal 0.185069 0.315634 0.930658
    outer loop
      vertex -28.0188 -19.6 -91.5342
      vertex -27.1225 -17.2 -92.5264
      vertex -28.2258 -17.2 -92.307
    endloop
  endfacet
  facet normal -0.527166 0.315612 -0.788977
    outer loop
      vertex 30.3 -17.2 91.4478
      vertex 31.2354 -17.2 90.8228
      vertex 29.9 -19.6 90.755
    endloop
  endfacet
  facet normal 0.85102 0.315625 0.419698
    outer loop
      vertex -33.2063 -19.6 -86.9849
      vertex -32.755 -19.6 -87.9
      vertex -33.9454 -17.2 -87.2911
    endloop
  endfacet
  facet normal -0.304992 0.315632 -0.89853
    outer loop
      vertex 28.2258 -17.2 92.307
      vertex 29.2911 -17.2 91.9454
      vertex 28.0188 -19.6 91.5342
    endloop
  endfacet
  facet normal -0.980795 0 -0.195039
    outer loop
      vertex 34.5264 -17.2 85.1225
      vertex 34.307 0 86.2258
      vertex 34.5264 0 85.1225
    endloop
  endfacet
  facet normal -0.980795 -0 -0.195039
    outer loop
      vertex 34.307 0 86.2258
      vertex 34.5264 -17.2 85.1225
      vertex 34.307 -17.2 86.2258
    endloop
  endfacet
  facet normal 0.0620836 0.315598 -0.94686
    outer loop
      vertex -26 -17.2 92.6
      vertex -27.0181 -19.6 91.7333
      vertex -27.1225 -17.2 92.5264
    endloop
  endfacet
  facet normal 0.997857 -0 0.0654274
    outer loop
      vertex -34.6 -17.2 -84
      vertex -34.5264 0 -85.1225
      vertex -34.6 0 -84
    endloop
  endfacet
  facet normal 0.997857 0 0.0654274
    outer loop
      vertex -34.5264 0 -85.1225
      vertex -34.6 -17.2 -84
      vertex -34.5264 -17.2 -85.1225
    endloop
  endfacet
  facet normal -0.659366 0 -0.751822
    outer loop
      vertex 31.2354 -17.2 90.8228
      vertex 32.0811 0 90.0811
      vertex 32.0811 -17.2 90.0811
    endloop
  endfacet
  facet normal -0.659366 0 -0.751822
    outer loop
      vertex 32.0811 0 90.0811
      vertex 31.2354 -17.2 90.8228
      vertex 31.2354 0 90.8228
    endloop
  endfacet
  facet normal -0.930652 0.315596 0.185163
    outer loop
      vertex 33.7333 -19.6 -85.0181
      vertex 34.5264 -17.2 -85.1225
      vertex 33.5342 -19.6 -86.0188
    endloop
  endfacet
  facet normal 0.185163 0.315596 0.930652
    outer loop
      vertex -27.0181 -19.6 -91.7333
      vertex -27.1225 -17.2 -92.5264
      vertex -28.0188 -19.6 -91.5342
    endloop
  endfacet
  facet normal -0.997857 0 0.0654274
    outer loop
      vertex 34.5264 -17.2 -85.1225
      vertex 34.6 0 -84
      vertex 34.5264 0 -85.1225
    endloop
  endfacet
  facet normal -0.997857 0 0.0654274
    outer loop
      vertex 34.6 0 -84
      vertex 34.5264 -17.2 -85.1225
      vertex 34.6 -17.2 -84
    endloop
  endfacet
  facet normal 0.713391 0.315626 0.625662
    outer loop
      vertex -31.5154 -19.6 -89.5154
      vertex -32.0811 -17.2 -90.0811
      vertex -32.8228 -17.2 -89.2354
    endloop
  endfacet
  facet normal -0.321423 0 0.946936
    outer loop
      vertex 28.2258 0 -92.307
      vertex 29.2911 -17.2 -91.9454
      vertex 29.2911 0 -91.9454
    endloop
  endfacet
  facet normal -0.321423 0 0.946936
    outer loop
      vertex 29.2911 -17.2 -91.9454
      vertex 28.2258 0 -92.307
      vertex 28.2258 -17.2 -92.307
    endloop
  endfacet
  facet normal -0.85102 0.315625 -0.419698
    outer loop
      vertex 33.9454 -17.2 87.2911
      vertex 33.2063 -19.6 86.9849
      vertex 32.755 -19.6 87.9
    endloop
  endfacet
  facet normal -0.94686 0.315598 0.0620836
    outer loop
      vertex 34.6 -17.2 -84
      vertex 34.5264 -17.2 -85.1225
      vertex 33.7333 -19.6 -85.0181
    endloop
  endfacet
  facet normal 0.980795 -0 0.195039
    outer loop
      vertex -34.5264 -17.2 -85.1225
      vertex -34.307 0 -86.2258
      vertex -34.5264 0 -85.1225
    endloop
  endfacet
  facet normal 0.980795 0 0.195039
    outer loop
      vertex -34.307 0 -86.2258
      vertex -34.5264 -17.2 -85.1225
      vertex -34.307 -17.2 -86.2258
    endloop
  endfacet
  facet normal -0.948683 0.316228 0
    outer loop
      vertex 33.8 -19.6 -84
      vertex 34.6 -17.2 84
      vertex 34.6 -17.2 -84
    endloop
  endfacet
  facet normal -0.948683 0.316228 0
    outer loop
      vertex 34.6 -17.2 84
      vertex 33.8 -19.6 -84
      vertex 33.8 -19.6 84
    endloop
  endfacet
  facet normal -0.419698 0.315625 -0.85102
    outer loop
      vertex 29.2911 -17.2 91.9454
      vertex 29.9 -19.6 90.755
      vertex 28.9849 -19.6 91.2063
    endloop
  endfacet
  facet normal -0.0620325 0.315619 0.946856
    outer loop
      vertex 27.0181 -19.6 -91.7333
      vertex 26 -17.2 -92.6
      vertex 26 -19.6 -91.8
    endloop
  endfacet
  facet normal -0.946856 0.315619 -0.0620325
    outer loop
      vertex 34.6 -17.2 84
      vertex 33.8 -19.6 84
      vertex 33.7333 -19.6 85.0181
    endloop
  endfacet
  facet normal -0.946856 0.315619 0.0620325
    outer loop
      vertex 33.8 -19.6 -84
      vertex 34.6 -17.2 -84
      vertex 33.7333 -19.6 -85.0181
    endloop
  endfacet
  facet normal 0.713378 0.315616 0.625682
    outer loop
      vertex -32.1882 -19.6 -88.7483
      vertex -31.5154 -19.6 -89.5154
      vertex -32.8228 -17.2 -89.2354
    endloop
  endfacet
  facet normal -0.527164 0.315611 0.788979
    outer loop
      vertex 30.7483 -19.6 -90.1882
      vertex 31.2354 -17.2 -90.8228
      vertex 29.9 -19.6 -90.755
    endloop
  endfacet
  facet normal -0.625682 0.315616 0.713378
    outer loop
      vertex 31.5154 -19.6 -89.5154
      vertex 31.2354 -17.2 -90.8228
      vertex 30.7483 -19.6 -90.1882
    endloop
  endfacet
  facet normal -0 0 1
    outer loop
      vertex -26 0 -92.6
      vertex 26 -17.2 -92.6
      vertex 26 0 -92.6
    endloop
  endfacet
  facet normal 0 0 1
    outer loop
      vertex 26 -17.2 -92.6
      vertex -26 0 -92.6
      vertex -26 -17.2 -92.6
    endloop
  endfacet
  facet normal -0.85102 0.315625 0.419698
    outer loop
      vertex 33.2063 -19.6 -86.9849
      vertex 33.9454 -17.2 -87.2911
      vertex 32.755 -19.6 -87.9
    endloop
  endfacet
  facet normal -0.930658 0.315634 0.185069
    outer loop
      vertex 34.5264 -17.2 -85.1225
      vertex 34.307 -17.2 -86.2258
      vertex 33.5342 -19.6 -86.0188
    endloop
  endfacet
  facet normal -0.85101 0.315613 0.419727
    outer loop
      vertex 33.9454 -17.2 -87.2911
      vertex 33.4478 -17.2 -88.3
      vertex 32.755 -19.6 -87.9
    endloop
  endfacet
  facet normal 0.94686 0.315598 0.0620836
    outer loop
      vertex -33.7333 -19.6 -85.0181
      vertex -34.5264 -17.2 -85.1225
      vertex -34.6 -17.2 -84
    endloop
  endfacet
  facet normal 0.304992 0.315632 0.89853
    outer loop
      vertex -28.0188 -19.6 -91.5342
      vertex -28.2258 -17.2 -92.307
      vertex -29.2911 -17.2 -91.9454
    endloop
  endfacet
  facet normal 0 0.316228 -0.948683
    outer loop
      vertex -26 -19.6 91.8
      vertex 26 -17.2 92.6
      vertex 26 -19.6 91.8
    endloop
  endfacet
  facet normal 0 0.316228 -0.948683
    outer loop
      vertex 26 -17.2 92.6
      vertex -26 -19.6 91.8
      vertex -26 -17.2 92.6
    endloop
  endfacet
  facet normal 0.946936 0 -0.321423
    outer loop
      vertex -33.9454 -17.2 87.2911
      vertex -34.307 0 86.2258
      vertex -33.9454 0 87.2911
    endloop
  endfacet
  facet normal 0.946936 0 -0.321423
    outer loop
      vertex -34.307 0 86.2258
      vertex -33.9454 -17.2 87.2911
      vertex -34.307 -17.2 86.2258
    endloop
  endfacet
  facet normal -0.788979 0.315611 0.527164
    outer loop
      vertex 32.755 -19.6 -87.9
      vertex 32.8228 -17.2 -89.2354
      vertex 32.1882 -19.6 -88.7483
    endloop
  endfacet
  facet normal -0.713391 0.315626 -0.625662
    outer loop
      vertex 32.0811 -17.2 90.0811
      vertex 32.8228 -17.2 89.2354
      vertex 31.5154 -19.6 89.5154
    endloop
  endfacet
  facet normal 0.946856 0.315619 0.0620325
    outer loop
      vertex -33.8 -19.6 -84
      vertex -33.7333 -19.6 -85.0181
      vertex -34.6 -17.2 -84
    endloop
  endfacet
  facet normal -0.788977 0.315612 0.527166
    outer loop
      vertex 33.4478 -17.2 -88.3
      vertex 32.8228 -17.2 -89.2354
      vertex 32.755 -19.6 -87.9
    endloop
  endfacet
  facet normal -0.89853 0.315632 0.304992
    outer loop
      vertex 34.307 -17.2 -86.2258
      vertex 33.9454 -17.2 -87.2911
      vertex 33.5342 -19.6 -86.0188
    endloop
  endfacet
  facet normal 0.948683 0.316228 0
    outer loop
      vertex -33.8 -19.6 84
      vertex -34.6 -17.2 -84
      vertex -34.6 -17.2 84
    endloop
  endfacet
  facet normal 0.948683 0.316228 0
    outer loop
      vertex -34.6 -17.2 -84
      vertex -33.8 -19.6 84
      vertex -33.8 -19.6 -84
    endloop
  endfacet
  facet normal 0.930658 0.315634 0.185069
    outer loop
      vertex -33.5342 -19.6 -86.0188
      vertex -34.307 -17.2 -86.2258
      vertex -34.5264 -17.2 -85.1225
    endloop
  endfacet
  facet normal 0.751822 -0 0.659366
    outer loop
      vertex -32.8228 -17.2 -89.2354
      vertex -32.0811 0 -90.0811
      vertex -32.8228 0 -89.2354
    endloop
  endfacet
  facet normal 0.751822 0 0.659366
    outer loop
      vertex -32.0811 0 -90.0811
      vertex -32.8228 -17.2 -89.2354
      vertex -32.0811 -17.2 -90.0811
    endloop
  endfacet
  facet normal 0.419698 0.315625 0.85102
    outer loop
      vertex -28.9849 -19.6 -91.2063
      vertex -29.2911 -17.2 -91.9454
      vertex -29.9 -19.6 -90.755
    endloop
  endfacet
  facet normal -0 0.316228 0.948683
    outer loop
      vertex -26 -17.2 -92.6
      vertex 26 -19.6 -91.8
      vertex 26 -17.2 -92.6
    endloop
  endfacet
  facet normal 0 0.316228 0.948683
    outer loop
      vertex 26 -19.6 -91.8
      vertex -26 -17.2 -92.6
      vertex -26 -19.6 -91.8
    endloop
  endfacet
  facet normal 0.625662 0.315626 0.713391
    outer loop
      vertex -31.5154 -19.6 -89.5154
      vertex -31.2354 -17.2 -90.8228
      vertex -32.0811 -17.2 -90.0811
    endloop
  endfacet
  facet normal 0.442336 0 0.89685
    outer loop
      vertex -30.3 0 -91.4478
      vertex -29.2911 -17.2 -91.9454
      vertex -29.2911 0 -91.9454
    endloop
  endfacet
  facet normal 0.442336 0 0.89685
    outer loop
      vertex -29.2911 -17.2 -91.9454
      vertex -30.3 0 -91.4478
      vertex -30.3 -17.2 -91.4478
    endloop
  endfacet
  facet normal 0.185163 0.315596 -0.930652
    outer loop
      vertex -27.1225 -17.2 92.5264
      vertex -27.0181 -19.6 91.7333
      vertex -28.0188 -19.6 91.5342
    endloop
  endfacet
  facet normal 0.0620836 0.315598 0.94686
    outer loop
      vertex -27.0181 -19.6 -91.7333
      vertex -26 -17.2 -92.6
      vertex -27.1225 -17.2 -92.5264
    endloop
  endfacet
  facet normal -0.185069 0.315634 -0.930658
    outer loop
      vertex 28.2258 -17.2 92.307
      vertex 28.0188 -19.6 91.5342
      vertex 27.1225 -17.2 92.5264
    endloop
  endfacet
  facet normal -0.713378 0.315616 0.625682
    outer loop
      vertex 32.1882 -19.6 -88.7483
      vertex 32.8228 -17.2 -89.2354
      vertex 31.5154 -19.6 -89.5154
    endloop
  endfacet
  facet normal -0.713391 0.315626 0.625662
    outer loop
      vertex 32.8228 -17.2 -89.2354
      vertex 32.0811 -17.2 -90.0811
      vertex 31.5154 -19.6 -89.5154
    endloop
  endfacet
  facet normal -0.751822 0 0.659366
    outer loop
      vertex 32.0811 -17.2 -90.0811
      vertex 32.8228 0 -89.2354
      vertex 32.0811 0 -90.0811
    endloop
  endfacet
  facet normal -0.751822 0 0.659366
    outer loop
      vertex 32.8228 0 -89.2354
      vertex 32.0811 -17.2 -90.0811
      vertex 32.8228 -17.2 -89.2354
    endloop
  endfacet
  facet normal -0.659366 0 0.751822
    outer loop
      vertex 31.2354 0 -90.8228
      vertex 32.0811 -17.2 -90.0811
      vertex 32.0811 0 -90.0811
    endloop
  endfacet
  facet normal -0.659366 0 0.751822
    outer loop
      vertex 32.0811 -17.2 -90.0811
      vertex 31.2354 0 -90.8228
      vertex 31.2354 -17.2 -90.8228
    endloop
  endfacet
  facet normal 0.930652 0.315596 0.185163
    outer loop
      vertex -33.7333 -19.6 -85.0181
      vertex -33.5342 -19.6 -86.0188
      vertex -34.5264 -17.2 -85.1225
    endloop
  endfacet
  facet normal 0.946936 -0 0.321423
    outer loop
      vertex -34.307 -17.2 -86.2258
      vertex -33.9454 0 -87.2911
      vertex -34.307 0 -86.2258
    endloop
  endfacet
  facet normal 0.946936 0 0.321423
    outer loop
      vertex -33.9454 0 -87.2911
      vertex -34.307 -17.2 -86.2258
      vertex -33.9454 -17.2 -87.2911
    endloop
  endfacet
  facet normal -0.527166 0.315612 0.788977
    outer loop
      vertex 31.2354 -17.2 -90.8228
      vertex 30.3 -17.2 -91.4478
      vertex 29.9 -19.6 -90.755
    endloop
  endfacet
  facet normal -0.419727 0.315613 0.85101
    outer loop
      vertex 29.9 -19.6 -90.755
      vertex 30.3 -17.2 -91.4478
      vertex 29.2911 -17.2 -91.9454
    endloop
  endfacet
  facet normal -0.0654274 0 0.997857
    outer loop
      vertex 26 0 -92.6
      vertex 27.1225 -17.2 -92.5264
      vertex 27.1225 0 -92.5264
    endloop
  endfacet
  facet normal -0.0654274 0 0.997857
    outer loop
      vertex 27.1225 -17.2 -92.5264
      vertex 26 0 -92.6
      vertex 26 -17.2 -92.6
    endloop
  endfacet
  facet normal -0.304992 0.315632 0.89853
    outer loop
      vertex 29.2911 -17.2 -91.9454
      vertex 28.2258 -17.2 -92.307
      vertex 28.0188 -19.6 -91.5342
    endloop
  endfacet
  facet normal -0.555561 0 0.831475
    outer loop
      vertex 30.3 0 -91.4478
      vertex 31.2354 -17.2 -90.8228
      vertex 31.2354 0 -90.8228
    endloop
  endfacet
  facet normal -0.555561 0 0.831475
    outer loop
      vertex 31.2354 -17.2 -90.8228
      vertex 30.3 0 -91.4478
      vertex 30.3 -17.2 -91.4478
    endloop
  endfacet
  facet normal 0.555561 0 -0.831475
    outer loop
      vertex -31.2354 -17.2 90.8228
      vertex -30.3 0 91.4478
      vertex -30.3 -17.2 91.4478
    endloop
  endfacet
  facet normal 0.555561 0 -0.831475
    outer loop
      vertex -30.3 0 91.4478
      vertex -31.2354 -17.2 90.8228
      vertex -31.2354 0 90.8228
    endloop
  endfacet
  facet normal -0.0620325 0.315619 -0.946856
    outer loop
      vertex 26 -17.2 92.6
      vertex 27.0181 -19.6 91.7333
      vertex 26 -19.6 91.8
    endloop
  endfacet
  facet normal 0.831475 0 -0.555561
    outer loop
      vertex -32.8228 -17.2 89.2354
      vertex -33.4478 0 88.3
      vertex -32.8228 0 89.2354
    endloop
  endfacet
  facet normal 0.831475 0 -0.555561
    outer loop
      vertex -33.4478 0 88.3
      vertex -32.8228 -17.2 89.2354
      vertex -33.4478 -17.2 88.3
    endloop
  endfacet
  facet normal 0.527164 0.315611 -0.788979
    outer loop
      vertex -29.9 -19.6 90.755
      vertex -30.7483 -19.6 90.1882
      vertex -31.2354 -17.2 90.8228
    endloop
  endfacet
  facet normal -0.89685 0 -0.442336
    outer loop
      vertex 33.9454 -17.2 87.2911
      vertex 33.4478 0 88.3
      vertex 33.9454 0 87.2911
    endloop
  endfacet
  facet normal -0.89685 -0 -0.442336
    outer loop
      vertex 33.4478 0 88.3
      vertex 33.9454 -17.2 87.2911
      vertex 33.4478 -17.2 88.3
    endloop
  endfacet
  facet normal -0.89853 0.315632 -0.304992
    outer loop
      vertex 33.9454 -17.2 87.2911
      vertex 34.307 -17.2 86.2258
      vertex 33.5342 -19.6 86.0188
    endloop
  endfacet
  facet normal -0.185163 0.315596 -0.930652
    outer loop
      vertex 27.1225 -17.2 92.5264
      vertex 28.0188 -19.6 91.5342
      vertex 27.0181 -19.6 91.7333
    endloop
  endfacet
  facet normal 0.0620325 0.315619 0.946856
    outer loop
      vertex -26 -19.6 -91.8
      vertex -26 -17.2 -92.6
      vertex -27.0181 -19.6 -91.7333
    endloop
  endfacet
  facet normal 0.419727 0.315613 0.85101
    outer loop
      vertex -29.9 -19.6 -90.755
      vertex -29.2911 -17.2 -91.9454
      vertex -30.3 -17.2 -91.4478
    endloop
  endfacet
  facet normal 0.304992 0.315632 -0.89853
    outer loop
      vertex -28.2258 -17.2 92.307
      vertex -28.0188 -19.6 91.5342
      vertex -29.2911 -17.2 91.9454
    endloop
  endfacet
  facet normal 0.997857 0 -0.0654274
    outer loop
      vertex -34.5264 -17.2 85.1225
      vertex -34.6 0 84
      vertex -34.5264 0 85.1225
    endloop
  endfacet
  facet normal 0.997857 0 -0.0654274
    outer loop
      vertex -34.6 0 84
      vertex -34.5264 -17.2 85.1225
      vertex -34.6 -17.2 84
    endloop
  endfacet
  facet normal 0.713391 0.315626 -0.625662
    outer loop
      vertex -32.0811 -17.2 90.0811
      vertex -31.5154 -19.6 89.5154
      vertex -32.8228 -17.2 89.2354
    endloop
  endfacet
  facet normal 1 -0 0
    outer loop
      vertex -34.6 -17.2 84
      vertex -34.6 0 -84
      vertex -34.6 0 84
    endloop
  endfacet
  facet normal 1 0 0
    outer loop
      vertex -34.6 0 -84
      vertex -34.6 -17.2 84
      vertex -34.6 -17.2 -84
    endloop
  endfacet
  facet normal 0.419727 0.315613 -0.85101
    outer loop
      vertex -29.2911 -17.2 91.9454
      vertex -29.9 -19.6 90.755
      vertex -30.3 -17.2 91.4478
    endloop
  endfacet
  facet normal 0.94686 0.315598 -0.0620836
    outer loop
      vertex -34.5264 -17.2 85.1225
      vertex -33.7333 -19.6 85.0181
      vertex -34.6 -17.2 84
    endloop
  endfacet
  facet normal 0.831475 -0 0.555561
    outer loop
      vertex -33.4478 -17.2 -88.3
      vertex -32.8228 0 -89.2354
      vertex -33.4478 0 -88.3
    endloop
  endfacet
  facet normal 0.831475 0 0.555561
    outer loop
      vertex -32.8228 0 -89.2354
      vertex -33.4478 -17.2 -88.3
      vertex -32.8228 -17.2 -89.2354
    endloop
  endfacet
  facet normal 0.946856 0.315619 -0.0620325
    outer loop
      vertex -33.7333 -19.6 85.0181
      vertex -33.8 -19.6 84
      vertex -34.6 -17.2 84
    endloop
  endfacet
  facet normal 0.0654274 0 0.997857
    outer loop
      vertex -27.1225 0 -92.5264
      vertex -26 -17.2 -92.6
      vertex -26 0 -92.6
    endloop
  endfacet
  facet normal 0.0654274 0 0.997857
    outer loop
      vertex -26 -17.2 -92.6
      vertex -27.1225 0 -92.5264
      vertex -27.1225 -17.2 -92.5264
    endloop
  endfacet
  facet normal 0.321423 0 0.946936
    outer loop
      vertex -29.2911 0 -91.9454
      vertex -28.2258 -17.2 -92.307
      vertex -28.2258 0 -92.307
    endloop
  endfacet
  facet normal 0.321423 0 0.946936
    outer loop
      vertex -28.2258 -17.2 -92.307
      vertex -29.2911 0 -91.9454
      vertex -29.2911 -17.2 -91.9454
    endloop
  endfacet
  facet normal 0.195039 0 0.980795
    outer loop
      vertex -28.2258 0 -92.307
      vertex -27.1225 -17.2 -92.5264
      vertex -27.1225 0 -92.5264
    endloop
  endfacet
  facet normal 0.195039 0 0.980795
    outer loop
      vertex -27.1225 -17.2 -92.5264
      vertex -28.2258 0 -92.307
      vertex -28.2258 -17.2 -92.307
    endloop
  endfacet
  facet normal -0.185163 0.315596 0.930652
    outer loop
      vertex 28.0188 -19.6 -91.5342
      vertex 27.1225 -17.2 -92.5264
      vertex 27.0181 -19.6 -91.7333
    endloop
  endfacet
  facet normal -0.0620836 0.315598 0.94686
    outer loop
      vertex 27.0181 -19.6 -91.7333
      vertex 27.1225 -17.2 -92.5264
      vertex 26 -17.2 -92.6
    endloop
  endfacet
  facet normal -0.625662 0.315626 0.713391
    outer loop
      vertex 31.5154 -19.6 -89.5154
      vertex 32.0811 -17.2 -90.0811
      vertex 31.2354 -17.2 -90.8228
    endloop
  endfacet
  facet normal -0.946936 0 0.321423
    outer loop
      vertex 33.9454 -17.2 -87.2911
      vertex 34.307 0 -86.2258
      vertex 33.9454 0 -87.2911
    endloop
  endfacet
  facet normal -0.946936 0 0.321423
    outer loop
      vertex 34.307 0 -86.2258
      vertex 33.9454 -17.2 -87.2911
      vertex 34.307 -17.2 -86.2258
    endloop
  endfacet
  facet normal 0.89685 0 -0.442336
    outer loop
      vertex -33.4478 -17.2 88.3
      vertex -33.9454 0 87.2911
      vertex -33.4478 0 88.3
    endloop
  endfacet
  facet normal 0.89685 0 -0.442336
    outer loop
      vertex -33.9454 0 87.2911
      vertex -33.4478 -17.2 88.3
      vertex -33.9454 -17.2 87.2911
    endloop
  endfacet
  facet normal -0.89685 0 0.442336
    outer loop
      vertex 33.4478 -17.2 -88.3
      vertex 33.9454 0 -87.2911
      vertex 33.4478 0 -88.3
    endloop
  endfacet
  facet normal -0.89685 0 0.442336
    outer loop
      vertex 33.9454 0 -87.2911
      vertex 33.4478 -17.2 -88.3
      vertex 33.9454 -17.2 -87.2911
    endloop
  endfacet
  facet normal -0.713378 0.315616 -0.625682
    outer loop
      vertex 32.8228 -17.2 89.2354
      vertex 32.1882 -19.6 88.7483
      vertex 31.5154 -19.6 89.5154
    endloop
  endfacet
  facet normal 0.788979 0.315611 -0.527164
    outer loop
      vertex -32.1882 -19.6 88.7483
      vertex -32.755 -19.6 87.9
      vertex -32.8228 -17.2 89.2354
    endloop
  endfacet
  facet normal -0.442336 0 0.89685
    outer loop
      vertex 29.2911 0 -91.9454
      vertex 30.3 -17.2 -91.4478
      vertex 30.3 0 -91.4478
    endloop
  endfacet
  facet normal -0.442336 0 0.89685
    outer loop
      vertex 30.3 -17.2 -91.4478
      vertex 29.2911 0 -91.9454
      vertex 29.2911 -17.2 -91.9454
    endloop
  endfacet
  facet normal 0.419698 0.315625 -0.85102
    outer loop
      vertex -29.2911 -17.2 91.9454
      vertex -28.9849 -19.6 91.2063
      vertex -29.9 -19.6 90.755
    endloop
  endfacet
  facet normal -0.419727 0.315613 -0.85101
    outer loop
      vertex 30.3 -17.2 91.4478
      vertex 29.9 -19.6 90.755
      vertex 29.2911 -17.2 91.9454
    endloop
  endfacet
  facet normal -0.85101 0.315613 -0.419727
    outer loop
      vertex 33.4478 -17.2 88.3
      vertex 33.9454 -17.2 87.2911
      vertex 32.755 -19.6 87.9
    endloop
  endfacet
  facet normal -0.930658 0.315634 -0.185069
    outer loop
      vertex 34.307 -17.2 86.2258
      vertex 34.5264 -17.2 85.1225
      vertex 33.5342 -19.6 86.0188
    endloop
  endfacet
  facet normal -0.930652 0.315596 -0.185163
    outer loop
      vertex 34.5264 -17.2 85.1225
      vertex 33.7333 -19.6 85.0181
      vertex 33.5342 -19.6 86.0188
    endloop
  endfacet
  facet normal -0.94686 0.315598 -0.0620836
    outer loop
      vertex 34.5264 -17.2 85.1225
      vertex 34.6 -17.2 84
      vertex 33.7333 -19.6 85.0181
    endloop
  endfacet
  facet normal -0.0654274 0 -0.997857
    outer loop
      vertex 26 -17.2 92.6
      vertex 27.1225 0 92.5264
      vertex 27.1225 -17.2 92.5264
    endloop
  endfacet
  facet normal -0.0654274 0 -0.997857
    outer loop
      vertex 27.1225 0 92.5264
      vertex 26 -17.2 92.6
      vertex 26 0 92.6
    endloop
  endfacet
  facet normal 0.527166 0.315612 -0.788977
    outer loop
      vertex -30.3 -17.2 91.4478
      vertex -29.9 -19.6 90.755
      vertex -31.2354 -17.2 90.8228
    endloop
  endfacet
  facet normal 0.788977 0.315612 0.527166
    outer loop
      vertex -32.755 -19.6 -87.9
      vertex -32.8228 -17.2 -89.2354
      vertex -33.4478 -17.2 -88.3
    endloop
  endfacet
  facet normal 0 0 -1
    outer loop
      vertex -26 -17.2 92.6
      vertex 26 0 92.6
      vertex 26 -17.2 92.6
    endloop
  endfacet
  facet normal -0 0 -1
    outer loop
      vertex 26 0 92.6
      vertex -26 -17.2 92.6
      vertex -26 0 92.6
    endloop
  endfacet
  facet normal 0.788979 0.315611 0.527164
    outer loop
      vertex -32.755 -19.6 -87.9
      vertex -32.1882 -19.6 -88.7483
      vertex -32.8228 -17.2 -89.2354
    endloop
  endfacet
  facet normal -0.898541 0.315622 0.30497
    outer loop
      vertex 33.5342 -19.6 -86.0188
      vertex 33.9454 -17.2 -87.2911
      vertex 33.2063 -19.6 -86.9849
    endloop
  endfacet
  facet normal 0.85102 0.315625 -0.419698
    outer loop
      vertex -32.755 -19.6 87.9
      vertex -33.2063 -19.6 86.9849
      vertex -33.9454 -17.2 87.2911
    endloop
  endfacet
  facet normal 0.89685 -0 0.442336
    outer loop
      vertex -33.9454 -17.2 -87.2911
      vertex -33.4478 0 -88.3
      vertex -33.9454 0 -87.2911
    endloop
  endfacet
  facet normal 0.89685 0 0.442336
    outer loop
      vertex -33.4478 0 -88.3
      vertex -33.9454 -17.2 -87.2911
      vertex -33.4478 -17.2 -88.3
    endloop
  endfacet
  facet normal 0.930652 0.315596 -0.185163
    outer loop
      vertex -33.5342 -19.6 86.0188
      vertex -33.7333 -19.6 85.0181
      vertex -34.5264 -17.2 85.1225
    endloop
  endfacet
  facet normal 0.30497 0.315622 0.898541
    outer loop
      vertex -28.9849 -19.6 -91.2063
      vertex -28.0188 -19.6 -91.5342
      vertex -29.2911 -17.2 -91.9454
    endloop
  endfacet
  facet normal 0.0620325 0.315619 -0.946856
    outer loop
      vertex -26 -17.2 92.6
      vertex -26 -19.6 91.8
      vertex -27.0181 -19.6 91.7333
    endloop
  endfacet
  facet normal 0.527166 0.315612 0.788977
    outer loop
      vertex -29.9 -19.6 -90.755
      vertex -30.3 -17.2 -91.4478
      vertex -31.2354 -17.2 -90.8228
    endloop
  endfacet
  facet normal 0.555561 0 0.831475
    outer loop
      vertex -31.2354 0 -90.8228
      vertex -30.3 -17.2 -91.4478
      vertex -30.3 0 -91.4478
    endloop
  endfacet
  facet normal 0.555561 0 0.831475
    outer loop
      vertex -30.3 -17.2 -91.4478
      vertex -31.2354 0 -90.8228
      vertex -31.2354 -17.2 -90.8228
    endloop
  endfacet
  facet normal 0.751822 0 -0.659366
    outer loop
      vertex -32.0811 -17.2 90.0811
      vertex -32.8228 0 89.2354
      vertex -32.0811 0 90.0811
    endloop
  endfacet
  facet normal 0.751822 0 -0.659366
    outer loop
      vertex -32.8228 0 89.2354
      vertex -32.0811 -17.2 90.0811
      vertex -32.8228 -17.2 89.2354
    endloop
  endfacet
  facet normal 0.788977 0.315612 -0.527166
    outer loop
      vertex -32.8228 -17.2 89.2354
      vertex -32.755 -19.6 87.9
      vertex -33.4478 -17.2 88.3
    endloop
  endfacet
  facet normal -0.195039 0 0.980795
    outer loop
      vertex 27.1225 0 -92.5264
      vertex 28.2258 -17.2 -92.307
      vertex 28.2258 0 -92.307
    endloop
  endfacet
  facet normal -0.195039 0 0.980795
    outer loop
      vertex 28.2258 -17.2 -92.307
      vertex 27.1225 0 -92.5264
      vertex 27.1225 -17.2 -92.5264
    endloop
  endfacet
  facet normal -0.185069 0.315634 0.930658
    outer loop
      vertex 28.0188 -19.6 -91.5342
      vertex 28.2258 -17.2 -92.307
      vertex 27.1225 -17.2 -92.5264
    endloop
  endfacet
  facet normal -0.625662 0.315626 -0.713391
    outer loop
      vertex 32.0811 -17.2 90.0811
      vertex 31.5154 -19.6 89.5154
      vertex 31.2354 -17.2 90.8228
    endloop
  endfacet
  facet normal 0.659366 0 0.751822
    outer loop
      vertex -32.0811 0 -90.0811
      vertex -31.2354 -17.2 -90.8228
      vertex -31.2354 0 -90.8228
    endloop
  endfacet
  facet normal 0.659366 0 0.751822
    outer loop
      vertex -31.2354 -17.2 -90.8228
      vertex -32.0811 0 -90.0811
      vertex -32.0811 -17.2 -90.0811
    endloop
  endfacet
  facet normal 0.30497 0.315622 -0.898541
    outer loop
      vertex -28.0188 -19.6 91.5342
      vertex -28.9849 -19.6 91.2063
      vertex -29.2911 -17.2 91.9454
    endloop
  endfacet
  facet normal -0.442336 0 -0.89685
    outer loop
      vertex 29.2911 -17.2 91.9454
      vertex 30.3 0 91.4478
      vertex 30.3 -17.2 91.4478
    endloop
  endfacet
  facet normal -0.442336 0 -0.89685
    outer loop
      vertex 30.3 0 91.4478
      vertex 29.2911 -17.2 91.9454
      vertex 29.2911 0 91.9454
    endloop
  endfacet
  facet normal -0.831475 0 -0.555561
    outer loop
      vertex 33.4478 -17.2 88.3
      vertex 32.8228 0 89.2354
      vertex 33.4478 0 88.3
    endloop
  endfacet
  facet normal -0.831475 -0 -0.555561
    outer loop
      vertex 32.8228 0 89.2354
      vertex 33.4478 -17.2 88.3
      vertex 32.8228 -17.2 89.2354
    endloop
  endfacet
  facet normal -0.788977 0.315612 -0.527166
    outer loop
      vertex 32.8228 -17.2 89.2354
      vertex 33.4478 -17.2 88.3
      vertex 32.755 -19.6 87.9
    endloop
  endfacet
  facet normal 0.0654274 0 -0.997857
    outer loop
      vertex -27.1225 -17.2 92.5264
      vertex -26 0 92.6
      vertex -26 -17.2 92.6
    endloop
  endfacet
  facet normal 0.0654274 0 -0.997857
    outer loop
      vertex -26 0 92.6
      vertex -27.1225 -17.2 92.5264
      vertex -27.1225 0 92.5264
    endloop
  endfacet
  facet normal 0.321423 0 -0.946936
    outer loop
      vertex -29.2911 -17.2 91.9454
      vertex -28.2258 0 92.307
      vertex -28.2258 -17.2 92.307
    endloop
  endfacet
  facet normal 0.321423 0 -0.946936
    outer loop
      vertex -28.2258 0 92.307
      vertex -29.2911 -17.2 91.9454
      vertex -29.2911 0 91.9454
    endloop
  endfacet
  facet normal 0.442336 0 -0.89685
    outer loop
      vertex -30.3 -17.2 91.4478
      vertex -29.2911 0 91.9454
      vertex -29.2911 -17.2 91.9454
    endloop
  endfacet
  facet normal 0.442336 0 -0.89685
    outer loop
      vertex -29.2911 0 91.9454
      vertex -30.3 -17.2 91.4478
      vertex -30.3 0 91.4478
    endloop
  endfacet
  facet normal 0.527164 0.315611 0.788979
    outer loop
      vertex -30.7483 -19.6 -90.1882
      vertex -29.9 -19.6 -90.755
      vertex -31.2354 -17.2 -90.8228
    endloop
  endfacet
  facet normal 0.625682 0.315616 0.713378
    outer loop
      vertex -30.7483 -19.6 -90.1882
      vertex -31.2354 -17.2 -90.8228
      vertex -31.5154 -19.6 -89.5154
    endloop
  endfacet
  facet normal 0.980795 0 -0.195039
    outer loop
      vertex -34.307 -17.2 86.2258
      vertex -34.5264 0 85.1225
      vertex -34.307 0 86.2258
    endloop
  endfacet
  facet normal 0.980795 0 -0.195039
    outer loop
      vertex -34.5264 0 85.1225
      vertex -34.307 -17.2 86.2258
      vertex -34.5264 -17.2 85.1225
    endloop
  endfacet
  facet normal -0.30497 0.315622 -0.898541
    outer loop
      vertex 29.2911 -17.2 91.9454
      vertex 28.9849 -19.6 91.2063
      vertex 28.0188 -19.6 91.5342
    endloop
  endfacet
  facet normal -0.527164 0.315611 -0.788979
    outer loop
      vertex 31.2354 -17.2 90.8228
      vertex 30.7483 -19.6 90.1882
      vertex 29.9 -19.6 90.755
    endloop
  endfacet
  facet normal -0.625682 0.315616 -0.713378
    outer loop
      vertex 31.2354 -17.2 90.8228
      vertex 31.5154 -19.6 89.5154
      vertex 30.7483 -19.6 90.1882
    endloop
  endfacet
  facet normal 0.713378 0.315616 -0.625682
    outer loop
      vertex -31.5154 -19.6 89.5154
      vertex -32.1882 -19.6 88.7483
      vertex -32.8228 -17.2 89.2354
    endloop
  endfacet
  facet normal -0.0620836 0.315598 -0.94686
    outer loop
      vertex 27.1225 -17.2 92.5264
      vertex 27.0181 -19.6 91.7333
      vertex 26 -17.2 92.6
    endloop
  endfacet
  facet normal 0 1 -0
    outer loop
      vertex 18.1823 -19.6 -66.6116
      vertex 7.5 -19.6 27
      vertex 18.7706 -19.6 -66.4118
    endloop
  endfacet
  facet normal 0 1 0
    outer loop
      vertex -7.5 -19.6 27
      vertex -19.38 -19.6 -66.2906
      vertex -20 -19.6 -66.25
    endloop
  endfacet
  facet normal 0 1 0
    outer loop
      vertex 7.5 -19.6 27
      vertex 18.1823 -19.6 -66.6116
      vertex -7.5 -19.6 27
    endloop
  endfacet
  facet normal 0 1 0
    outer loop
      vertex -7.5 -19.6 27
      vertex -18.7706 -19.6 -66.4118
      vertex -19.38 -19.6 -66.2906
    endloop
  endfacet
  facet normal 0 1 0
    outer loop
      vertex -18.1823 -19.6 -66.6116
      vertex -7.5 -19.6 27
      vertex 18.1823 -19.6 -66.6116
    endloop
  endfacet
  facet normal 0 1 0
    outer loop
      vertex -7.5 -19.6 27
      vertex -18.1823 -19.6 -66.6116
      vertex -18.7706 -19.6 -66.4118
    endloop
  endfacet
  facet normal 0 1 -0
    outer loop
      vertex 17.625 -19.6 -66.8864
      vertex -18.1823 -19.6 -66.6116
      vertex 18.1823 -19.6 -66.6116
    endloop
  endfacet
  facet normal 0 1 0
    outer loop
      vertex 17.625 -19.6 -66.8864
      vertex -17.625 -19.6 -66.8864
      vertex -18.1823 -19.6 -66.6116
    endloop
  endfacet
  facet normal 0 1 -0
    outer loop
      vertex 17.1084 -19.6 -67.2316
      vertex -17.625 -19.6 -66.8864
      vertex 17.625 -19.6 -66.8864
    endloop
  endfacet
  facet normal 0 1 0
    outer loop
      vertex 17.1084 -19.6 -67.2316
      vertex -17.1084 -19.6 -67.2316
      vertex -17.625 -19.6 -66.8864
    endloop
  endfacet
  facet normal 0 1 -0
    outer loop
      vertex 16.6412 -19.6 -67.6412
      vertex -17.1084 -19.6 -67.2316
      vertex 17.1084 -19.6 -67.2316
    endloop
  endfacet
  facet normal 0 1 0
    outer loop
      vertex 16.6412 -19.6 -67.6412
      vertex -16.6412 -19.6 -67.6412
      vertex -17.1084 -19.6 -67.2316
    endloop
  endfacet
  facet normal 0 1 -0
    outer loop
      vertex 16.2316 -19.6 -68.1084
      vertex -16.6412 -19.6 -67.6412
      vertex 16.6412 -19.6 -67.6412
    endloop
  endfacet
  facet normal 0 1 0
    outer loop
      vertex 16.2316 -19.6 -68.1084
      vertex -16.2316 -19.6 -68.1084
      vertex -16.6412 -19.6 -67.6412
    endloop
  endfacet
  facet normal 0 1 -0
    outer loop
      vertex 15.8864 -19.6 -68.625
      vertex -16.2316 -19.6 -68.1084
      vertex 16.2316 -19.6 -68.1084
    endloop
  endfacet
  facet normal 0 1 0
    outer loop
      vertex 15.8864 -19.6 -68.625
      vertex -15.8864 -19.6 -68.625
      vertex -16.2316 -19.6 -68.1084
    endloop
  endfacet
  facet normal 0 1 -0
    outer loop
      vertex 15.6116 -19.6 -69.1823
      vertex -15.8864 -19.6 -68.625
      vertex 15.8864 -19.6 -68.625
    endloop
  endfacet
  facet normal 0 1 0
    outer loop
      vertex 15.6116 -19.6 -69.1823
      vertex -15.6116 -19.6 -69.1823
      vertex -15.8864 -19.6 -68.625
    endloop
  endfacet
  facet normal 0 1 -0
    outer loop
      vertex 15.4119 -19.6 -69.7706
      vertex -15.6116 -19.6 -69.1823
      vertex 15.6116 -19.6 -69.1823
    endloop
  endfacet
  facet normal 0 1 0
    outer loop
      vertex 15.4119 -19.6 -69.7706
      vertex -15.4119 -19.6 -69.7706
      vertex -15.6116 -19.6 -69.1823
    endloop
  endfacet
  facet normal 0 1 -0
    outer loop
      vertex 15.2906 -19.6 -70.38
      vertex -15.4119 -19.6 -69.7706
      vertex 15.4119 -19.6 -69.7706
    endloop
  endfacet
  facet normal 0 1 0
    outer loop
      vertex 15.2906 -19.6 -70.38
      vertex -15.2906 -19.6 -70.38
      vertex -15.4119 -19.6 -69.7706
    endloop
  endfacet
  facet normal 0 1 -0
    outer loop
      vertex 15.25 -19.6 -71
      vertex -15.2906 -19.6 -70.38
      vertex 15.2906 -19.6 -70.38
    endloop
  endfacet
  facet normal 0 1 0
    outer loop
      vertex 15.25 -19.6 -71
      vertex -15.25 -19.6 -71
      vertex -15.2906 -19.6 -70.38
    endloop
  endfacet
  facet normal 0 1 0
    outer loop
      vertex 15.2906 -19.6 -71.62
      vertex -15.25 -19.6 -71
      vertex 15.25 -19.6 -71
    endloop
  endfacet
  facet normal 0 1 0
    outer loop
      vertex 15.2906 -19.6 -71.62
      vertex -15.2906 -19.6 -71.62
      vertex -15.25 -19.6 -71
    endloop
  endfacet
  facet normal 0 1 0
    outer loop
      vertex 15.4119 -19.6 -72.2294
      vertex -15.2906 -19.6 -71.62
      vertex 15.2906 -19.6 -71.62
    endloop
  endfacet
  facet normal 0 1 0
    outer loop
      vertex 15.4119 -19.6 -72.2294
      vertex -15.4119 -19.6 -72.2294
      vertex -15.2906 -19.6 -71.62
    endloop
  endfacet
  facet normal 0 1 0
    outer loop
      vertex 15.6116 -19.6 -72.8177
      vertex -15.4119 -19.6 -72.2294
      vertex 15.4119 -19.6 -72.2294
    endloop
  endfacet
  facet normal 0 1 0
    outer loop
      vertex 15.6116 -19.6 -72.8177
      vertex -15.6116 -19.6 -72.8177
      vertex -15.4119 -19.6 -72.2294
    endloop
  endfacet
  facet normal 0 1 0
    outer loop
      vertex 15.8864 -19.6 -73.375
      vertex -15.6116 -19.6 -72.8177
      vertex 15.6116 -19.6 -72.8177
    endloop
  endfacet
  facet normal 0 1 0
    outer loop
      vertex 15.8864 -19.6 -73.375
      vertex -15.8864 -19.6 -73.375
      vertex -15.6116 -19.6 -72.8177
    endloop
  endfacet
  facet normal 0 1 0
    outer loop
      vertex 16.2316 -19.6 -73.8916
      vertex -15.8864 -19.6 -73.375
      vertex 15.8864 -19.6 -73.375
    endloop
  endfacet
  facet normal 0 1 0
    outer loop
      vertex 16.2316 -19.6 -73.8916
      vertex -16.2316 -19.6 -73.8916
      vertex -15.8864 -19.6 -73.375
    endloop
  endfacet
  facet normal 0 1 0
    outer loop
      vertex 16.6412 -19.6 -74.3588
      vertex -16.2316 -19.6 -73.8916
      vertex 16.2316 -19.6 -73.8916
    endloop
  endfacet
  facet normal 0 1 0
    outer loop
      vertex 16.6412 -19.6 -74.3588
      vertex -16.6412 -19.6 -74.3588
      vertex -16.2316 -19.6 -73.8916
    endloop
  endfacet
  facet normal 0 1 0
    outer loop
      vertex 17.1084 -19.6 -74.7684
      vertex -16.6412 -19.6 -74.3588
      vertex 16.6412 -19.6 -74.3588
    endloop
  endfacet
  facet normal 0 1 0
    outer loop
      vertex 17.1084 -19.6 -74.7684
      vertex -17.1084 -19.6 -74.7684
      vertex -16.6412 -19.6 -74.3588
    endloop
  endfacet
  facet normal 0 1 0
    outer loop
      vertex 26 -19.6 -91.8
      vertex 17.1084 -19.6 -74.7684
      vertex 17.625 -19.6 -75.1136
    endloop
  endfacet
  facet normal 0 1 0
    outer loop
      vertex 17.1084 -19.6 -74.7684
      vertex 26 -19.6 -91.8
      vertex -17.1084 -19.6 -74.7684
    endloop
  endfacet
  facet normal 0 1 0
    outer loop
      vertex 26 -19.6 -91.8
      vertex 17.625 -19.6 -75.1136
      vertex 18.1823 -19.6 -75.3884
    endloop
  endfacet
  facet normal 0 1 0
    outer loop
      vertex -26 -19.6 -91.8
      vertex -17.1084 -19.6 -74.7684
      vertex 26 -19.6 -91.8
    endloop
  endfacet
  facet normal 0 1 0
    outer loop
      vertex 26 -19.6 -91.8
      vertex 18.1823 -19.6 -75.3884
      vertex 18.7706 -19.6 -75.5882
    endloop
  endfacet
  facet normal 0 1 0
    outer loop
      vertex -17.1084 -19.6 -74.7684
      vertex -26 -19.6 -91.8
      vertex -17.625 -19.6 -75.1136
    endloop
  endfacet
  facet normal 0 1 0
    outer loop
      vertex 26 -19.6 -91.8
      vertex 18.7706 -19.6 -75.5882
      vertex 19.38 -19.6 -75.7094
    endloop
  endfacet
  facet normal 0 1 0
    outer loop
      vertex -17.625 -19.6 -75.1136
      vertex -26 -19.6 -91.8
      vertex -18.1823 -19.6 -75.3884
    endloop
  endfacet
  facet normal 0 1 0
    outer loop
      vertex 26 -19.6 -91.8
      vertex 19.38 -19.6 -75.7094
      vertex 20 -19.6 -75.75
    endloop
  endfacet
  facet normal 0 1 0
    outer loop
      vertex -18.1823 -19.6 -75.3884
      vertex -26 -19.6 -91.8
      vertex -18.7706 -19.6 -75.5882
    endloop
  endfacet
  facet normal 0 1 0
    outer loop
      vertex -11 -19.6 65.5
      vertex -14.7 -19.6 44.444
      vertex -14.7 -19.6 55.5
    endloop
  endfacet
  facet normal 0 1 0
    outer loop
      vertex -14.7 -19.6 44.444
      vertex -11 -19.6 30.5
      vertex -18.7 -19.6 44.444
    endloop
  endfacet
  facet normal 0 1 -0
    outer loop
      vertex -11 -19.6 30.5
      vertex -14.7 -19.6 44.444
      vertex -11 -19.6 65.5
    endloop
  endfacet
  facet normal 0 1 0
    outer loop
      vertex 8.83939 -19.6 68.7336
      vertex 16 -19.6 76.0621
      vertex 16 -19.6 72
    endloop
  endfacet
  facet normal 0 1 0
    outer loop
      vertex 16 -19.6 76.0621
      vertex 7.5 -19.6 69
      vertex -16 -19.6 76.0621
    endloop
  endfacet
  facet normal 0 1 0
    outer loop
      vertex 24 -19.6 76.0621
      vertex 26 -19.6 91.8
      vertex 27.0181 -19.6 91.7333
    endloop
  endfacet
  facet normal 0 1 0
    outer loop
      vertex 26 -19.6 91.8
      vertex 16 -19.6 76.0621
      vertex -26 -19.6 91.8
    endloop
  endfacet
  facet normal 0 1 0
    outer loop
      vertex 24 -19.6 76.0621
      vertex 27.0181 -19.6 91.7333
      vertex 28.0188 -19.6 91.5342
    endloop
  endfacet
  facet normal 0 1 -0
    outer loop
      vertex -16 -19.6 76.0621
      vertex -26 -19.6 91.8
      vertex 16 -19.6 76.0621
    endloop
  endfacet
  facet normal 0 1 0
    outer loop
      vertex 24 -19.6 76.0621
      vertex 28.0188 -19.6 91.5342
      vertex 28.9849 -19.6 91.2063
    endloop
  endfacet
  facet normal 0 1 -0
    outer loop
      vertex -24 -19.6 76.0621
      vertex -26 -19.6 91.8
      vertex -16 -19.6 76.0621
    endloop
  endfacet
  facet normal 0 1 0
    outer loop
      vertex 24 -19.6 76.0621
      vertex 28.9849 -19.6 91.2063
      vertex 29.9 -19.6 90.755
    endloop
  endfacet
  facet normal 0 1 0
    outer loop
      vertex -26 -19.6 91.8
      vertex -24 -19.6 76.0621
      vertex -27.0181 -19.6 91.7333
    endloop
  endfacet
  facet normal 0 1 0
    outer loop
      vertex 24 -19.6 76.0621
      vertex 29.9 -19.6 90.755
      vertex 30.7483 -19.6 90.1882
    endloop
  endfacet
  facet normal 0 1 0
    outer loop
      vertex -27.0181 -19.6 91.7333
      vertex -24 -19.6 76.0621
      vertex -28.0188 -19.6 91.5342
    endloop
  endfacet
  facet normal 0 1 0
    outer loop
      vertex 24 -19.6 76.0621
      vertex 30.7483 -19.6 90.1882
      vertex 31.5154 -19.6 89.5154
    endloop
  endfacet
  facet normal 0 1 0
    outer loop
      vertex -28.0188 -19.6 91.5342
      vertex -24 -19.6 76.0621
      vertex -28.9849 -19.6 91.2063
    endloop
  endfacet
  facet normal 0 1 0
    outer loop
      vertex 24 -19.6 76.0621
      vertex 31.5154 -19.6 89.5154
      vertex 32.1882 -19.6 88.7483
    endloop
  endfacet
  facet normal 0 1 0
    outer loop
      vertex -28.9849 -19.6 91.2063
      vertex -24 -19.6 76.0621
      vertex -29.9 -19.6 90.755
    endloop
  endfacet
  facet normal 0 1 0
    outer loop
      vertex 24 -19.6 76.0621
      vertex 32.1882 -19.6 88.7483
      vertex 32.755 -19.6 87.9
    endloop
  endfacet
  facet normal 0 1 0
    outer loop
      vertex -29.9 -19.6 90.755
      vertex -24 -19.6 76.0621
      vertex -30.7483 -19.6 90.1882
    endloop
  endfacet
  facet normal 0 1 0
    outer loop
      vertex 24 -19.6 76.0621
      vertex 32.755 -19.6 87.9
      vertex 33.2063 -19.6 86.9849
    endloop
  endfacet
  facet normal 0 1 0
    outer loop
      vertex -30.7483 -19.6 90.1882
      vertex -24 -19.6 76.0621
      vertex -31.5154 -19.6 89.5154
    endloop
  endfacet
  facet normal 0 1 0
    outer loop
      vertex 24 -19.6 76.0621
      vertex 33.2063 -19.6 86.9849
      vertex 33.5342 -19.6 86.0188
    endloop
  endfacet
  facet normal 0 1 0
    outer loop
      vertex -31.5154 -19.6 89.5154
      vertex -24 -19.6 76.0621
      vertex -32.1882 -19.6 88.7483
    endloop
  endfacet
  facet normal 0 1 0
    outer loop
      vertex 24 -19.6 76.0621
      vertex 33.5342 -19.6 86.0188
      vertex 33.7333 -19.6 85.0181
    endloop
  endfacet
  facet normal 0 1 0
    outer loop
      vertex -32.1882 -19.6 88.7483
      vertex -24 -19.6 76.0621
      vertex -32.755 -19.6 87.9
    endloop
  endfacet
  facet normal 0 1 0
    outer loop
      vertex 24 -19.6 76.0621
      vertex 33.7333 -19.6 85.0181
      vertex 33.8 -19.6 84
    endloop
  endfacet
  facet normal 0 1 0
    outer loop
      vertex -32.755 -19.6 87.9
      vertex -24 -19.6 76.0621
      vertex -33.2063 -19.6 86.9849
    endloop
  endfacet
  facet normal 0 1 0
    outer loop
      vertex 26 -19.6 91.8
      vertex 24 -19.6 76.0621
      vertex 16 -19.6 76.0621
    endloop
  endfacet
  facet normal 0 1 0
    outer loop
      vertex 33.8 -19.6 84
      vertex 24 -19.6 72
      vertex 24 -19.6 76.0621
    endloop
  endfacet
  facet normal 0 1 -0
    outer loop
      vertex 18.7 -19.6 55.5
      vertex 16 -19.6 72
      vertex 24 -19.6 72
    endloop
  endfacet
  facet normal 0 1 -0
    outer loop
      vertex -7.5 -19.6 69
      vertex -16 -19.6 76.0621
      vertex 7.5 -19.6 69
    endloop
  endfacet
  facet normal 0 1 -0
    outer loop
      vertex -7.95685 -19.6 68.9701
      vertex -16 -19.6 76.0621
      vertex -7.5 -19.6 69
    endloop
  endfacet
  facet normal 0 1 0
    outer loop
      vertex 16 -19.6 76.0621
      vertex 7.95685 -19.6 68.9701
      vertex 7.5 -19.6 69
    endloop
  endfacet
  facet normal 0 1 0
    outer loop
      vertex 16 -19.6 76.0621
      vertex 8.40587 -19.6 68.8807
      vertex 7.95685 -19.6 68.9701
    endloop
  endfacet
  facet normal 0 1 0
    outer loop
      vertex 16 -19.6 76.0621
      vertex 8.83939 -19.6 68.7336
      vertex 8.40587 -19.6 68.8807
    endloop
  endfacet
  facet normal 0 1 0
    outer loop
      vertex 16 -19.6 72
      vertex 9.25 -19.6 68.5311
      vertex 8.83939 -19.6 68.7336
    endloop
  endfacet
  facet normal 0 1 0
    outer loop
      vertex 16 -19.6 72
      vertex 9.63066 -19.6 68.2767
      vertex 9.25 -19.6 68.5311
    endloop
  endfacet
  facet normal 0 1 0
    outer loop
      vertex 16 -19.6 72
      vertex 9.97487 -19.6 67.9749
      vertex 9.63066 -19.6 68.2767
    endloop
  endfacet
  facet normal 0 1 0
    outer loop
      vertex 16 -19.6 72
      vertex 10.2767 -19.6 67.6307
      vertex 9.97487 -19.6 67.9749
    endloop
  endfacet
  facet normal 0 1 0
    outer loop
      vertex 16 -19.6 72
      vertex 10.5311 -19.6 67.25
      vertex 10.2767 -19.6 67.6307
    endloop
  endfacet
  facet normal 0 1 0
    outer loop
      vertex 16 -19.6 72
      vertex 10.7336 -19.6 66.8394
      vertex 10.5311 -19.6 67.25
    endloop
  endfacet
  facet normal 0 1 0
    outer loop
      vertex 16 -19.6 72
      vertex 10.8807 -19.6 66.4059
      vertex 10.7336 -19.6 66.8394
    endloop
  endfacet
  facet normal 0 1 0
    outer loop
      vertex 16 -19.6 72
      vertex 10.9701 -19.6 65.9568
      vertex 10.8807 -19.6 66.4059
    endloop
  endfacet
  facet normal 0 1 0
    outer loop
      vertex 16 -19.6 72
      vertex 11 -19.6 65.5
      vertex 10.9701 -19.6 65.9568
    endloop
  endfacet
  facet normal 0 1 0
    outer loop
      vertex 16 -19.6 72
      vertex 18.7 -19.6 55.5
      vertex 11 -19.6 65.5
    endloop
  endfacet
  facet normal 0 1 0
    outer loop
      vertex 33.8 -19.6 84
      vertex 18.7 -19.6 55.5
      vertex 24 -19.6 72
    endloop
  endfacet
  facet normal 0 1 0
    outer loop
      vertex 33.8 -19.6 84
      vertex 18.7 -19.6 44.444
      vertex 18.7 -19.6 55.5
    endloop
  endfacet
  facet normal 0 1 0
    outer loop
      vertex 18.7 -19.6 44.444
      vertex 11 -19.6 30.5
      vertex 14.7 -19.6 44.444
    endloop
  endfacet
  facet normal 0 1 0
    outer loop
      vertex 18.7 -19.6 44.444
      vertex 10.9701 -19.6 30.0432
      vertex 11 -19.6 30.5
    endloop
  endfacet
  facet normal 0 1 0
    outer loop
      vertex 18.7 -19.6 44.444
      vertex 10.8807 -19.6 29.5941
      vertex 10.9701 -19.6 30.0432
    endloop
  endfacet
  facet normal 0 1 0
    outer loop
      vertex 18.7 -19.6 44.444
      vertex 10.7336 -19.6 29.1606
      vertex 10.8807 -19.6 29.5941
    endloop
  endfacet
  facet normal 0 1 0
    outer loop
      vertex 23.7684 -19.6 -68.1084
      vertex 10.7336 -19.6 29.1606
      vertex 18.7 -19.6 44.444
    endloop
  endfacet
  facet normal 0 1 0
    outer loop
      vertex 7.95685 -19.6 27.0299
      vertex 19.38 -19.6 -66.2906
      vertex 7.5 -19.6 27
    endloop
  endfacet
  facet normal 0 1 -0
    outer loop
      vertex 19.38 -19.6 -66.2906
      vertex 7.95685 -19.6 27.0299
      vertex 20 -19.6 -66.25
    endloop
  endfacet
  facet normal 0 1 0
    outer loop
      vertex 8.40587 -19.6 27.1193
      vertex 20 -19.6 -66.25
      vertex 7.95685 -19.6 27.0299
    endloop
  endfacet
  facet normal 0 1 0
    outer loop
      vertex 20.62 -19.6 -66.2906
      vertex 8.40587 -19.6 27.1193
      vertex 8.83939 -19.6 27.2664
    endloop
  endfacet
  facet normal 0 1 0
    outer loop
      vertex 20.62 -19.6 -66.2906
      vertex 8.83939 -19.6 27.2664
      vertex 9.25 -19.6 27.4689
    endloop
  endfacet
  facet normal 0 1 0
    outer loop
      vertex 21.2294 -19.6 -66.4118
      vertex 9.25 -19.6 27.4689
      vertex 9.63066 -19.6 27.7233
    endloop
  endfacet
  facet normal 0 1 0
    outer loop
      vertex 21.8177 -19.6 -66.6116
      vertex 9.63066 -19.6 27.7233
      vertex 9.97487 -19.6 28.0251
    endloop
  endfacet
  facet normal 0 1 0
    outer loop
      vertex 22.375 -19.6 -66.8864
      vertex 9.97487 -19.6 28.0251
      vertex 10.2767 -19.6 28.3693
    endloop
  endfacet
  facet normal 0 1 0
    outer loop
      vertex 22.8916 -19.6 -67.2316
      vertex 10.2767 -19.6 28.3693
      vertex 10.5311 -19.6 28.75
    endloop
  endfacet
  facet normal 0 1 0
    outer loop
      vertex 10.7336 -19.6 29.1606
      vertex 23.7684 -19.6 -68.1084
      vertex 10.5311 -19.6 28.75
    endloop
  endfacet
  facet normal 0 1 -0
    outer loop
      vertex 33.8 -19.6 -84
      vertex 18.7 -19.6 44.444
      vertex 33.8 -19.6 84
    endloop
  endfacet
  facet normal 0 1 0
    outer loop
      vertex 8.40587 -19.6 27.1193
      vertex 20.62 -19.6 -66.2906
      vertex 20 -19.6 -66.25
    endloop
  endfacet
  facet normal 0 1 0
    outer loop
      vertex 9.25 -19.6 27.4689
      vertex 21.2294 -19.6 -66.4118
      vertex 20.62 -19.6 -66.2906
    endloop
  endfacet
  facet normal 0 1 0
    outer loop
      vertex 9.63066 -19.6 27.7233
      vertex 21.8177 -19.6 -66.6116
      vertex 21.2294 -19.6 -66.4118
    endloop
  endfacet
  facet normal 0 1 0
    outer loop
      vertex 9.97487 -19.6 28.0251
      vertex 22.375 -19.6 -66.8864
      vertex 21.8177 -19.6 -66.6116
    endloop
  endfacet
  facet normal 0 1 0
    outer loop
      vertex 10.2767 -19.6 28.3693
      vertex 22.8916 -19.6 -67.2316
      vertex 22.375 -19.6 -66.8864
    endloop
  endfacet
  facet normal 0 1 0
    outer loop
      vertex 10.5311 -19.6 28.75
      vertex 23.3588 -19.6 -67.6412
      vertex 22.8916 -19.6 -67.2316
    endloop
  endfacet
  facet normal 0 1 0
    outer loop
      vertex 10.5311 -19.6 28.75
      vertex 23.7684 -19.6 -68.1084
      vertex 23.3588 -19.6 -67.6412
    endloop
  endfacet
  facet normal 0 1 0
    outer loop
      vertex 18.7 -19.6 44.444
      vertex 24.1136 -19.6 -68.625
      vertex 23.7684 -19.6 -68.1084
    endloop
  endfacet
  facet normal 0 1 0
    outer loop
      vertex 18.7 -19.6 44.444
      vertex 33.8 -19.6 -84
      vertex 24.1136 -19.6 -68.625
    endloop
  endfacet
  facet normal 0 1 0
    outer loop
      vertex 24.1136 -19.6 -68.625
      vertex 33.8 -19.6 -84
      vertex 24.3884 -19.6 -69.1823
    endloop
  endfacet
  facet normal 0 1 0
    outer loop
      vertex 24.3884 -19.6 -69.1823
      vertex 33.8 -19.6 -84
      vertex 24.5881 -19.6 -69.7706
    endloop
  endfacet
  facet normal 0 1 0
    outer loop
      vertex 24.5881 -19.6 -69.7706
      vertex 33.8 -19.6 -84
      vertex 24.7094 -19.6 -70.38
    endloop
  endfacet
  facet normal 0 1 0
    outer loop
      vertex 20.62 -19.6 -75.7094
      vertex 26 -19.6 -91.8
      vertex 20 -19.6 -75.75
    endloop
  endfacet
  facet normal 0 1 0
    outer loop
      vertex 21.2294 -19.6 -75.5882
      vertex 26 -19.6 -91.8
      vertex 20.62 -19.6 -75.7094
    endloop
  endfacet
  facet normal 0 1 0
    outer loop
      vertex 21.8177 -19.6 -75.3884
      vertex 26 -19.6 -91.8
      vertex 21.2294 -19.6 -75.5882
    endloop
  endfacet
  facet normal 0 1 -0
    outer loop
      vertex 26 -19.6 -91.8
      vertex 21.8177 -19.6 -75.3884
      vertex 33.8 -19.6 -84
    endloop
  endfacet
  facet normal 0 1 0
    outer loop
      vertex 22.375 -19.6 -75.1136
      vertex 33.8 -19.6 -84
      vertex 21.8177 -19.6 -75.3884
    endloop
  endfacet
  facet normal 0 1 0
    outer loop
      vertex 22.8916 -19.6 -74.7684
      vertex 33.8 -19.6 -84
      vertex 22.375 -19.6 -75.1136
    endloop
  endfacet
  facet normal 0 1 0
    outer loop
      vertex 23.3588 -19.6 -74.3588
      vertex 33.8 -19.6 -84
      vertex 22.8916 -19.6 -74.7684
    endloop
  endfacet
  facet normal 0 1 0
    outer loop
      vertex 23.7684 -19.6 -73.8916
      vertex 33.8 -19.6 -84
      vertex 23.3588 -19.6 -74.3588
    endloop
  endfacet
  facet normal 0 1 0
    outer loop
      vertex 24.1136 -19.6 -73.375
      vertex 33.8 -19.6 -84
      vertex 23.7684 -19.6 -73.8916
    endloop
  endfacet
  facet normal 0 1 0
    outer loop
      vertex 24.3884 -19.6 -72.8177
      vertex 33.8 -19.6 -84
      vertex 24.1136 -19.6 -73.375
    endloop
  endfacet
  facet normal 0 1 0
    outer loop
      vertex 24.5881 -19.6 -72.2294
      vertex 33.8 -19.6 -84
      vertex 24.3884 -19.6 -72.8177
    endloop
  endfacet
  facet normal 0 1 0
    outer loop
      vertex 24.7094 -19.6 -71.62
      vertex 33.8 -19.6 -84
      vertex 24.5881 -19.6 -72.2294
    endloop
  endfacet
  facet normal 0 1 0
    outer loop
      vertex 24.75 -19.6 -71
      vertex 33.8 -19.6 -84
      vertex 24.7094 -19.6 -71.62
    endloop
  endfacet
  facet normal 0 1 0
    outer loop
      vertex 24.7094 -19.6 -70.38
      vertex 33.8 -19.6 -84
      vertex 24.75 -19.6 -71
    endloop
  endfacet
  facet normal 0 1 0
    outer loop
      vertex -33.2063 -19.6 86.9849
      vertex -24 -19.6 76.0621
      vertex -33.5342 -19.6 86.0188
    endloop
  endfacet
  facet normal 0 1 0
    outer loop
      vertex -33.5342 -19.6 86.0188
      vertex -24 -19.6 76.0621
      vertex -33.7333 -19.6 85.0181
    endloop
  endfacet
  facet normal 0 1 0
    outer loop
      vertex -33.7333 -19.6 85.0181
      vertex -24 -19.6 76.0621
      vertex -33.8 -19.6 84
    endloop
  endfacet
  facet normal 0 1 -0
    outer loop
      vertex -24 -19.6 72
      vertex -33.8 -19.6 84
      vertex -24 -19.6 76.0621
    endloop
  endfacet
  facet normal 0 1 -0
    outer loop
      vertex -8.40587 -19.6 68.8807
      vertex -16 -19.6 76.0621
      vertex -7.95685 -19.6 68.9701
    endloop
  endfacet
  facet normal 0 1 -0
    outer loop
      vertex -8.83939 -19.6 68.7336
      vertex -16 -19.6 76.0621
      vertex -8.40587 -19.6 68.8807
    endloop
  endfacet
  facet normal 0 1 0
    outer loop
      vertex -16 -19.6 76.0621
      vertex -8.83939 -19.6 68.7336
      vertex -16 -19.6 72
    endloop
  endfacet
  facet normal 0 1 -0
    outer loop
      vertex -9.25 -19.6 68.5311
      vertex -16 -19.6 72
      vertex -8.83939 -19.6 68.7336
    endloop
  endfacet
  facet normal 0 1 -0
    outer loop
      vertex -9.63066 -19.6 68.2767
      vertex -16 -19.6 72
      vertex -9.25 -19.6 68.5311
    endloop
  endfacet
  facet normal 0 1 -0
    outer loop
      vertex -9.97487 -19.6 67.9749
      vertex -16 -19.6 72
      vertex -9.63066 -19.6 68.2767
    endloop
  endfacet
  facet normal 0 1 -0
    outer loop
      vertex -10.2767 -19.6 67.6307
      vertex -16 -19.6 72
      vertex -9.97487 -19.6 67.9749
    endloop
  endfacet
  facet normal 0 1 -0
    outer loop
      vertex -10.5311 -19.6 67.25
      vertex -16 -19.6 72
      vertex -10.2767 -19.6 67.6307
    endloop
  endfacet
  facet normal 0 1 -0
    outer loop
      vertex -10.7336 -19.6 66.8394
      vertex -16 -19.6 72
      vertex -10.5311 -19.6 67.25
    endloop
  endfacet
  facet normal 0 1 -0
    outer loop
      vertex -10.8807 -19.6 66.4059
      vertex -16 -19.6 72
      vertex -10.7336 -19.6 66.8394
    endloop
  endfacet
  facet normal 0 1 -0
    outer loop
      vertex -10.9701 -19.6 65.9568
      vertex -16 -19.6 72
      vertex -10.8807 -19.6 66.4059
    endloop
  endfacet
  facet normal 0 1 -0
    outer loop
      vertex -11 -19.6 65.5
      vertex -16 -19.6 72
      vertex -10.9701 -19.6 65.9568
    endloop
  endfacet
  facet normal 0 1 0
    outer loop
      vertex -18.7 -19.6 55.5
      vertex -16 -19.6 72
      vertex -11 -19.6 65.5
    endloop
  endfacet
  facet normal 0 1 0
    outer loop
      vertex -18.7 -19.6 55.5
      vertex -11 -19.6 65.5
      vertex -14.7 -19.6 55.5
    endloop
  endfacet
  facet normal 0 1 0
    outer loop
      vertex -16 -19.6 72
      vertex -18.7 -19.6 55.5
      vertex -24 -19.6 72
    endloop
  endfacet
  facet normal 0 1 0
    outer loop
      vertex -24 -19.6 72
      vertex -18.7 -19.6 55.5
      vertex -33.8 -19.6 84
    endloop
  endfacet
  facet normal 0 1 -0
    outer loop
      vertex -18.7 -19.6 44.444
      vertex -33.8 -19.6 84
      vertex -18.7 -19.6 55.5
    endloop
  endfacet
  facet normal 0 1 0
    outer loop
      vertex -10.9701 -19.6 30.0432
      vertex -18.7 -19.6 44.444
      vertex -11 -19.6 30.5
    endloop
  endfacet
  facet normal 0 1 0
    outer loop
      vertex -10.8807 -19.6 29.5941
      vertex -18.7 -19.6 44.444
      vertex -10.9701 -19.6 30.0432
    endloop
  endfacet
  facet normal 0 1 0
    outer loop
      vertex -10.7336 -19.6 29.1606
      vertex -18.7 -19.6 44.444
      vertex -10.8807 -19.6 29.5941
    endloop
  endfacet
  facet normal 0 1 0
    outer loop
      vertex -23.7684 -19.6 -68.1084
      vertex -10.7336 -19.6 29.1606
      vertex -10.5311 -19.6 28.75
    endloop
  endfacet
  facet normal 0 1 -0
    outer loop
      vertex 18.7706 -19.6 -66.4118
      vertex 7.5 -19.6 27
      vertex 19.38 -19.6 -66.2906
    endloop
  endfacet
  facet normal 0 1 0
    outer loop
      vertex -7.5 -19.6 27
      vertex -20 -19.6 -66.25
      vertex -7.95685 -19.6 27.0299
    endloop
  endfacet
  facet normal 0 1 0
    outer loop
      vertex -7.95685 -19.6 27.0299
      vertex -20 -19.6 -66.25
      vertex -8.40587 -19.6 27.1193
    endloop
  endfacet
  facet normal 0 1 0
    outer loop
      vertex -20.62 -19.6 -66.2906
      vertex -8.40587 -19.6 27.1193
      vertex -20 -19.6 -66.25
    endloop
  endfacet
  facet normal 0 1 0
    outer loop
      vertex -8.40587 -19.6 27.1193
      vertex -20.62 -19.6 -66.2906
      vertex -8.83939 -19.6 27.2664
    endloop
  endfacet
  facet normal 0 1 0
    outer loop
      vertex -8.83939 -19.6 27.2664
      vertex -20.62 -19.6 -66.2906
      vertex -9.25 -19.6 27.4689
    endloop
  endfacet
  facet normal 0 1 0
    outer loop
      vertex -21.2294 -19.6 -66.4118
      vertex -9.25 -19.6 27.4689
      vertex -20.62 -19.6 -66.2906
    endloop
  endfacet
  facet normal 0 1 0
    outer loop
      vertex -9.25 -19.6 27.4689
      vertex -21.2294 -19.6 -66.4118
      vertex -9.63066 -19.6 27.7233
    endloop
  endfacet
  facet normal 0 1 0
    outer loop
      vertex -21.8177 -19.6 -66.6116
      vertex -9.63066 -19.6 27.7233
      vertex -21.2294 -19.6 -66.4118
    endloop
  endfacet
  facet normal 0 1 0
    outer loop
      vertex -9.63066 -19.6 27.7233
      vertex -21.8177 -19.6 -66.6116
      vertex -9.97487 -19.6 28.0251
    endloop
  endfacet
  facet normal 0 1 0
    outer loop
      vertex -22.375 -19.6 -66.8864
      vertex -9.97487 -19.6 28.0251
      vertex -21.8177 -19.6 -66.6116
    endloop
  endfacet
  facet normal 0 1 0
    outer loop
      vertex -9.97487 -19.6 28.0251
      vertex -22.375 -19.6 -66.8864
      vertex -10.2767 -19.6 28.3693
    endloop
  endfacet
  facet normal 0 1 0
    outer loop
      vertex -22.8916 -19.6 -67.2316
      vertex -10.2767 -19.6 28.3693
      vertex -22.375 -19.6 -66.8864
    endloop
  endfacet
  facet normal 0 1 0
    outer loop
      vertex -10.2767 -19.6 28.3693
      vertex -22.8916 -19.6 -67.2316
      vertex -10.5311 -19.6 28.75
    endloop
  endfacet
  facet normal 0 1 0
    outer loop
      vertex -23.3588 -19.6 -67.6412
      vertex -10.5311 -19.6 28.75
      vertex -22.8916 -19.6 -67.2316
    endloop
  endfacet
  facet normal 0 1 0
    outer loop
      vertex -23.7684 -19.6 -68.1084
      vertex -10.5311 -19.6 28.75
      vertex -23.3588 -19.6 -67.6412
    endloop
  endfacet
  facet normal 0 1 0
    outer loop
      vertex -10.7336 -19.6 29.1606
      vertex -23.7684 -19.6 -68.1084
      vertex -18.7 -19.6 44.444
    endloop
  endfacet
  facet normal 0 1 0
    outer loop
      vertex -24.1136 -19.6 -68.625
      vertex -18.7 -19.6 44.444
      vertex -23.7684 -19.6 -68.1084
    endloop
  endfacet
  facet normal 0 1 0
    outer loop
      vertex -33.8 -19.6 -84
      vertex -18.7 -19.6 44.444
      vertex -24.1136 -19.6 -68.625
    endloop
  endfacet
  facet normal 0 1 0
    outer loop
      vertex -33.8 -19.6 -84
      vertex -24.1136 -19.6 -68.625
      vertex -24.3884 -19.6 -69.1823
    endloop
  endfacet
  facet normal 0 1 0
    outer loop
      vertex -33.8 -19.6 -84
      vertex -24.3884 -19.6 -69.1823
      vertex -24.5881 -19.6 -69.7706
    endloop
  endfacet
  facet normal 0 1 0
    outer loop
      vertex -33.8 -19.6 -84
      vertex -24.5881 -19.6 -69.7706
      vertex -24.7094 -19.6 -70.38
    endloop
  endfacet
  facet normal 0 1 0
    outer loop
      vertex -33.8 -19.6 -84
      vertex -24.7094 -19.6 -70.38
      vertex -24.75 -19.6 -71
    endloop
  endfacet
  facet normal 0 1 0
    outer loop
      vertex -18.7706 -19.6 -75.5882
      vertex -26 -19.6 -91.8
      vertex -19.38 -19.6 -75.7094
    endloop
  endfacet
  facet normal 0 1 0
    outer loop
      vertex -18.7 -19.6 44.444
      vertex -33.8 -19.6 -84
      vertex -33.8 -19.6 84
    endloop
  endfacet
  facet normal 0 1 0
    outer loop
      vertex -24.7094 -19.6 -71.62
      vertex -33.8 -19.6 -84
      vertex -24.75 -19.6 -71
    endloop
  endfacet
  facet normal 0 1 0
    outer loop
      vertex -24.5881 -19.6 -72.2294
      vertex -33.8 -19.6 -84
      vertex -24.7094 -19.6 -71.62
    endloop
  endfacet
  facet normal 0 1 0
    outer loop
      vertex -24.3884 -19.6 -72.8177
      vertex -33.8 -19.6 -84
      vertex -24.5881 -19.6 -72.2294
    endloop
  endfacet
  facet normal 0 1 0
    outer loop
      vertex -24.1136 -19.6 -73.375
      vertex -33.8 -19.6 -84
      vertex -24.3884 -19.6 -72.8177
    endloop
  endfacet
  facet normal 0 1 0
    outer loop
      vertex -23.7684 -19.6 -73.8916
      vertex -33.8 -19.6 -84
      vertex -24.1136 -19.6 -73.375
    endloop
  endfacet
  facet normal 0 1 0
    outer loop
      vertex -23.3588 -19.6 -74.3588
      vertex -33.8 -19.6 -84
      vertex -23.7684 -19.6 -73.8916
    endloop
  endfacet
  facet normal 0 1 0
    outer loop
      vertex -22.8916 -19.6 -74.7684
      vertex -33.8 -19.6 -84
      vertex -23.3588 -19.6 -74.3588
    endloop
  endfacet
  facet normal 0 1 0
    outer loop
      vertex -22.375 -19.6 -75.1136
      vertex -33.8 -19.6 -84
      vertex -22.8916 -19.6 -74.7684
    endloop
  endfacet
  facet normal 0 1 0
    outer loop
      vertex -21.8177 -19.6 -75.3884
      vertex -33.8 -19.6 -84
      vertex -22.375 -19.6 -75.1136
    endloop
  endfacet
  facet normal 0 1 0
    outer loop
      vertex -26 -19.6 -91.8
      vertex -21.8177 -19.6 -75.3884
      vertex -21.2294 -19.6 -75.5882
    endloop
  endfacet
  facet normal 0 1 0
    outer loop
      vertex -26 -19.6 -91.8
      vertex -21.2294 -19.6 -75.5882
      vertex -20.62 -19.6 -75.7094
    endloop
  endfacet
  facet normal 0 1 0
    outer loop
      vertex -19.38 -19.6 -75.7094
      vertex -26 -19.6 -91.8
      vertex -20 -19.6 -75.75
    endloop
  endfacet
  facet normal 0 1 0
    outer loop
      vertex 26 -19.6 -91.8
      vertex 33.8 -19.6 -84
      vertex 33.7333 -19.6 -85.0181
    endloop
  endfacet
  facet normal 0 1 0
    outer loop
      vertex -20 -19.6 -75.75
      vertex -26 -19.6 -91.8
      vertex -20.62 -19.6 -75.7094
    endloop
  endfacet
  facet normal 0 1 0
    outer loop
      vertex 26 -19.6 -91.8
      vertex 33.7333 -19.6 -85.0181
      vertex 33.5342 -19.6 -86.0188
    endloop
  endfacet
  facet normal 0 1 0
    outer loop
      vertex -21.8177 -19.6 -75.3884
      vertex -26 -19.6 -91.8
      vertex -33.8 -19.6 -84
    endloop
  endfacet
  facet normal 0 1 0
    outer loop
      vertex 26 -19.6 -91.8
      vertex 33.5342 -19.6 -86.0188
      vertex 33.2063 -19.6 -86.9849
    endloop
  endfacet
  facet normal 0 1 0
    outer loop
      vertex -33.8 -19.6 -84
      vertex -26 -19.6 -91.8
      vertex -33.7333 -19.6 -85.0181
    endloop
  endfacet
  facet normal 0 1 0
    outer loop
      vertex 26 -19.6 -91.8
      vertex 33.2063 -19.6 -86.9849
      vertex 32.755 -19.6 -87.9
    endloop
  endfacet
  facet normal 0 1 0
    outer loop
      vertex -33.7333 -19.6 -85.0181
      vertex -26 -19.6 -91.8
      vertex -33.5342 -19.6 -86.0188
    endloop
  endfacet
  facet normal 0 1 0
    outer loop
      vertex 26 -19.6 -91.8
      vertex 32.755 -19.6 -87.9
      vertex 32.1882 -19.6 -88.7483
    endloop
  endfacet
  facet normal 0 1 0
    outer loop
      vertex -33.5342 -19.6 -86.0188
      vertex -26 -19.6 -91.8
      vertex -33.2063 -19.6 -86.9849
    endloop
  endfacet
  facet normal 0 1 0
    outer loop
      vertex 26 -19.6 -91.8
      vertex 32.1882 -19.6 -88.7483
      vertex 31.5154 -19.6 -89.5154
    endloop
  endfacet
  facet normal 0 1 0
    outer loop
      vertex -33.2063 -19.6 -86.9849
      vertex -26 -19.6 -91.8
      vertex -32.755 -19.6 -87.9
    endloop
  endfacet
  facet normal 0 1 0
    outer loop
      vertex 26 -19.6 -91.8
      vertex 31.5154 -19.6 -89.5154
      vertex 30.7483 -19.6 -90.1882
    endloop
  endfacet
  facet normal 0 1 0
    outer loop
      vertex -32.755 -19.6 -87.9
      vertex -26 -19.6 -91.8
      vertex -32.1882 -19.6 -88.7483
    endloop
  endfacet
  facet normal 0 1 0
    outer loop
      vertex 26 -19.6 -91.8
      vertex 30.7483 -19.6 -90.1882
      vertex 29.9 -19.6 -90.755
    endloop
  endfacet
  facet normal 0 1 0
    outer loop
      vertex -32.1882 -19.6 -88.7483
      vertex -26 -19.6 -91.8
      vertex -31.5154 -19.6 -89.5154
    endloop
  endfacet
  facet normal 0 1 0
    outer loop
      vertex 26 -19.6 -91.8
      vertex 29.9 -19.6 -90.755
      vertex 28.9849 -19.6 -91.2063
    endloop
  endfacet
  facet normal 0 1 0
    outer loop
      vertex -31.5154 -19.6 -89.5154
      vertex -26 -19.6 -91.8
      vertex -30.7483 -19.6 -90.1882
    endloop
  endfacet
  facet normal 0 1 0
    outer loop
      vertex 26 -19.6 -91.8
      vertex 28.9849 -19.6 -91.2063
      vertex 28.0188 -19.6 -91.5342
    endloop
  endfacet
  facet normal 0 1 0
    outer loop
      vertex -30.7483 -19.6 -90.1882
      vertex -26 -19.6 -91.8
      vertex -29.9 -19.6 -90.755
    endloop
  endfacet
  facet normal 0 1 0
    outer loop
      vertex 26 -19.6 -91.8
      vertex 28.0188 -19.6 -91.5342
      vertex 27.0181 -19.6 -91.7333
    endloop
  endfacet
  facet normal 0 1 0
    outer loop
      vertex -29.9 -19.6 -90.755
      vertex -26 -19.6 -91.8
      vertex -28.9849 -19.6 -91.2063
    endloop
  endfacet
  facet normal 0 1 0
    outer loop
      vertex -28.9849 -19.6 -91.2063
      vertex -26 -19.6 -91.8
      vertex -28.0188 -19.6 -91.5342
    endloop
  endfacet
  facet normal 0 1 0
    outer loop
      vertex -28.0188 -19.6 -91.5342
      vertex -26 -19.6 -91.8
      vertex -27.0181 -19.6 -91.7333
    endloop
  endfacet
  facet normal 0 1 -0
    outer loop
      vertex 14.7 -19.6 55.5
      vertex 11 -19.6 65.5
      vertex 18.7 -19.6 55.5
    endloop
  endfacet
  facet normal 0 1 -0
    outer loop
      vertex 14.7 -19.6 44.444
      vertex 11 -19.6 65.5
      vertex 14.7 -19.6 55.5
    endloop
  endfacet
  facet normal 0 1 0
    outer loop
      vertex 11 -19.6 65.5
      vertex 14.7 -19.6 44.444
      vertex 11 -19.6 30.5
    endloop
  endfacet
  facet normal -0.195039 0 -0.980795
    outer loop
      vertex 27.1225 -17.2 92.5264
      vertex 28.2258 0 92.307
      vertex 28.2258 -17.2 92.307
    endloop
  endfacet
  facet normal -0.195039 0 -0.980795
    outer loop
      vertex 28.2258 0 92.307
      vertex 27.1225 -17.2 92.5264
      vertex 27.1225 0 92.5264
    endloop
  endfacet
  facet normal 0.185069 0.315634 -0.930658
    outer loop
      vertex -27.1225 -17.2 92.5264
      vertex -28.0188 -19.6 91.5342
      vertex -28.2258 -17.2 92.307
    endloop
  endfacet
  facet normal 0.195039 0 -0.980795
    outer loop
      vertex -28.2258 -17.2 92.307
      vertex -27.1225 0 92.5264
      vertex -27.1225 -17.2 92.5264
    endloop
  endfacet
  facet normal 0.195039 0 -0.980795
    outer loop
      vertex -27.1225 0 92.5264
      vertex -28.2258 -17.2 92.307
      vertex -28.2258 0 92.307
    endloop
  endfacet
  facet normal 0.85101 0.315613 -0.419727
    outer loop
      vertex -33.4478 -17.2 88.3
      vertex -32.755 -19.6 87.9
      vertex -33.9454 -17.2 87.2911
    endloop
  endfacet
  facet normal 0.659366 0 -0.751822
    outer loop
      vertex -32.0811 -17.2 90.0811
      vertex -31.2354 0 90.8228
      vertex -31.2354 -17.2 90.8228
    endloop
  endfacet
  facet normal 0.659366 0 -0.751822
    outer loop
      vertex -31.2354 0 90.8228
      vertex -32.0811 -17.2 90.0811
      vertex -32.0811 0 90.0811
    endloop
  endfacet
  facet normal -0.751822 0 -0.659366
    outer loop
      vertex 32.8228 -17.2 89.2354
      vertex 32.0811 0 90.0811
      vertex 32.8228 0 89.2354
    endloop
  endfacet
  facet normal -0.751822 -0 -0.659366
    outer loop
      vertex 32.0811 0 90.0811
      vertex 32.8228 -17.2 89.2354
      vertex 32.0811 -17.2 90.0811
    endloop
  endfacet
  facet normal -0.555561 0 -0.831475
    outer loop
      vertex 30.3 -17.2 91.4478
      vertex 31.2354 0 90.8228
      vertex 31.2354 -17.2 90.8228
    endloop
  endfacet
  facet normal -0.555561 0 -0.831475
    outer loop
      vertex 31.2354 0 90.8228
      vertex 30.3 -17.2 91.4478
      vertex 30.3 0 91.4478
    endloop
  endfacet
  facet normal 0.625682 0.315616 -0.713378
    outer loop
      vertex -31.2354 -17.2 90.8228
      vertex -30.7483 -19.6 90.1882
      vertex -31.5154 -19.6 89.5154
    endloop
  endfacet
  facet normal 0.625662 0.315626 -0.713391
    outer loop
      vertex -31.2354 -17.2 90.8228
      vertex -31.5154 -19.6 89.5154
      vertex -32.0811 -17.2 90.0811
    endloop
  endfacet
  facet normal 0.89853 0.315632 -0.304992
    outer loop
      vertex -33.9454 -17.2 87.2911
      vertex -33.5342 -19.6 86.0188
      vertex -34.307 -17.2 86.2258
    endloop
  endfacet
  facet normal 0.898541 0.315622 -0.30497
    outer loop
      vertex -33.2063 -19.6 86.9849
      vertex -33.5342 -19.6 86.0188
      vertex -33.9454 -17.2 87.2911
    endloop
  endfacet
  facet normal -0.321423 0 -0.946936
    outer loop
      vertex 28.2258 -17.2 92.307
      vertex 29.2911 0 91.9454
      vertex 29.2911 -17.2 91.9454
    endloop
  endfacet
  facet normal -0.321423 0 -0.946936
    outer loop
      vertex 29.2911 0 91.9454
      vertex 28.2258 -17.2 92.307
      vertex 28.2258 0 92.307
    endloop
  endfacet
  facet normal 0 1 0
    outer loop
      vertex 26 0 92.6
      vertex 26 0 95
      vertex 27.4358 0 94.9059
    endloop
  endfacet
  facet normal 0 1 0
    outer loop
      vertex 26 0 95
      vertex 26 0 92.6
      vertex -26 0 95
    endloop
  endfacet
  facet normal 0 1 0
    outer loop
      vertex 27.1225 0 92.5264
      vertex 27.4358 0 94.9059
      vertex 28.847 0 94.6252
    endloop
  endfacet
  facet normal 0 1 0
    outer loop
      vertex -26 0 92.6
      vertex -26 0 95
      vertex 26 0 92.6
    endloop
  endfacet
  facet normal 0 1 0
    outer loop
      vertex 28.2258 0 92.307
      vertex 28.847 0 94.6252
      vertex 30.2095 0 94.1627
    endloop
  endfacet
  facet normal 0 1 0
    outer loop
      vertex -26 0 95
      vertex -26 0 92.6
      vertex -27.4358 0 94.9059
    endloop
  endfacet
  facet normal 0 1 0
    outer loop
      vertex 29.2911 0 91.9454
      vertex 30.2095 0 94.1627
      vertex 31.5 0 93.5263
    endloop
  endfacet
  facet normal 0 1 -0
    outer loop
      vertex -27.1225 0 92.5264
      vertex -27.4358 0 94.9059
      vertex -26 0 92.6
    endloop
  endfacet
  facet normal 0 1 0
    outer loop
      vertex 30.3 0 91.4478
      vertex 31.5 0 93.5263
      vertex 32.6964 0 92.7269
    endloop
  endfacet
  facet normal 0 1 0
    outer loop
      vertex -27.4358 0 94.9059
      vertex -27.1225 0 92.5264
      vertex -28.847 0 94.6252
    endloop
  endfacet
  facet normal 0 1 -0
    outer loop
      vertex -28.2258 0 92.307
      vertex -28.847 0 94.6252
      vertex -27.1225 0 92.5264
    endloop
  endfacet
  facet normal 0 1 0
    outer loop
      vertex 27.4358 0 94.9059
      vertex 27.1225 0 92.5264
      vertex 26 0 92.6
    endloop
  endfacet
  facet normal 0 1 0
    outer loop
      vertex 28.847 0 94.6252
      vertex 28.2258 0 92.307
      vertex 27.1225 0 92.5264
    endloop
  endfacet
  facet normal 0 1 0
    outer loop
      vertex 30.2095 0 94.1627
      vertex 29.2911 0 91.9454
      vertex 28.2258 0 92.307
    endloop
  endfacet
  facet normal 0 1 0
    outer loop
      vertex 31.2354 0 90.8228
      vertex 32.6964 0 92.7269
      vertex 33.7782 0 91.7782
    endloop
  endfacet
  facet normal 0 1 0
    outer loop
      vertex 31.5 0 93.5263
      vertex 30.3 0 91.4478
      vertex 29.2911 0 91.9454
    endloop
  endfacet
  facet normal 0 1 0
    outer loop
      vertex 32.6964 0 92.7269
      vertex 31.2354 0 90.8228
      vertex 30.3 0 91.4478
    endloop
  endfacet
  facet normal 0 1 0
    outer loop
      vertex 32.0811 0 90.0811
      vertex 33.7782 0 91.7782
      vertex 34.7269 0 90.6964
    endloop
  endfacet
  facet normal 0 1 0
    outer loop
      vertex 33.7782 0 91.7782
      vertex 32.0811 0 90.0811
      vertex 31.2354 0 90.8228
    endloop
  endfacet
  facet normal 0 1 0
    outer loop
      vertex 32.8228 0 89.2354
      vertex 34.7269 0 90.6964
      vertex 35.5263 0 89.5
    endloop
  endfacet
  facet normal 0 1 0
    outer loop
      vertex 34.7269 0 90.6964
      vertex 32.8228 0 89.2354
      vertex 32.0811 0 90.0811
    endloop
  endfacet
  facet normal 0 1 0
    outer loop
      vertex 35.5263 0 89.5
      vertex 33.4478 0 88.3
      vertex 32.8228 0 89.2354
    endloop
  endfacet
  facet normal 0 1 0
    outer loop
      vertex 36.1627 0 88.2095
      vertex 33.4478 0 88.3
      vertex 35.5263 0 89.5
    endloop
  endfacet
  facet normal 0 1 0
    outer loop
      vertex 36.1627 0 88.2095
      vertex 33.9454 0 87.2911
      vertex 33.4478 0 88.3
    endloop
  endfacet
  facet normal 0 1 0
    outer loop
      vertex 36.6252 0 86.847
      vertex 33.9454 0 87.2911
      vertex 36.1627 0 88.2095
    endloop
  endfacet
  facet normal 0 1 0
    outer loop
      vertex 36.6252 0 86.847
      vertex 34.307 0 86.2258
      vertex 33.9454 0 87.2911
    endloop
  endfacet
  facet normal 0 1 0
    outer loop
      vertex 36.9059 0 85.4358
      vertex 34.307 0 86.2258
      vertex 36.6252 0 86.847
    endloop
  endfacet
  facet normal 0 1 0
    outer loop
      vertex 36.9059 0 85.4358
      vertex 34.5264 0 85.1225
      vertex 34.307 0 86.2258
    endloop
  endfacet
  facet normal 0 1 0
    outer loop
      vertex 37 0 84
      vertex 34.5264 0 85.1225
      vertex 36.9059 0 85.4358
    endloop
  endfacet
  facet normal 0 1 0
    outer loop
      vertex 37 0 84
      vertex 34.6 0 84
      vertex 34.5264 0 85.1225
    endloop
  endfacet
  facet normal 0 1 -0
    outer loop
      vertex 37 0 -84
      vertex 34.6 0 84
      vertex 37 0 84
    endloop
  endfacet
  facet normal 0 1 0
    outer loop
      vertex 37 0 -84
      vertex 34.6 0 -84
      vertex 34.6 0 84
    endloop
  endfacet
  facet normal 0 1 0
    outer loop
      vertex 37 0 -84
      vertex 34.5264 0 -85.1225
      vertex 34.6 0 -84
    endloop
  endfacet
  facet normal 0 1 -0
    outer loop
      vertex 36.9059 0 -85.4358
      vertex 34.5264 0 -85.1225
      vertex 37 0 -84
    endloop
  endfacet
  facet normal 0 1 0
    outer loop
      vertex 36.9059 0 -85.4358
      vertex 34.307 0 -86.2258
      vertex 34.5264 0 -85.1225
    endloop
  endfacet
  facet normal 0 1 -0
    outer loop
      vertex 36.6252 0 -86.847
      vertex 34.307 0 -86.2258
      vertex 36.9059 0 -85.4358
    endloop
  endfacet
  facet normal 0 1 0
    outer loop
      vertex 36.6252 0 -86.847
      vertex 33.9454 0 -87.2911
      vertex 34.307 0 -86.2258
    endloop
  endfacet
  facet normal 0 1 -0
    outer loop
      vertex 36.1627 0 -88.2095
      vertex 33.9454 0 -87.2911
      vertex 36.6252 0 -86.847
    endloop
  endfacet
  facet normal 0 1 0
    outer loop
      vertex 36.1627 0 -88.2095
      vertex 33.4478 0 -88.3
      vertex 33.9454 0 -87.2911
    endloop
  endfacet
  facet normal 0 1 -0
    outer loop
      vertex 35.5263 0 -89.5
      vertex 33.4478 0 -88.3
      vertex 36.1627 0 -88.2095
    endloop
  endfacet
  facet normal 0 1 0
    outer loop
      vertex 33.4478 0 -88.3
      vertex 35.5263 0 -89.5
      vertex 32.8228 0 -89.2354
    endloop
  endfacet
  facet normal 0 1 -0
    outer loop
      vertex 34.7269 0 -90.6964
      vertex 32.8228 0 -89.2354
      vertex 35.5263 0 -89.5
    endloop
  endfacet
  facet normal 0 1 0
    outer loop
      vertex 32.8228 0 -89.2354
      vertex 34.7269 0 -90.6964
      vertex 32.0811 0 -90.0811
    endloop
  endfacet
  facet normal 0 1 -0
    outer loop
      vertex 33.7782 0 -91.7782
      vertex 32.0811 0 -90.0811
      vertex 34.7269 0 -90.6964
    endloop
  endfacet
  facet normal 0 1 0
    outer loop
      vertex 32.0811 0 -90.0811
      vertex 33.7782 0 -91.7782
      vertex 31.2354 0 -90.8228
    endloop
  endfacet
  facet normal 0 1 -0
    outer loop
      vertex 32.6964 0 -92.7269
      vertex 31.2354 0 -90.8228
      vertex 33.7782 0 -91.7782
    endloop
  endfacet
  facet normal 0 1 0
    outer loop
      vertex 31.2354 0 -90.8228
      vertex 32.6964 0 -92.7269
      vertex 30.3 0 -91.4478
    endloop
  endfacet
  facet normal 0 1 -0
    outer loop
      vertex 31.5 0 -93.5263
      vertex 30.3 0 -91.4478
      vertex 32.6964 0 -92.7269
    endloop
  endfacet
  facet normal 0 1 0
    outer loop
      vertex 30.3 0 -91.4478
      vertex 31.5 0 -93.5263
      vertex 29.2911 0 -91.9454
    endloop
  endfacet
  facet normal 0 1 -0
    outer loop
      vertex 28.847 0 -94.6252
      vertex 28.2258 0 -92.307
      vertex 30.2095 0 -94.1627
    endloop
  endfacet
  facet normal 0 1 0
    outer loop
      vertex 29.2911 0 -91.9454
      vertex 30.2095 0 -94.1627
      vertex 28.2258 0 -92.307
    endloop
  endfacet
  facet normal 0 1 -0
    outer loop
      vertex 30.2095 0 -94.1627
      vertex 29.2911 0 -91.9454
      vertex 31.5 0 -93.5263
    endloop
  endfacet
  facet normal 0 1 0
    outer loop
      vertex -28.847 0 94.6252
      vertex -28.2258 0 92.307
      vertex -30.2095 0 94.1627
    endloop
  endfacet
  facet normal 0 1 -0
    outer loop
      vertex -29.2911 0 91.9454
      vertex -30.2095 0 94.1627
      vertex -28.2258 0 92.307
    endloop
  endfacet
  facet normal 0 1 0
    outer loop
      vertex -30.2095 0 94.1627
      vertex -29.2911 0 91.9454
      vertex -31.5 0 93.5263
    endloop
  endfacet
  facet normal 0 1 -0
    outer loop
      vertex -30.3 0 91.4478
      vertex -31.5 0 93.5263
      vertex -29.2911 0 91.9454
    endloop
  endfacet
  facet normal 0 1 0
    outer loop
      vertex -31.5 0 93.5263
      vertex -30.3 0 91.4478
      vertex -32.6964 0 92.7269
    endloop
  endfacet
  facet normal 0 1 -0
    outer loop
      vertex -31.2354 0 90.8228
      vertex -32.6964 0 92.7269
      vertex -30.3 0 91.4478
    endloop
  endfacet
  facet normal 0 1 0
    outer loop
      vertex -32.6964 0 92.7269
      vertex -31.2354 0 90.8228
      vertex -33.7782 0 91.7782
    endloop
  endfacet
  facet normal 0 1 -0
    outer loop
      vertex -32.0811 0 90.0811
      vertex -33.7782 0 91.7782
      vertex -31.2354 0 90.8228
    endloop
  endfacet
  facet normal 0 1 0
    outer loop
      vertex -33.7782 0 91.7782
      vertex -32.0811 0 90.0811
      vertex -34.7269 0 90.6964
    endloop
  endfacet
  facet normal 0 1 -0
    outer loop
      vertex -32.8228 0 89.2354
      vertex -34.7269 0 90.6964
      vertex -32.0811 0 90.0811
    endloop
  endfacet
  facet normal 0 1 0
    outer loop
      vertex -34.7269 0 90.6964
      vertex -32.8228 0 89.2354
      vertex -35.5263 0 89.5
    endloop
  endfacet
  facet normal 0 1 -0
    outer loop
      vertex -33.4478 0 88.3
      vertex -35.5263 0 89.5
      vertex -32.8228 0 89.2354
    endloop
  endfacet
  facet normal 0 1 0
    outer loop
      vertex -33.4478 0 88.3
      vertex -36.1627 0 88.2095
      vertex -35.5263 0 89.5
    endloop
  endfacet
  facet normal 0 1 -0
    outer loop
      vertex -33.9454 0 87.2911
      vertex -36.1627 0 88.2095
      vertex -33.4478 0 88.3
    endloop
  endfacet
  facet normal 0 1 0
    outer loop
      vertex -33.9454 0 87.2911
      vertex -36.6252 0 86.847
      vertex -36.1627 0 88.2095
    endloop
  endfacet
  facet normal 0 1 -0
    outer loop
      vertex -34.307 0 86.2258
      vertex -36.6252 0 86.847
      vertex -33.9454 0 87.2911
    endloop
  endfacet
  facet normal 0 1 0
    outer loop
      vertex -34.307 0 86.2258
      vertex -36.9059 0 85.4358
      vertex -36.6252 0 86.847
    endloop
  endfacet
  facet normal 0 1 -0
    outer loop
      vertex -34.5264 0 85.1225
      vertex -36.9059 0 85.4358
      vertex -34.307 0 86.2258
    endloop
  endfacet
  facet normal 0 1 -0
    outer loop
      vertex -34.6 0 84
      vertex -36.9059 0 85.4358
      vertex -34.5264 0 85.1225
    endloop
  endfacet
  facet normal 0 1 0
    outer loop
      vertex -34.6 0 84
      vertex -37 0 84
      vertex -36.9059 0 85.4358
    endloop
  endfacet
  facet normal 0 1 -0
    outer loop
      vertex -34.6 0 -84
      vertex -37 0 84
      vertex -34.6 0 84
    endloop
  endfacet
  facet normal 0 1 0
    outer loop
      vertex -34.6 0 -84
      vertex -37 0 -84
      vertex -37 0 84
    endloop
  endfacet
  facet normal 0 1 0
    outer loop
      vertex -34.5264 0 -85.1225
      vertex -37 0 -84
      vertex -34.6 0 -84
    endloop
  endfacet
  facet normal 0 1 0
    outer loop
      vertex -34.5264 0 -85.1225
      vertex -36.9059 0 -85.4358
      vertex -37 0 -84
    endloop
  endfacet
  facet normal 0 1 0
    outer loop
      vertex -34.307 0 -86.2258
      vertex -36.9059 0 -85.4358
      vertex -34.5264 0 -85.1225
    endloop
  endfacet
  facet normal 0 1 0
    outer loop
      vertex -34.307 0 -86.2258
      vertex -36.6252 0 -86.847
      vertex -36.9059 0 -85.4358
    endloop
  endfacet
  facet normal 0 1 0
    outer loop
      vertex -33.9454 0 -87.2911
      vertex -36.6252 0 -86.847
      vertex -34.307 0 -86.2258
    endloop
  endfacet
  facet normal 0 1 0
    outer loop
      vertex -33.9454 0 -87.2911
      vertex -36.1627 0 -88.2095
      vertex -36.6252 0 -86.847
    endloop
  endfacet
  facet normal 0 1 0
    outer loop
      vertex -33.4478 0 -88.3
      vertex -36.1627 0 -88.2095
      vertex -33.9454 0 -87.2911
    endloop
  endfacet
  facet normal 0 1 0
    outer loop
      vertex -35.5263 0 -89.5
      vertex -33.4478 0 -88.3
      vertex -32.8228 0 -89.2354
    endloop
  endfacet
  facet normal 0 1 0
    outer loop
      vertex -33.4478 0 -88.3
      vertex -35.5263 0 -89.5
      vertex -36.1627 0 -88.2095
    endloop
  endfacet
  facet normal 0 1 0
    outer loop
      vertex -34.7269 0 -90.6964
      vertex -32.8228 0 -89.2354
      vertex -32.0811 0 -90.0811
    endloop
  endfacet
  facet normal 0 1 0
    outer loop
      vertex -32.8228 0 -89.2354
      vertex -34.7269 0 -90.6964
      vertex -35.5263 0 -89.5
    endloop
  endfacet
  facet normal 0 1 0
    outer loop
      vertex -33.7782 0 -91.7782
      vertex -32.0811 0 -90.0811
      vertex -31.2354 0 -90.8228
    endloop
  endfacet
  facet normal 0 1 0
    outer loop
      vertex -32.6964 0 -92.7269
      vertex -31.2354 0 -90.8228
      vertex -30.3 0 -91.4478
    endloop
  endfacet
  facet normal 0 1 0
    outer loop
      vertex -32.0811 0 -90.0811
      vertex -33.7782 0 -91.7782
      vertex -34.7269 0 -90.6964
    endloop
  endfacet
  facet normal 0 1 0
    outer loop
      vertex -31.5 0 -93.5263
      vertex -30.3 0 -91.4478
      vertex -29.2911 0 -91.9454
    endloop
  endfacet
  facet normal 0 1 0
    outer loop
      vertex -30.2095 0 -94.1627
      vertex -29.2911 0 -91.9454
      vertex -28.2258 0 -92.307
    endloop
  endfacet
  facet normal 0 1 0
    outer loop
      vertex -28.847 0 -94.6252
      vertex -28.2258 0 -92.307
      vertex -27.1225 0 -92.5264
    endloop
  endfacet
  facet normal 0 1 0
    outer loop
      vertex -31.2354 0 -90.8228
      vertex -32.6964 0 -92.7269
      vertex -33.7782 0 -91.7782
    endloop
  endfacet
  facet normal 0 1 0
    outer loop
      vertex -27.4358 0 -94.9059
      vertex -27.1225 0 -92.5264
      vertex -26 0 -92.6
    endloop
  endfacet
  facet normal 0 1 0
    outer loop
      vertex 26 0 -92.6
      vertex 26 0 -95
      vertex -26 0 -92.6
    endloop
  endfacet
  facet normal 0 1 0
    outer loop
      vertex 28.2258 0 -92.307
      vertex 28.847 0 -94.6252
      vertex 27.1225 0 -92.5264
    endloop
  endfacet
  facet normal 0 1 0
    outer loop
      vertex -26 0 -95
      vertex -26 0 -92.6
      vertex 26 0 -95
    endloop
  endfacet
  facet normal 0 1 -0
    outer loop
      vertex 27.4358 0 -94.9059
      vertex 27.1225 0 -92.5264
      vertex 28.847 0 -94.6252
    endloop
  endfacet
  facet normal -0 1 0
    outer loop
      vertex -27.4358 0 -94.9059
      vertex -26 0 -92.6
      vertex -26 0 -95
    endloop
  endfacet
  facet normal 0 1 0
    outer loop
      vertex 27.1225 0 -92.5264
      vertex 27.4358 0 -94.9059
      vertex 26 0 -92.6
    endloop
  endfacet
  facet normal 0 1 0
    outer loop
      vertex -30.3 0 -91.4478
      vertex -31.5 0 -93.5263
      vertex -32.6964 0 -92.7269
    endloop
  endfacet
  facet normal 0 1 0
    outer loop
      vertex 26 0 -92.6
      vertex 27.4358 0 -94.9059
      vertex 26 0 -95
    endloop
  endfacet
  facet normal 0 1 0
    outer loop
      vertex -29.2911 0 -91.9454
      vertex -30.2095 0 -94.1627
      vertex -31.5 0 -93.5263
    endloop
  endfacet
  facet normal 0 1 0
    outer loop
      vertex -28.2258 0 -92.307
      vertex -28.847 0 -94.6252
      vertex -30.2095 0 -94.1627
    endloop
  endfacet
  facet normal 0 1 0
    outer loop
      vertex -27.1225 0 -92.5264
      vertex -27.4358 0 -94.9059
      vertex -28.847 0 -94.6252
    endloop
  endfacet
  facet normal 0 -0.442286 0.896874
    outer loop
      vertex -18.7 -8.28744 54.0052
      vertex -14.7 -8.99758 53.655
      vertex -14.7 -8.28744 54.0052
    endloop
  endfacet
  facet normal 0 -0.442286 0.896874
    outer loop
      vertex -14.7 -8.99758 53.655
      vertex -18.7 -8.28744 54.0052
      vertex -18.7 -8.99758 53.655
    endloop
  endfacet
  facet normal 0 0.555596 -0.831453
    outer loop
      vertex -18.7 -2.55 42.3708
      vertex -14.7 -1.84305 42.8432
      vertex -14.7 -2.55 42.3708
    endloop
  endfacet
  facet normal 0 0.555596 -0.831453
    outer loop
      vertex -14.7 -1.84305 42.8432
      vertex -18.7 -2.55 42.3708
      vertex -18.7 -1.84305 42.8432
    endloop
  endfacet
  facet normal 0 0.0653933 -0.99786
    outer loop
      vertex -18.7 -5.8 41.5
      vertex -14.7 -4.95158 41.5556
      vertex -14.7 -5.8 41.5
    endloop
  endfacet
  facet normal 0 0.0653933 -0.99786
    outer loop
      vertex -14.7 -4.95158 41.5556
      vertex -18.7 -5.8 41.5
      vertex -18.7 -4.95158 41.5556
    endloop
  endfacet
  facet normal 0 -0.0653933 -0.99786
    outer loop
      vertex -18.7 -6.64842 41.5556
      vertex -14.7 -5.8 41.5
      vertex -14.7 -6.64842 41.5556
    endloop
  endfacet
  facet normal -0 -0.0653933 -0.99786
    outer loop
      vertex -14.7 -5.8 41.5
      vertex -18.7 -6.64842 41.5556
      vertex -18.7 -5.8 41.5
    endloop
  endfacet
  facet normal 0 -0.555596 -0.831453
    outer loop
      vertex -18.7 -9.75695 42.8432
      vertex -14.7 -9.05 42.3708
      vertex -14.7 -9.75695 42.8432
    endloop
  endfacet
  facet normal -0 -0.555596 -0.831453
    outer loop
      vertex -14.7 -9.05 42.3708
      vertex -18.7 -9.75695 42.8432
      vertex -18.7 -9.05 42.3708
    endloop
  endfacet
  facet normal 0 -0.321438 -0.946931
    outer loop
      vertex -18.7 -8.28744 41.9948
      vertex -14.7 -7.48232 41.7215
      vertex -14.7 -8.28744 41.9948
    endloop
  endfacet
  facet normal -0 -0.321438 -0.946931
    outer loop
      vertex -14.7 -7.48232 41.7215
      vertex -18.7 -8.28744 41.9948
      vertex -18.7 -7.48232 41.7215
    endloop
  endfacet
  facet normal 0 -0.442239 -0.896897
    outer loop
      vertex -18.7 -9.05 42.3708
      vertex -14.7 -8.28744 41.9948
      vertex -14.7 -9.05 42.3708
    endloop
  endfacet
  facet normal -0 -0.442239 -0.896897
    outer loop
      vertex -14.7 -8.28744 41.9948
      vertex -18.7 -9.05 42.3708
      vertex -18.7 -8.28744 41.9948
    endloop
  endfacet
  facet normal 0 -0.659341 -0.751844
    outer loop
      vertex -18.7 -10.3962 43.4038
      vertex -14.7 -9.75695 42.8432
      vertex -14.7 -10.3962 43.4038
    endloop
  endfacet
  facet normal -0 -0.659341 -0.751844
    outer loop
      vertex -14.7 -9.75695 42.8432
      vertex -18.7 -10.3962 43.4038
      vertex -18.7 -9.75695 42.8432
    endloop
  endfacet
  facet normal 0 -0.751835 -0.659351
    outer loop
      vertex -18.7 -10.3962 43.4038
      vertex -14.7 -10.6828 43.7306
      vertex -18.7 -10.6828 43.7306
    endloop
  endfacet
  facet normal 0 -0.751835 -0.659351
    outer loop
      vertex -14.7 -10.6828 43.7306
      vertex -18.7 -10.3962 43.4038
      vertex -14.7 -10.3962 43.4038
    endloop
  endfacet
  facet normal -0 0.0653933 0.99786
    outer loop
      vertex -18.7 -4.95158 54.4444
      vertex -14.7 -5.8 54.5
      vertex -14.7 -4.95158 54.4444
    endloop
  endfacet
  facet normal 0 0.0653933 0.99786
    outer loop
      vertex -14.7 -5.8 54.5
      vertex -18.7 -4.95158 54.4444
      vertex -18.7 -5.8 54.5
    endloop
  endfacet
  facet normal 0 0.195121 -0.980779
    outer loop
      vertex -18.7 -4.95158 41.5556
      vertex -14.7 -4.11768 41.7215
      vertex -14.7 -4.95158 41.5556
    endloop
  endfacet
  facet normal 0 0.195121 -0.980779
    outer loop
      vertex -14.7 -4.11768 41.7215
      vertex -18.7 -4.95158 41.5556
      vertex -18.7 -4.11768 41.7215
    endloop
  endfacet
  facet normal 0 -0.195121 0.980779
    outer loop
      vertex -18.7 -6.64842 54.4444
      vertex -14.7 -7.48232 54.2785
      vertex -14.7 -6.64842 54.4444
    endloop
  endfacet
  facet normal 0 -0.195121 0.980779
    outer loop
      vertex -14.7 -7.48232 54.2785
      vertex -18.7 -6.64842 54.4444
      vertex -18.7 -7.48232 54.2785
    endloop
  endfacet
  facet normal 0 -0.0653933 0.99786
    outer loop
      vertex -18.7 -5.8 54.5
      vertex -14.7 -6.64842 54.4444
      vertex -14.7 -5.8 54.5
    endloop
  endfacet
  facet normal 0 -0.0653933 0.99786
    outer loop
      vertex -14.7 -6.64842 54.4444
      vertex -18.7 -5.8 54.5
      vertex -18.7 -6.64842 54.4444
    endloop
  endfacet
  facet normal 0 0.442239 -0.896897
    outer loop
      vertex -18.7 -3.31256 41.9948
      vertex -14.7 -2.55 42.3708
      vertex -14.7 -3.31256 41.9948
    endloop
  endfacet
  facet normal 0 0.442239 -0.896897
    outer loop
      vertex -14.7 -2.55 42.3708
      vertex -18.7 -3.31256 41.9948
      vertex -18.7 -2.55 42.3708
    endloop
  endfacet
  facet normal -0 0.321383 0.946949
    outer loop
      vertex -18.7 -3.90406 54.206
      vertex -14.7 -4.11768 54.2785
      vertex -14.7 -3.90406 54.206
    endloop
  endfacet
  facet normal 0 0.321383 0.946949
    outer loop
      vertex -14.7 -4.11768 54.2785
      vertex -18.7 -3.90406 54.206
      vertex -18.7 -4.11768 54.2785
    endloop
  endfacet
  facet normal 0 0.89685 -0.442335
    outer loop
      vertex -14.7 -0.170835 44.75
      vertex -18.7 -0.0710587 44.9523
      vertex -14.7 -0.0710587 44.9523
    endloop
  endfacet
  facet normal 0 0.89685 -0.442335
    outer loop
      vertex -18.7 -0.0710587 44.9523
      vertex -14.7 -0.170835 44.75
      vertex -18.7 -0.170835 44.75
    endloop
  endfacet
  facet normal 0 0.75182 -0.659368
    outer loop
      vertex -14.7 -1.2038 43.4038
      vertex -18.7 -0.643203 44.043
      vertex -14.7 -0.643203 44.043
    endloop
  endfacet
  facet normal 0 0.75182 -0.659368
    outer loop
      vertex -18.7 -0.643203 44.043
      vertex -14.7 -1.2038 43.4038
      vertex -18.7 -1.2038 43.4038
    endloop
  endfacet
  facet normal 0 0.831488 -0.555542
    outer loop
      vertex -14.7 -0.643203 44.043
      vertex -18.7 -0.170835 44.75
      vertex -14.7 -0.170835 44.75
    endloop
  endfacet
  facet normal 0 0.831488 -0.555542
    outer loop
      vertex -18.7 -0.170835 44.75
      vertex -14.7 -0.643203 44.043
      vertex -18.7 -0.643203 44.043
    endloop
  endfacet
  facet normal 0 -0.195121 -0.980779
    outer loop
      vertex -18.7 -7.48232 41.7215
      vertex -14.7 -6.64842 41.5556
      vertex -14.7 -7.48232 41.7215
    endloop
  endfacet
  facet normal -0 -0.195121 -0.980779
    outer loop
      vertex -14.7 -6.64842 41.5556
      vertex -18.7 -7.48232 41.7215
      vertex -18.7 -6.64842 41.5556
    endloop
  endfacet
  facet normal 1 0 0
    outer loop
      vertex -14.7 -0.643203 44.043
      vertex -14.7 -4.64964 47.1173
      vertex -14.7 -1.2038 43.4038
    endloop
  endfacet
  facet normal 1 -0 0
    outer loop
      vertex -14.7 -4.77469 46.9747
      vertex -14.7 -1.2038 43.4038
      vertex -14.7 -4.64964 47.1173
    endloop
  endfacet
  facet normal 1 0 0
    outer loop
      vertex -14.7 -1.2038 43.4038
      vertex -14.7 -4.77469 46.9747
      vertex -14.7 -1.84305 42.8432
    endloop
  endfacet
  facet normal 1 -0 0
    outer loop
      vertex -14.7 -4.9173 46.8496
      vertex -14.7 -1.84305 42.8432
      vertex -14.7 -4.77469 46.9747
    endloop
  endfacet
  facet normal 1 0 0
    outer loop
      vertex -14.7 -1.84305 42.8432
      vertex -14.7 -4.9173 46.8496
      vertex -14.7 -2.55 42.3708
    endloop
  endfacet
  facet normal 1 -0 0
    outer loop
      vertex -14.7 -5.075 46.7443
      vertex -14.7 -2.55 42.3708
      vertex -14.7 -4.9173 46.8496
    endloop
  endfacet
  facet normal 1 0 0
    outer loop
      vertex -14.7 -2.55 42.3708
      vertex -14.7 -5.075 46.7443
      vertex -14.7 -3.31256 41.9948
    endloop
  endfacet
  facet normal 1 -0 0
    outer loop
      vertex -14.7 -5.24511 46.6604
      vertex -14.7 -3.31256 41.9948
      vertex -14.7 -5.075 46.7443
    endloop
  endfacet
  facet normal 1 0 0
    outer loop
      vertex -14.7 -3.31256 41.9948
      vertex -14.7 -5.24511 46.6604
      vertex -14.7 -4.11768 41.7215
    endloop
  endfacet
  facet normal 1 -0 0
    outer loop
      vertex -14.7 -5.42471 46.5994
      vertex -14.7 -4.11768 41.7215
      vertex -14.7 -5.24511 46.6604
    endloop
  endfacet
  facet normal 1 0 0
    outer loop
      vertex -14.7 -4.11768 41.7215
      vertex -14.7 -5.42471 46.5994
      vertex -14.7 -4.95158 41.5556
    endloop
  endfacet
  facet normal 1 -0 0
    outer loop
      vertex -14.7 -5.61074 46.5624
      vertex -14.7 -4.95158 41.5556
      vertex -14.7 -5.42471 46.5994
    endloop
  endfacet
  facet normal 1 -0 0
    outer loop
      vertex -14.7 -5.8 46.55
      vertex -14.7 -4.95158 41.5556
      vertex -14.7 -5.61074 46.5624
    endloop
  endfacet
  facet normal 1 0 0
    outer loop
      vertex -14.7 -5.8 46.55
      vertex -14.7 -5.8 41.5
      vertex -14.7 -4.95158 41.5556
    endloop
  endfacet
  facet normal 1 0 0
    outer loop
      vertex -14.7 -5.98926 46.5624
      vertex -14.7 -5.8 41.5
      vertex -14.7 -5.8 46.55
    endloop
  endfacet
  facet normal 1 0 0
    outer loop
      vertex -14.7 -6.64842 41.5556
      vertex -14.7 -5.98926 46.5624
      vertex -14.7 -6.17529 46.5994
    endloop
  endfacet
  facet normal 1 0 0
    outer loop
      vertex -14.7 -7.48232 41.7215
      vertex -14.7 -6.17529 46.5994
      vertex -14.7 -6.35489 46.6604
    endloop
  endfacet
  facet normal 1 0 0
    outer loop
      vertex -14.7 -8.28744 41.9948
      vertex -14.7 -6.35489 46.6604
      vertex -14.7 -6.525 46.7443
    endloop
  endfacet
  facet normal 1 0 0
    outer loop
      vertex -14.7 -5.98926 46.5624
      vertex -14.7 -6.64842 41.5556
      vertex -14.7 -5.8 41.5
    endloop
  endfacet
  facet normal 1 0 0
    outer loop
      vertex -14.7 -9.05 42.3708
      vertex -14.7 -6.525 46.7443
      vertex -14.7 -6.6827 46.8496
    endloop
  endfacet
  facet normal 1 0 0
    outer loop
      vertex -14.7 -9.75695 42.8432
      vertex -14.7 -6.6827 46.8496
      vertex -14.7 -6.8253 46.9747
    endloop
  endfacet
  facet normal 1 0 0
    outer loop
      vertex -14.7 -10.6828 43.7306
      vertex -14.7 -6.8253 46.9747
      vertex -14.7 -6.95036 47.1173
    endloop
  endfacet
  facet normal 1 0 0
    outer loop
      vertex -14.7 -10.6828 43.7306
      vertex -14.7 -6.95036 47.1173
      vertex -14.7 -7.05574 47.275
    endloop
  endfacet
  facet normal 1 0 0
    outer loop
      vertex -14.7 -10.6828 43.7306
      vertex -14.7 -7.05574 47.275
      vertex -14.7 -7.13962 47.4451
    endloop
  endfacet
  facet normal 1 0 0
    outer loop
      vertex -14.7 -10.6828 43.7306
      vertex -14.7 -7.13962 47.4451
      vertex -14.7 -7.20059 47.6247
    endloop
  endfacet
  facet normal 1 0 0
    outer loop
      vertex -14.7 -10.6828 43.7306
      vertex -14.7 -7.20059 47.6247
      vertex -14.7 -7.23759 47.8107
    endloop
  endfacet
  facet normal 1 0 0
    outer loop
      vertex -14.7 -6.17529 46.5994
      vertex -14.7 -7.48232 41.7215
      vertex -14.7 -6.64842 41.5556
    endloop
  endfacet
  facet normal 1 0 0
    outer loop
      vertex -14.7 -10.6828 43.7306
      vertex -14.7 -7.23759 47.8107
      vertex -14.7 -7.25 48
    endloop
  endfacet
  facet normal 1 0 0
    outer loop
      vertex -14.7 -7.20059 48.3753
      vertex -14.7 -8.99758 53.655
      vertex -14.7 -7.23759 48.1893
    endloop
  endfacet
  facet normal 1 0 0
    outer loop
      vertex -14.7 -10.6828 43.7306
      vertex -14.7 -7.23759 48.1893
      vertex -14.7 -8.99758 53.655
    endloop
  endfacet
  facet normal 1 0 0
    outer loop
      vertex -14.7 -6.35489 46.6604
      vertex -14.7 -8.28744 41.9948
      vertex -14.7 -7.48232 41.7215
    endloop
  endfacet
  facet normal 1 0 0
    outer loop
      vertex -14.7 -7.23759 48.1893
      vertex -14.7 -10.6828 43.7306
      vertex -14.7 -7.25 48
    endloop
  endfacet
  facet normal 1 0 0
    outer loop
      vertex -14.7 -6.525 46.7443
      vertex -14.7 -9.05 42.3708
      vertex -14.7 -8.28744 41.9948
    endloop
  endfacet
  facet normal 1 0 0
    outer loop
      vertex -14.7 -6.8253 46.9747
      vertex -14.7 -10.6828 43.7306
      vertex -14.7 -10.3962 43.4038
    endloop
  endfacet
  facet normal 1 0 0
    outer loop
      vertex -14.7 -6.6827 46.8496
      vertex -14.7 -9.75695 42.8432
      vertex -14.7 -9.05 42.3708
    endloop
  endfacet
  facet normal 1 0 0
    outer loop
      vertex -14.7 -6.8253 46.9747
      vertex -14.7 -10.3962 43.4038
      vertex -14.7 -9.75695 42.8432
    endloop
  endfacet
  facet normal 1 0 0
    outer loop
      vertex -14.7 -17.3 55.5
      vertex -14.7 -10.6828 43.7306
      vertex -14.7 -8.99758 53.655
    endloop
  endfacet
  facet normal 1 0 0
    outer loop
      vertex -14.7 -19.6 44.444
      vertex -14.7 -17.3 55.5
      vertex -14.7 -19.6 55.5
    endloop
  endfacet
  facet normal 1 0 0
    outer loop
      vertex -14.7 -17.3 55.5
      vertex -14.7 -19.6 44.444
      vertex -14.7 -10.6828 43.7306
    endloop
  endfacet
  facet normal 1 0 0
    outer loop
      vertex -14.7 8.50626 50.3454
      vertex -14.7 6.15158 50.0354
      vertex -14.7 6.16548 49.8233
    endloop
  endfacet
  facet normal 1 0 0
    outer loop
      vertex -14.7 6.49661 55.5533
      vertex -14.7 6.08165 50.3952
      vertex -14.7 6.15158 50.0354
    endloop
  endfacet
  facet normal 1 0 0
    outer loop
      vertex -14.7 6.49661 55.5533
      vertex -14.7 6.04018 50.6037
      vertex -14.7 6.08165 50.3952
    endloop
  endfacet
  facet normal 1 0 0
    outer loop
      vertex -14.7 4.19409 54.8608
      vertex -14.7 6.2652 56.0226
      vertex -14.7 5.97451 56.4576
    endloop
  endfacet
  facet normal 1 0 0
    outer loop
      vertex -14.7 6.49661 55.5533
      vertex -14.7 5.95773 50.9608
      vertex -14.7 6.04018 50.6037
    endloop
  endfacet
  facet normal 1 0 0
    outer loop
      vertex -14.7 6.49661 55.5533
      vertex -14.7 5.86288 51.3148
      vertex -14.7 5.95773 50.9608
    endloop
  endfacet
  facet normal 1 0 0
    outer loop
      vertex -14.7 6.49661 55.5533
      vertex -14.7 5.75572 51.6653
      vertex -14.7 5.86288 51.3148
    endloop
  endfacet
  facet normal 1 0 0
    outer loop
      vertex -14.7 6.49661 55.5533
      vertex -14.7 5.6874 51.8665
      vertex -14.7 5.75572 51.6653
    endloop
  endfacet
  facet normal 1 0 0
    outer loop
      vertex -14.7 4.05394 55.0206
      vertex -14.7 5.97451 56.4576
      vertex -14.7 5.62952 56.851
    endloop
  endfacet
  facet normal 1 0 0
    outer loop
      vertex -14.7 6.49661 55.5533
      vertex -14.7 5.56808 52.2131
      vertex -14.7 5.6874 51.8665
    endloop
  endfacet
  facet normal 1 0 0
    outer loop
      vertex -14.7 6.49661 55.5533
      vertex -14.7 5.43673 52.5552
      vertex -14.7 5.56808 52.2131
    endloop
  endfacet
  facet normal 1 0 0
    outer loop
      vertex -14.7 6.49661 55.5533
      vertex -14.7 5.29353 52.8926
      vertex -14.7 5.43673 52.5552
    endloop
  endfacet
  facet normal 1 0 0
    outer loop
      vertex -14.7 3.89413 55.1607
      vertex -14.7 5.62952 56.851
      vertex -14.7 5.23614 57.196
    endloop
  endfacet
  facet normal 1 0 0
    outer loop
      vertex -14.7 6.49661 55.5533
      vertex -14.7 5.13864 53.2248
      vertex -14.7 5.29353 52.8926
    endloop
  endfacet
  facet normal 1 0 0
    outer loop
      vertex -14.7 6.49661 55.5533
      vertex -14.7 5.04463 53.4154
      vertex -14.7 5.13864 53.2248
    endloop
  endfacet
  facet normal 1 0 0
    outer loop
      vertex -14.7 6.49661 55.5533
      vertex -14.7 4.87824 53.742
      vertex -14.7 5.04463 53.4154
    endloop
  endfacet
  facet normal 1 0 0
    outer loop
      vertex -14.7 3.71739 55.2788
      vertex -14.7 5.23614 57.196
      vertex -14.7 4.8011 57.4867
    endloop
  endfacet
  facet normal 1 0 0
    outer loop
      vertex -14.7 6.49661 55.5533
      vertex -14.7 4.70056 54.0625
      vertex -14.7 4.87824 53.742
    endloop
  endfacet
  facet normal 1 0 0
    outer loop
      vertex -14.7 6.49661 55.5533
      vertex -14.7 4.5118 54.3767
      vertex -14.7 4.70056 54.0625
    endloop
  endfacet
  facet normal 1 0 0
    outer loop
      vertex -14.7 3.52675 55.3728
      vertex -14.7 4.8011 57.4867
      vertex -14.7 4.33183 57.7181
    endloop
  endfacet
  facet normal 1 0 0
    outer loop
      vertex -14.7 6.49661 55.5533
      vertex -14.7 4.31219 54.684
      vertex -14.7 4.5118 54.3767
    endloop
  endfacet
  facet normal 1 0 0
    outer loop
      vertex -14.7 6.2652 56.0226
      vertex -14.7 4.19409 54.8608
      vertex -14.7 4.31219 54.684
    endloop
  endfacet
  facet normal 1 0 0
    outer loop
      vertex -14.7 5.97451 56.4576
      vertex -14.7 4.05394 55.0206
      vertex -14.7 4.19409 54.8608
    endloop
  endfacet
  facet normal 1 0 0
    outer loop
      vertex -14.7 5.62952 56.851
      vertex -14.7 3.89413 55.1607
      vertex -14.7 4.05394 55.0206
    endloop
  endfacet
  facet normal 1 0 0
    outer loop
      vertex -14.7 3.32547 55.4412
      vertex -14.7 4.33183 57.7181
      vertex -14.7 3.83637 57.8863
    endloop
  endfacet
  facet normal 1 0 0
    outer loop
      vertex -14.7 5.23614 57.196
      vertex -14.7 3.71739 55.2788
      vertex -14.7 3.89413 55.1607
    endloop
  endfacet
  facet normal 1 0 0
    outer loop
      vertex -14.7 4.8011 57.4867
      vertex -14.7 3.52675 55.3728
      vertex -14.7 3.71739 55.2788
    endloop
  endfacet
  facet normal 1 0 0
    outer loop
      vertex -14.7 4.33183 57.7181
      vertex -14.7 3.32547 55.4412
      vertex -14.7 3.52675 55.3728
    endloop
  endfacet
  facet normal 1 0 0
    outer loop
      vertex -14.7 3.117 55.4826
      vertex -14.7 3.83637 57.8863
      vertex -14.7 3.3232 57.9883
    endloop
  endfacet
  facet normal 1 0 0
    outer loop
      vertex -14.7 3.83637 57.8863
      vertex -14.7 3.117 55.4826
      vertex -14.7 3.32547 55.4412
    endloop
  endfacet
  facet normal 1 0 0
    outer loop
      vertex -14.7 3.3232 57.9883
      vertex -14.7 2.90489 55.4965
      vertex -14.7 3.117 55.4826
    endloop
  endfacet
  facet normal 1 0 0
    outer loop
      vertex -14.7 2.8011 58.0226
      vertex -14.7 2.90489 55.4965
      vertex -14.7 3.3232 57.9883
    endloop
  endfacet
  facet normal 1 0 0
    outer loop
      vertex -14.7 2.8011 58.0226
      vertex -14.7 2.69279 55.4826
      vertex -14.7 2.90489 55.4965
    endloop
  endfacet
  facet normal 1 -0 0
    outer loop
      vertex -14.7 2.27899 57.9883
      vertex -14.7 2.69279 55.4826
      vertex -14.7 2.8011 58.0226
    endloop
  endfacet
  facet normal 1 0 0
    outer loop
      vertex -14.7 2.69279 55.4826
      vertex -14.7 2.27899 57.9883
      vertex -14.7 2.48431 55.4412
    endloop
  endfacet
  facet normal 1 -0 0
    outer loop
      vertex -14.7 1.76582 57.8863
      vertex -14.7 2.48431 55.4412
      vertex -14.7 2.27899 57.9883
    endloop
  endfacet
  facet normal 1 0 0
    outer loop
      vertex -14.7 2.48431 55.4412
      vertex -14.7 1.76582 57.8863
      vertex -14.7 2.28303 55.3728
    endloop
  endfacet
  facet normal 1 -0 0
    outer loop
      vertex -14.7 1.27036 57.7181
      vertex -14.7 2.28303 55.3728
      vertex -14.7 1.76582 57.8863
    endloop
  endfacet
  facet normal 1 0 0
    outer loop
      vertex -14.7 2.28303 55.3728
      vertex -14.7 1.27036 57.7181
      vertex -14.7 2.09239 55.2788
    endloop
  endfacet
  facet normal 1 -0 0
    outer loop
      vertex -14.7 0.801096 57.4867
      vertex -14.7 2.09239 55.2788
      vertex -14.7 1.27036 57.7181
    endloop
  endfacet
  facet normal 1 0 0
    outer loop
      vertex -14.7 2.09239 55.2788
      vertex -14.7 0.801096 57.4867
      vertex -14.7 1.91566 55.1607
    endloop
  endfacet
  facet normal 1 -0 0
    outer loop
      vertex -14.7 0.366051 57.196
      vertex -14.7 1.91566 55.1607
      vertex -14.7 0.801096 57.4867
    endloop
  endfacet
  facet normal 1 0 0
    outer loop
      vertex -14.7 1.91566 55.1607
      vertex -14.7 0.366051 57.196
      vertex -14.7 1.75585 55.0206
    endloop
  endfacet
  facet normal 1 0 0
    outer loop
      vertex -14.7 1.75585 55.0206
      vertex -14.7 0.366051 57.196
      vertex -14.7 1.6157 54.8608
    endloop
  endfacet
  facet normal 1 0 0
    outer loop
      vertex -14.7 1.6157 54.8608
      vertex -14.7 0.366051 57.196
      vertex -14.7 1.4976 54.684
    endloop
  endfacet
  facet normal 1 0 0
    outer loop
      vertex -14.7 1.40359 54.4934
      vertex -14.7 0.366051 57.196
      vertex -14.7 1.33526 54.2921
    endloop
  endfacet
  facet normal 1 0 0
    outer loop
      vertex -14.7 1.4976 54.684
      vertex -14.7 0.366051 57.196
      vertex -14.7 1.40359 54.4934
    endloop
  endfacet
  facet normal 1 0 0
    outer loop
      vertex -14.7 6.16548 49.8233
      vertex -14.7 8.54048 49.8233
      vertex -14.7 8.50626 50.3454
    endloop
  endfacet
  facet normal 1 0 0
    outer loop
      vertex -14.7 6.15158 50.0354
      vertex -14.7 8.50626 50.3454
      vertex -14.7 8.40418 50.8586
    endloop
  endfacet
  facet normal 1 0 0
    outer loop
      vertex -14.7 8.54048 49.8233
      vertex -14.7 6.16548 49.8233
      vertex -14.7 8.50626 49.3012
    endloop
  endfacet
  facet normal 1 0 0
    outer loop
      vertex -14.7 6.15158 50.0354
      vertex -14.7 8.40418 50.8586
      vertex -14.7 8.236 51.354
    endloop
  endfacet
  facet normal 1 -0 0
    outer loop
      vertex -14.7 6.15158 49.6112
      vertex -14.7 8.50626 49.3012
      vertex -14.7 6.16548 49.8233
    endloop
  endfacet
  facet normal 1 0 0
    outer loop
      vertex -14.7 8.50626 49.3012
      vertex -14.7 6.15158 49.6112
      vertex -14.7 8.40418 48.788
    endloop
  endfacet
  facet normal 1 0 0
    outer loop
      vertex -14.7 8.40418 48.788
      vertex -14.7 6.11011 49.4027
      vertex -14.7 8.236 48.2926
    endloop
  endfacet
  facet normal 1 -0 0
    outer loop
      vertex -14.7 6.04179 49.2014
      vertex -14.7 8.236 48.2926
      vertex -14.7 6.11011 49.4027
    endloop
  endfacet
  facet normal 1 -0 0
    outer loop
      vertex -14.7 5.94777 49.0108
      vertex -14.7 8.00458 47.8233
      vertex -14.7 6.04179 49.2014
    endloop
  endfacet
  facet normal 1 0 0
    outer loop
      vertex -14.7 8.00458 47.8233
      vertex -14.7 5.94777 49.0108
      vertex -14.7 7.71389 47.3883
    endloop
  endfacet
  facet normal 1 0 0
    outer loop
      vertex -14.7 6.15158 50.0354
      vertex -14.7 8.236 51.354
      vertex -14.7 6.49661 55.5533
    endloop
  endfacet
  facet normal 1 0 0
    outer loop
      vertex -14.7 4.31219 54.684
      vertex -14.7 6.49661 55.5533
      vertex -14.7 6.2652 56.0226
    endloop
  endfacet
  facet normal 1 -0 0
    outer loop
      vertex -14.7 6.11011 49.4027
      vertex -14.7 8.40418 48.788
      vertex -14.7 6.15158 49.6112
    endloop
  endfacet
  facet normal 1 0 0
    outer loop
      vertex -14.7 8.236 48.2926
      vertex -14.7 6.04179 49.2014
      vertex -14.7 8.00458 47.8233
    endloop
  endfacet
  facet normal 1 -0 0
    outer loop
      vertex -14.7 5.82968 48.8341
      vertex -14.7 7.71389 47.3883
      vertex -14.7 5.94777 49.0108
    endloop
  endfacet
  facet normal 1 0 0
    outer loop
      vertex -14.7 7.71389 47.3883
      vertex -14.7 5.82968 48.8341
      vertex -14.7 7.36891 46.9949
    endloop
  endfacet
  facet normal 1 -0 0
    outer loop
      vertex -14.7 5.68953 48.6743
      vertex -14.7 7.36891 46.9949
      vertex -14.7 5.82968 48.8341
    endloop
  endfacet
  facet normal 1 0 0
    outer loop
      vertex -14.7 7.36891 46.9949
      vertex -14.7 5.68953 48.6743
      vertex -14.7 6.97553 46.6499
    endloop
  endfacet
  facet normal 1 -0 0
    outer loop
      vertex -14.7 5.52972 48.5341
      vertex -14.7 6.97553 46.6499
      vertex -14.7 5.68953 48.6743
    endloop
  endfacet
  facet normal 1 0 0
    outer loop
      vertex -14.7 6.97553 46.6499
      vertex -14.7 5.52972 48.5341
      vertex -14.7 6.54048 46.3592
    endloop
  endfacet
  facet normal 1 -0 0
    outer loop
      vertex -14.7 5.35298 48.416
      vertex -14.7 6.54048 46.3592
      vertex -14.7 5.52972 48.5341
    endloop
  endfacet
  facet normal 1 0 0
    outer loop
      vertex -14.7 6.54048 46.3592
      vertex -14.7 5.35298 48.416
      vertex -14.7 6.07121 46.1278
    endloop
  endfacet
  facet normal 1 -0 0
    outer loop
      vertex -14.7 5.16234 48.322
      vertex -14.7 6.07121 46.1278
      vertex -14.7 5.35298 48.416
    endloop
  endfacet
  facet normal 1 0 0
    outer loop
      vertex -14.7 6.07121 46.1278
      vertex -14.7 5.16234 48.322
      vertex -14.7 5.57576 45.9596
    endloop
  endfacet
  facet normal 1 -0 0
    outer loop
      vertex -14.7 4.96106 48.2537
      vertex -14.7 5.57576 45.9596
      vertex -14.7 5.16234 48.322
    endloop
  endfacet
  facet normal 1 0 0
    outer loop
      vertex -14.7 5.57576 45.9596
      vertex -14.7 4.96106 48.2537
      vertex -14.7 5.06259 45.8575
    endloop
  endfacet
  facet normal 1 -0 0
    outer loop
      vertex -14.7 4.75259 48.2122
      vertex -14.7 5.06259 45.8575
      vertex -14.7 4.96106 48.2537
    endloop
  endfacet
  facet normal 1 -0 0
    outer loop
      vertex -14.7 4.54048 48.1983
      vertex -14.7 5.06259 45.8575
      vertex -14.7 4.75259 48.2122
    endloop
  endfacet
  facet normal 1 0 0
    outer loop
      vertex -14.7 4.32838 48.2122
      vertex -14.7 5.06259 45.8575
      vertex -14.7 4.54048 48.1983
    endloop
  endfacet
  facet normal 1 0 0
    outer loop
      vertex -14.7 4.1199 48.2537
      vertex -14.7 5.06259 45.8575
      vertex -14.7 4.32838 48.2122
    endloop
  endfacet
  facet normal 1 0 0
    outer loop
      vertex -14.7 3.91862 48.322
      vertex -14.7 5.06259 45.8575
      vertex -14.7 4.1199 48.2537
    endloop
  endfacet
  facet normal 1 0 0
    outer loop
      vertex -14.7 3.72798 48.416
      vertex -14.7 5.06259 45.8575
      vertex -14.7 3.91862 48.322
    endloop
  endfacet
  facet normal 1 0 0
    outer loop
      vertex -14.7 -0.0710587 44.9523
      vertex -14.7 3.72798 48.416
      vertex -14.7 3.55124 48.5341
    endloop
  endfacet
  facet normal 1 0 0
    outer loop
      vertex -14.7 -0.0710587 44.9523
      vertex -14.7 3.55124 48.5341
      vertex -14.7 3.39143 48.6743
    endloop
  endfacet
  facet normal 1 0 0
    outer loop
      vertex -14.7 -0.0710587 44.9523
      vertex -14.7 3.39143 48.6743
      vertex -14.7 3.25128 48.8341
    endloop
  endfacet
  facet normal 1 0 0
    outer loop
      vertex -14.7 -0.0710587 44.9523
      vertex -14.7 3.25128 48.8341
      vertex -14.7 3.13319 49.0108
    endloop
  endfacet
  facet normal 1 0 0
    outer loop
      vertex -14.7 -4.39941 48.3753
      vertex -14.7 2.89494 49.7884
      vertex -14.7 2.81848 50.1196
    endloop
  endfacet
  facet normal 1 0 0
    outer loop
      vertex -14.7 2.89494 49.7884
      vertex -14.7 -4.39941 48.3753
      vertex -14.7 2.92938 49.6112
    endloop
  endfacet
  facet normal 1 0 0
    outer loop
      vertex -14.7 -4.39941 48.3753
      vertex -14.7 2.81848 50.1196
      vertex -14.7 2.72362 50.4736
    endloop
  endfacet
  facet normal 1 0 0
    outer loop
      vertex -14.7 -4.39941 48.3753
      vertex -14.7 2.72362 50.4736
      vertex -14.7 2.62423 50.7987
    endloop
  endfacet
  facet normal 1 0 0
    outer loop
      vertex -14.7 -4.39941 48.3753
      vertex -14.7 2.62423 50.7987
      vertex -14.7 2.56547 50.9694
    endloop
  endfacet
  facet normal 1 0 0
    outer loop
      vertex -14.7 -4.46037 48.5549
      vertex -14.7 2.56547 50.9694
      vertex -14.7 2.43413 51.3115
    endloop
  endfacet
  facet normal 1 0 0
    outer loop
      vertex -14.7 -4.46037 48.5549
      vertex -14.7 2.43413 51.3115
      vertex -14.7 2.29092 51.6489
    endloop
  endfacet
  facet normal 1 0 0
    outer loop
      vertex -14.7 -4.46037 48.5549
      vertex -14.7 2.29092 51.6489
      vertex -14.7 2.16972 51.9088
    endloop
  endfacet
  facet normal 1 0 0
    outer loop
      vertex -14.7 -4.54426 48.725
      vertex -14.7 2.16972 51.9088
      vertex -14.7 2.06366 52.117
    endloop
  endfacet
  facet normal 1 0 0
    outer loop
      vertex -14.7 -4.54426 48.725
      vertex -14.7 2.06366 52.117
      vertex -14.7 1.88598 52.4375
    endloop
  endfacet
  facet normal 1 0 0
    outer loop
      vertex -14.7 2.56547 50.9694
      vertex -14.7 -4.46037 48.5549
      vertex -14.7 -4.39941 48.3753
    endloop
  endfacet
  facet normal 1 0 0
    outer loop
      vertex -14.7 -4.54426 48.725
      vertex -14.7 1.88598 52.4375
      vertex -14.7 1.69721 52.7517
    endloop
  endfacet
  facet normal 1 0 0
    outer loop
      vertex -14.7 -4.54426 48.725
      vertex -14.7 1.69721 52.7517
      vertex -14.7 1.4976 53.059
    endloop
  endfacet
  facet normal 1 0 0
    outer loop
      vertex -14.7 -3.90406 54.206
      vertex -14.7 1.4976 53.059
      vertex -14.7 1.40359 53.2497
    endloop
  endfacet
  facet normal 1 0 0
    outer loop
      vertex -14.7 -3.90406 54.206
      vertex -14.7 1.33526 54.2921
      vertex -14.7 0.366051 57.196
    endloop
  endfacet
  facet normal 1 0 0
    outer loop
      vertex -14.7 1.33526 54.2921
      vertex -14.7 -3.90406 54.206
      vertex -14.7 1.2938 54.0836
    endloop
  endfacet
  facet normal 1 0 0
    outer loop
      vertex -14.7 1.2938 54.0836
      vertex -14.7 -3.90406 54.206
      vertex -14.7 1.27989 53.8715
    endloop
  endfacet
  facet normal 1 0 0
    outer loop
      vertex -14.7 1.27989 53.8715
      vertex -14.7 -3.90406 54.206
      vertex -14.7 1.2938 53.6594
    endloop
  endfacet
  facet normal 1 0 0
    outer loop
      vertex -14.7 3.72798 48.416
      vertex -14.7 -0.0710587 44.9523
      vertex -14.7 5.06259 45.8575
    endloop
  endfacet
  facet normal 1 0 0
    outer loop
      vertex -14.7 3.03918 49.2014
      vertex -14.7 -0.0710587 44.9523
      vertex -14.7 3.13319 49.0108
    endloop
  endfacet
  facet normal 1 0 -0
    outer loop
      vertex -14.7 -4.3624 48.1893
      vertex -14.7 2.92938 49.6112
      vertex -14.7 -4.39941 48.3753
    endloop
  endfacet
  facet normal 1 0 0
    outer loop
      vertex -14.7 -3.90406 54.206
      vertex -14.7 1.40359 53.2497
      vertex -14.7 1.33526 53.4509
    endloop
  endfacet
  facet normal 1 0 0
    outer loop
      vertex -14.7 1.2938 53.6594
      vertex -14.7 -3.90406 54.206
      vertex -14.7 1.33526 53.4509
    endloop
  endfacet
  facet normal 1 0 0
    outer loop
      vertex -14.7 1.4976 53.059
      vertex -14.7 -3.90406 54.206
      vertex -14.7 -4.64964 48.8827
    endloop
  endfacet
  facet normal 1 0 0
    outer loop
      vertex -14.7 2.92938 49.6112
      vertex -14.7 -4.3624 48.1893
      vertex -14.7 2.97085 49.4027
    endloop
  endfacet
  facet normal 1 -0 -0
    outer loop
      vertex -14.7 -4.35 48
      vertex -14.7 -0.0710587 44.9523
      vertex -14.7 -4.3624 48.1893
    endloop
  endfacet
  facet normal 1 -0 0
    outer loop
      vertex -14.7 -4.39941 47.6247
      vertex -14.7 -0.0710587 44.9523
      vertex -14.7 -4.3624 47.8107
    endloop
  endfacet
  facet normal 1 -0 0
    outer loop
      vertex -14.7 -4.46037 47.4451
      vertex -14.7 -0.0710587 44.9523
      vertex -14.7 -4.39941 47.6247
    endloop
  endfacet
  facet normal 1 0 0
    outer loop
      vertex -14.7 -0.0710587 44.9523
      vertex -14.7 -4.54426 47.275
      vertex -14.7 -0.170835 44.75
    endloop
  endfacet
  facet normal 1 0 -0
    outer loop
      vertex -14.7 -0.0710587 44.9523
      vertex -14.7 2.97085 49.4027
      vertex -14.7 -4.3624 48.1893
    endloop
  endfacet
  facet normal 1 0 0
    outer loop
      vertex -14.7 -5.42471 49.4006
      vertex -14.7 -3.90406 54.206
      vertex -14.7 -4.11768 54.2785
    endloop
  endfacet
  facet normal 1 0 0
    outer loop
      vertex -14.7 -0.170835 44.75
      vertex -14.7 -4.54426 47.275
      vertex -14.7 -0.643203 44.043
    endloop
  endfacet
  facet normal 1 -0 0
    outer loop
      vertex -14.7 -4.64964 47.1173
      vertex -14.7 -0.643203 44.043
      vertex -14.7 -4.54426 47.275
    endloop
  endfacet
  facet normal 1 -0 0
    outer loop
      vertex -14.7 -4.54426 47.275
      vertex -14.7 -0.0710587 44.9523
      vertex -14.7 -4.46037 47.4451
    endloop
  endfacet
  facet normal 1 -0 0
    outer loop
      vertex -14.7 -4.3624 47.8107
      vertex -14.7 -0.0710587 44.9523
      vertex -14.7 -4.35 48
    endloop
  endfacet
  facet normal 1 0 0
    outer loop
      vertex -14.7 2.97085 49.4027
      vertex -14.7 -0.0710587 44.9523
      vertex -14.7 3.03918 49.2014
    endloop
  endfacet
  facet normal 1 0 0
    outer loop
      vertex -14.7 2.16972 51.9088
      vertex -14.7 -4.54426 48.725
      vertex -14.7 -4.46037 48.5549
    endloop
  endfacet
  facet normal 1 0 0
    outer loop
      vertex -14.7 1.4976 53.059
      vertex -14.7 -4.64964 48.8827
      vertex -14.7 -4.54426 48.725
    endloop
  endfacet
  facet normal 1 0 0
    outer loop
      vertex -14.7 -3.90406 54.206
      vertex -14.7 -4.77469 49.0253
      vertex -14.7 -4.64964 48.8827
    endloop
  endfacet
  facet normal 1 0 0
    outer loop
      vertex -14.7 -3.90406 54.206
      vertex -14.7 -4.9173 49.1504
      vertex -14.7 -4.77469 49.0253
    endloop
  endfacet
  facet normal 1 0 0
    outer loop
      vertex -14.7 -5.42471 49.4006
      vertex -14.7 -4.11768 54.2785
      vertex -14.7 -4.95158 54.4444
    endloop
  endfacet
  facet normal 1 0 0
    outer loop
      vertex -14.7 -3.90406 54.206
      vertex -14.7 -5.075 49.2557
      vertex -14.7 -4.9173 49.1504
    endloop
  endfacet
  facet normal 1 0 0
    outer loop
      vertex -14.7 -3.90406 54.206
      vertex -14.7 -5.24511 49.3396
      vertex -14.7 -5.075 49.2557
    endloop
  endfacet
  facet normal 1 0 0
    outer loop
      vertex -14.7 -3.90406 54.206
      vertex -14.7 -5.42471 49.4006
      vertex -14.7 -5.24511 49.3396
    endloop
  endfacet
  facet normal 1 0 0
    outer loop
      vertex -14.7 -4.95158 54.4444
      vertex -14.7 -5.61074 49.4376
      vertex -14.7 -5.42471 49.4006
    endloop
  endfacet
  facet normal 1 0 0
    outer loop
      vertex -14.7 -5.8 54.5
      vertex -14.7 -5.61074 49.4376
      vertex -14.7 -4.95158 54.4444
    endloop
  endfacet
  facet normal 1 0 0
    outer loop
      vertex -14.7 -5.8 54.5
      vertex -14.7 -5.8 49.45
      vertex -14.7 -5.61074 49.4376
    endloop
  endfacet
  facet normal 1 0 0
    outer loop
      vertex -14.7 -5.8 54.5
      vertex -14.7 -5.98926 49.4376
      vertex -14.7 -5.8 49.45
    endloop
  endfacet
  facet normal 1 -0 0
    outer loop
      vertex -14.7 -6.64842 54.4444
      vertex -14.7 -5.98926 49.4376
      vertex -14.7 -5.8 54.5
    endloop
  endfacet
  facet normal 1 0 0
    outer loop
      vertex -14.7 -5.98926 49.4376
      vertex -14.7 -6.64842 54.4444
      vertex -14.7 -6.17529 49.4006
    endloop
  endfacet
  facet normal 1 -0 0
    outer loop
      vertex -14.7 -7.48232 54.2785
      vertex -14.7 -6.17529 49.4006
      vertex -14.7 -6.64842 54.4444
    endloop
  endfacet
  facet normal 1 0 0
    outer loop
      vertex -14.7 -6.17529 49.4006
      vertex -14.7 -7.48232 54.2785
      vertex -14.7 -6.35489 49.3396
    endloop
  endfacet
  facet normal 1 -0 0
    outer loop
      vertex -14.7 -8.28744 54.0052
      vertex -14.7 -6.35489 49.3396
      vertex -14.7 -7.48232 54.2785
    endloop
  endfacet
  facet normal 1 -0 0
    outer loop
      vertex -14.7 -8.99758 53.655
      vertex -14.7 -6.35489 49.3396
      vertex -14.7 -8.28744 54.0052
    endloop
  endfacet
  facet normal 1 0 0
    outer loop
      vertex -14.7 -6.35489 49.3396
      vertex -14.7 -8.99758 53.655
      vertex -14.7 -6.525 49.2557
    endloop
  endfacet
  facet normal 1 0 0
    outer loop
      vertex -14.7 -6.525 49.2557
      vertex -14.7 -8.99758 53.655
      vertex -14.7 -6.6827 49.1504
    endloop
  endfacet
  facet normal 1 0 0
    outer loop
      vertex -14.7 -6.6827 49.1504
      vertex -14.7 -8.99758 53.655
      vertex -14.7 -6.8253 49.0253
    endloop
  endfacet
  facet normal 1 0 0
    outer loop
      vertex -14.7 -6.8253 49.0253
      vertex -14.7 -8.99758 53.655
      vertex -14.7 -6.95036 48.8827
    endloop
  endfacet
  facet normal 1 0 0
    outer loop
      vertex -14.7 -6.95036 48.8827
      vertex -14.7 -8.99758 53.655
      vertex -14.7 -7.05574 48.725
    endloop
  endfacet
  facet normal 1 0 0
    outer loop
      vertex -14.7 -7.13962 48.5549
      vertex -14.7 -8.99758 53.655
      vertex -14.7 -7.20059 48.3753
    endloop
  endfacet
  facet normal 1 0 0
    outer loop
      vertex -14.7 -7.05574 48.725
      vertex -14.7 -8.99758 53.655
      vertex -14.7 -7.13962 48.5549
    endloop
  endfacet
  facet normal 0 -0.321438 0.946931
    outer loop
      vertex -18.7 -7.48232 54.2785
      vertex -14.7 -8.28744 54.0052
      vertex -14.7 -7.48232 54.2785
    endloop
  endfacet
  facet normal 0 -0.321438 0.946931
    outer loop
      vertex -14.7 -8.28744 54.0052
      vertex -18.7 -7.48232 54.2785
      vertex -18.7 -8.28744 54.0052
    endloop
  endfacet
  facet normal 0 0.659341 -0.751844
    outer loop
      vertex -18.7 -1.84305 42.8432
      vertex -14.7 -1.2038 43.4038
      vertex -14.7 -1.84305 42.8432
    endloop
  endfacet
  facet normal 0 0.659341 -0.751844
    outer loop
      vertex -14.7 -1.2038 43.4038
      vertex -18.7 -1.84305 42.8432
      vertex -18.7 -1.2038 43.4038
    endloop
  endfacet
  facet normal 0 0.321438 -0.946931
    outer loop
      vertex -18.7 -4.11768 41.7215
      vertex -14.7 -3.31256 41.9948
      vertex -14.7 -4.11768 41.7215
    endloop
  endfacet
  facet normal 0 0.321438 -0.946931
    outer loop
      vertex -14.7 -3.31256 41.9948
      vertex -18.7 -4.11768 41.7215
      vertex -18.7 -3.31256 41.9948
    endloop
  endfacet
  facet normal -0 0.195121 0.980779
    outer loop
      vertex -18.7 -4.11768 54.2785
      vertex -14.7 -4.95158 54.4444
      vertex -14.7 -4.11768 54.2785
    endloop
  endfacet
  facet normal 0 0.195121 0.980779
    outer loop
      vertex -14.7 -4.95158 54.4444
      vertex -18.7 -4.11768 54.2785
      vertex -18.7 -4.95158 54.4444
    endloop
  endfacet
  facet normal -1 0 0
    outer loop
      vertex -18.7 6.16548 49.8233
      vertex -18.7 8.54048 49.8233
      vertex -18.7 8.50626 49.3012
    endloop
  endfacet
  facet normal -1 0 0
    outer loop
      vertex -18.7 6.15158 49.6112
      vertex -18.7 8.50626 49.3012
      vertex -18.7 8.40418 48.788
    endloop
  endfacet
  facet normal -1 0 0
    outer loop
      vertex -18.7 8.54048 49.8233
      vertex -18.7 6.16548 49.8233
      vertex -18.7 8.50626 50.3454
    endloop
  endfacet
  facet normal -1 0 0
    outer loop
      vertex -18.7 6.11011 49.4027
      vertex -18.7 8.40418 48.788
      vertex -18.7 8.236 48.2926
    endloop
  endfacet
  facet normal -1 0 0
    outer loop
      vertex -18.7 6.15158 50.0354
      vertex -18.7 8.50626 50.3454
      vertex -18.7 6.16548 49.8233
    endloop
  endfacet
  facet normal -1 0 0
    outer loop
      vertex -18.7 6.04179 49.2014
      vertex -18.7 8.236 48.2926
      vertex -18.7 8.00458 47.8233
    endloop
  endfacet
  facet normal -1 0 0
    outer loop
      vertex -18.7 5.94777 49.0108
      vertex -18.7 8.00458 47.8233
      vertex -18.7 7.71389 47.3883
    endloop
  endfacet
  facet normal -1 0 0
    outer loop
      vertex -18.7 5.82968 48.8341
      vertex -18.7 7.71389 47.3883
      vertex -18.7 7.36891 46.9949
    endloop
  endfacet
  facet normal -1 0 0
    outer loop
      vertex -18.7 5.68953 48.6743
      vertex -18.7 7.36891 46.9949
      vertex -18.7 6.97553 46.6499
    endloop
  endfacet
  facet normal -1 0 0
    outer loop
      vertex -18.7 5.52972 48.5341
      vertex -18.7 6.97553 46.6499
      vertex -18.7 6.54048 46.3592
    endloop
  endfacet
  facet normal -1 0 0
    outer loop
      vertex -18.7 8.40418 48.788
      vertex -18.7 6.11011 49.4027
      vertex -18.7 6.15158 49.6112
    endloop
  endfacet
  facet normal -1 0 0
    outer loop
      vertex -18.7 6.08165 50.3952
      vertex -18.7 8.40418 50.8586
      vertex -18.7 6.15158 50.0354
    endloop
  endfacet
  facet normal -1 -0 0
    outer loop
      vertex -18.7 8.40418 50.8586
      vertex -18.7 6.08165 50.3952
      vertex -18.7 8.236 51.354
    endloop
  endfacet
  facet normal -1 -0 0
    outer loop
      vertex -18.7 8.50626 50.3454
      vertex -18.7 6.15158 50.0354
      vertex -18.7 8.40418 50.8586
    endloop
  endfacet
  facet normal -1 0 0
    outer loop
      vertex -18.7 8.50626 49.3012
      vertex -18.7 6.15158 49.6112
      vertex -18.7 6.16548 49.8233
    endloop
  endfacet
  facet normal -1 0 0
    outer loop
      vertex -18.7 5.35298 48.416
      vertex -18.7 6.54048 46.3592
      vertex -18.7 6.07121 46.1278
    endloop
  endfacet
  facet normal -1 0 0
    outer loop
      vertex -18.7 8.236 48.2926
      vertex -18.7 6.04179 49.2014
      vertex -18.7 6.11011 49.4027
    endloop
  endfacet
  facet normal -1 0 0
    outer loop
      vertex -18.7 8.00458 47.8233
      vertex -18.7 5.94777 49.0108
      vertex -18.7 6.04179 49.2014
    endloop
  endfacet
  facet normal -1 0 0
    outer loop
      vertex -18.7 7.71389 47.3883
      vertex -18.7 5.82968 48.8341
      vertex -18.7 5.94777 49.0108
    endloop
  endfacet
  facet normal -1 0 0
    outer loop
      vertex -18.7 7.36891 46.9949
      vertex -18.7 5.68953 48.6743
      vertex -18.7 5.82968 48.8341
    endloop
  endfacet
  facet normal -1 0 0
    outer loop
      vertex -18.7 5.16234 48.322
      vertex -18.7 6.07121 46.1278
      vertex -18.7 5.57576 45.9596
    endloop
  endfacet
  facet normal -1 0 0
    outer loop
      vertex -18.7 6.97553 46.6499
      vertex -18.7 5.52972 48.5341
      vertex -18.7 5.68953 48.6743
    endloop
  endfacet
  facet normal -1 0 0
    outer loop
      vertex -18.7 6.54048 46.3592
      vertex -18.7 5.35298 48.416
      vertex -18.7 5.52972 48.5341
    endloop
  endfacet
  facet normal -1 0 0
    outer loop
      vertex -18.7 6.07121 46.1278
      vertex -18.7 5.16234 48.322
      vertex -18.7 5.35298 48.416
    endloop
  endfacet
  facet normal -1 0 0
    outer loop
      vertex -18.7 4.96106 48.2537
      vertex -18.7 5.57576 45.9596
      vertex -18.7 5.06259 45.8575
    endloop
  endfacet
  facet normal -1 0 0
    outer loop
      vertex -18.7 5.57576 45.9596
      vertex -18.7 4.96106 48.2537
      vertex -18.7 5.16234 48.322
    endloop
  endfacet
  facet normal -1 0 0
    outer loop
      vertex -18.7 5.06259 45.8575
      vertex -18.7 4.75259 48.2122
      vertex -18.7 4.96106 48.2537
    endloop
  endfacet
  facet normal -1 0 0
    outer loop
      vertex -18.7 5.06259 45.8575
      vertex -18.7 4.54048 48.1983
      vertex -18.7 4.75259 48.2122
    endloop
  endfacet
  facet normal -1 0 0
    outer loop
      vertex -18.7 5.06259 45.8575
      vertex -18.7 4.32838 48.2122
      vertex -18.7 4.54048 48.1983
    endloop
  endfacet
  facet normal -1 0 0
    outer loop
      vertex -18.7 5.06259 45.8575
      vertex -18.7 4.1199 48.2537
      vertex -18.7 4.32838 48.2122
    endloop
  endfacet
  facet normal -1 0 0
    outer loop
      vertex -18.7 5.06259 45.8575
      vertex -18.7 3.91862 48.322
      vertex -18.7 4.1199 48.2537
    endloop
  endfacet
  facet normal -1 0 0
    outer loop
      vertex -18.7 5.06259 45.8575
      vertex -18.7 3.72798 48.416
      vertex -18.7 3.91862 48.322
    endloop
  endfacet
  facet normal -1 0 0
    outer loop
      vertex -18.7 -0.0710587 44.9523
      vertex -18.7 3.72798 48.416
      vertex -18.7 5.06259 45.8575
    endloop
  endfacet
  facet normal -1 -0 0
    outer loop
      vertex -18.7 3.72798 48.416
      vertex -18.7 -0.0710587 44.9523
      vertex -18.7 3.55124 48.5341
    endloop
  endfacet
  facet normal -1 -0 0
    outer loop
      vertex -18.7 3.55124 48.5341
      vertex -18.7 -0.0710587 44.9523
      vertex -18.7 3.39143 48.6743
    endloop
  endfacet
  facet normal -1 -0 0
    outer loop
      vertex -18.7 3.39143 48.6743
      vertex -18.7 -0.0710587 44.9523
      vertex -18.7 3.25128 48.8341
    endloop
  endfacet
  facet normal -1 0 0
    outer loop
      vertex -18.7 -4.39941 48.3753
      vertex -18.7 2.89494 49.7884
      vertex -18.7 2.92938 49.6112
    endloop
  endfacet
  facet normal -1 0 0
    outer loop
      vertex -18.7 -4.3624 48.1893
      vertex -18.7 2.92938 49.6112
      vertex -18.7 2.97085 49.4027
    endloop
  endfacet
  facet normal -1 -0 0
    outer loop
      vertex -18.7 2.89494 49.7884
      vertex -18.7 -4.39941 48.3753
      vertex -18.7 2.81848 50.1196
    endloop
  endfacet
  facet normal -1 -0 0
    outer loop
      vertex -18.7 2.81848 50.1196
      vertex -18.7 -4.39941 48.3753
      vertex -18.7 2.72362 50.4736
    endloop
  endfacet
  facet normal -1 -0 0
    outer loop
      vertex -18.7 2.72362 50.4736
      vertex -18.7 -4.39941 48.3753
      vertex -18.7 2.62423 50.7987
    endloop
  endfacet
  facet normal -1 -0 0
    outer loop
      vertex -18.7 2.62423 50.7987
      vertex -18.7 -4.39941 48.3753
      vertex -18.7 2.56547 50.9694
    endloop
  endfacet
  facet normal -1 0 0
    outer loop
      vertex -18.7 -4.46037 48.5549
      vertex -18.7 2.56547 50.9694
      vertex -18.7 -4.39941 48.3753
    endloop
  endfacet
  facet normal -1 -0 0
    outer loop
      vertex -18.7 2.56547 50.9694
      vertex -18.7 -4.46037 48.5549
      vertex -18.7 2.43413 51.3115
    endloop
  endfacet
  facet normal -1 -0 0
    outer loop
      vertex -18.7 2.43413 51.3115
      vertex -18.7 -4.46037 48.5549
      vertex -18.7 2.29092 51.6489
    endloop
  endfacet
  facet normal -1 -0 0
    outer loop
      vertex -18.7 2.29092 51.6489
      vertex -18.7 -4.46037 48.5549
      vertex -18.7 2.16972 51.9088
    endloop
  endfacet
  facet normal -1 0 0
    outer loop
      vertex -18.7 -0.0710587 44.9523
      vertex -18.7 2.97085 49.4027
      vertex -18.7 3.03918 49.2014
    endloop
  endfacet
  facet normal -1 -0 0
    outer loop
      vertex -18.7 2.16972 51.9088
      vertex -18.7 -4.54426 48.725
      vertex -18.7 2.06366 52.117
    endloop
  endfacet
  facet normal -1 -0 0
    outer loop
      vertex -18.7 2.06366 52.117
      vertex -18.7 -4.54426 48.725
      vertex -18.7 1.88598 52.4375
    endloop
  endfacet
  facet normal -1 -0 0
    outer loop
      vertex -18.7 1.88598 52.4375
      vertex -18.7 -4.54426 48.725
      vertex -18.7 1.69721 52.7517
    endloop
  endfacet
  facet normal -1 0 0
    outer loop
      vertex -18.7 2.09239 55.2788
      vertex -18.7 0.801096 57.4867
      vertex -18.7 1.27036 57.7181
    endloop
  endfacet
  facet normal -1 0 0
    outer loop
      vertex -18.7 -3.90406 54.206
      vertex -18.7 1.27989 53.8715
      vertex -18.7 1.2938 53.6594
    endloop
  endfacet
  facet normal -1 0 0
    outer loop
      vertex -18.7 1.2938 54.0836
      vertex -18.7 0.366051 57.196
      vertex -18.7 0.801096 57.4867
    endloop
  endfacet
  facet normal -1 0 0
    outer loop
      vertex -18.7 -3.90406 54.206
      vertex -18.7 1.2938 53.6594
      vertex -18.7 1.33526 53.4509
    endloop
  endfacet
  facet normal -1 -0 0
    outer loop
      vertex -18.7 3.25128 48.8341
      vertex -18.7 -0.0710587 44.9523
      vertex -18.7 3.13319 49.0108
    endloop
  endfacet
  facet normal -1 0 0
    outer loop
      vertex -18.7 -0.0710587 44.9523
      vertex -18.7 3.03918 49.2014
      vertex -18.7 3.13319 49.0108
    endloop
  endfacet
  facet normal -1 0 0
    outer loop
      vertex -18.7 2.97085 49.4027
      vertex -18.7 -0.0710587 44.9523
      vertex -18.7 -4.3624 48.1893
    endloop
  endfacet
  facet normal -1 0 0
    outer loop
      vertex -18.7 -4.54426 48.725
      vertex -18.7 2.16972 51.9088
      vertex -18.7 -4.46037 48.5549
    endloop
  endfacet
  facet normal -1 -0 0
    outer loop
      vertex -18.7 1.69721 52.7517
      vertex -18.7 -4.54426 48.725
      vertex -18.7 1.4976 53.059
    endloop
  endfacet
  facet normal -1 0 0
    outer loop
      vertex -18.7 -4.54426 47.275
      vertex -18.7 -0.0710587 44.9523
      vertex -18.7 -0.170835 44.75
    endloop
  endfacet
  facet normal -1 0 0
    outer loop
      vertex -18.7 -4.54426 47.275
      vertex -18.7 -0.170835 44.75
      vertex -18.7 -0.643203 44.043
    endloop
  endfacet
  facet normal -1 0 0
    outer loop
      vertex -18.7 -4.64964 47.1173
      vertex -18.7 -0.643203 44.043
      vertex -18.7 -1.2038 43.4038
    endloop
  endfacet
  facet normal -1 0 0
    outer loop
      vertex -18.7 -4.77469 46.9747
      vertex -18.7 -1.2038 43.4038
      vertex -18.7 -1.84305 42.8432
    endloop
  endfacet
  facet normal -1 0 0
    outer loop
      vertex -18.7 -4.9173 46.8496
      vertex -18.7 -1.84305 42.8432
      vertex -18.7 -2.55 42.3708
    endloop
  endfacet
  facet normal -1 0 0
    outer loop
      vertex -18.7 -5.075 46.7443
      vertex -18.7 -2.55 42.3708
      vertex -18.7 -3.31256 41.9948
    endloop
  endfacet
  facet normal -1 0 0
    outer loop
      vertex -18.7 -0.0710587 44.9523
      vertex -18.7 -4.35 48
      vertex -18.7 -4.3624 48.1893
    endloop
  endfacet
  facet normal -1 0 0
    outer loop
      vertex -18.7 -5.24511 46.6604
      vertex -18.7 -3.31256 41.9948
      vertex -18.7 -4.11768 41.7215
    endloop
  endfacet
  facet normal -1 0 0
    outer loop
      vertex -18.7 2.92938 49.6112
      vertex -18.7 -4.3624 48.1893
      vertex -18.7 -4.39941 48.3753
    endloop
  endfacet
  facet normal -1 0 0
    outer loop
      vertex -18.7 -4.64964 48.8827
      vertex -18.7 1.4976 53.059
      vertex -18.7 -4.54426 48.725
    endloop
  endfacet
  facet normal -1 0 0
    outer loop
      vertex -18.7 -0.0710587 44.9523
      vertex -18.7 -4.3624 47.8107
      vertex -18.7 -4.35 48
    endloop
  endfacet
  facet normal -1 0 0
    outer loop
      vertex -18.7 -0.0710587 44.9523
      vertex -18.7 -4.39941 47.6247
      vertex -18.7 -4.3624 47.8107
    endloop
  endfacet
  facet normal -1 0 0
    outer loop
      vertex -18.7 -0.0710587 44.9523
      vertex -18.7 -4.46037 47.4451
      vertex -18.7 -4.39941 47.6247
    endloop
  endfacet
  facet normal -1 0 0
    outer loop
      vertex -18.7 -0.0710587 44.9523
      vertex -18.7 -4.54426 47.275
      vertex -18.7 -4.46037 47.4451
    endloop
  endfacet
  facet normal -1 0 0
    outer loop
      vertex -18.7 -0.643203 44.043
      vertex -18.7 -4.64964 47.1173
      vertex -18.7 -4.54426 47.275
    endloop
  endfacet
  facet normal -1 0 0
    outer loop
      vertex -18.7 -1.2038 43.4038
      vertex -18.7 -4.77469 46.9747
      vertex -18.7 -4.64964 47.1173
    endloop
  endfacet
  facet normal -1 0 0
    outer loop
      vertex -18.7 -1.84305 42.8432
      vertex -18.7 -4.9173 46.8496
      vertex -18.7 -4.77469 46.9747
    endloop
  endfacet
  facet normal -1 0 0
    outer loop
      vertex -18.7 -5.42471 46.5994
      vertex -18.7 -4.11768 41.7215
      vertex -18.7 -4.95158 41.5556
    endloop
  endfacet
  facet normal -1 0 0
    outer loop
      vertex -18.7 -2.55 42.3708
      vertex -18.7 -5.075 46.7443
      vertex -18.7 -4.9173 46.8496
    endloop
  endfacet
  facet normal -1 0 0
    outer loop
      vertex -18.7 -3.31256 41.9948
      vertex -18.7 -5.24511 46.6604
      vertex -18.7 -5.075 46.7443
    endloop
  endfacet
  facet normal -1 0 0
    outer loop
      vertex -18.7 -4.11768 41.7215
      vertex -18.7 -5.42471 46.5994
      vertex -18.7 -5.24511 46.6604
    endloop
  endfacet
  facet normal -1 0 0
    outer loop
      vertex -18.7 -4.95158 41.5556
      vertex -18.7 -5.61074 46.5624
      vertex -18.7 -5.42471 46.5994
    endloop
  endfacet
  facet normal -1 0 0
    outer loop
      vertex -18.7 -5.8 41.5
      vertex -18.7 -5.61074 46.5624
      vertex -18.7 -4.95158 41.5556
    endloop
  endfacet
  facet normal -1 0 0
    outer loop
      vertex -18.7 -5.8 41.5
      vertex -18.7 -5.8 46.55
      vertex -18.7 -5.61074 46.5624
    endloop
  endfacet
  facet normal -1 0 0
    outer loop
      vertex -18.7 -5.8 41.5
      vertex -18.7 -5.98926 46.5624
      vertex -18.7 -5.8 46.55
    endloop
  endfacet
  facet normal -1 0 0
    outer loop
      vertex -18.7 -6.64842 41.5556
      vertex -18.7 -5.98926 46.5624
      vertex -18.7 -5.8 41.5
    endloop
  endfacet
  facet normal -1 -0 0
    outer loop
      vertex -18.7 -5.98926 46.5624
      vertex -18.7 -6.64842 41.5556
      vertex -18.7 -6.17529 46.5994
    endloop
  endfacet
  facet normal -1 0 0
    outer loop
      vertex -18.7 -7.48232 41.7215
      vertex -18.7 -6.17529 46.5994
      vertex -18.7 -6.64842 41.5556
    endloop
  endfacet
  facet normal -1 -0 0
    outer loop
      vertex -18.7 -6.17529 46.5994
      vertex -18.7 -7.48232 41.7215
      vertex -18.7 -6.35489 46.6604
    endloop
  endfacet
  facet normal -1 0 0
    outer loop
      vertex -18.7 -8.28744 41.9948
      vertex -18.7 -6.35489 46.6604
      vertex -18.7 -7.48232 41.7215
    endloop
  endfacet
  facet normal -1 -0 0
    outer loop
      vertex -18.7 -6.35489 46.6604
      vertex -18.7 -8.28744 41.9948
      vertex -18.7 -6.525 46.7443
    endloop
  endfacet
  facet normal -1 0 0
    outer loop
      vertex -18.7 -9.05 42.3708
      vertex -18.7 -6.525 46.7443
      vertex -18.7 -8.28744 41.9948
    endloop
  endfacet
  facet normal -1 -0 0
    outer loop
      vertex -18.7 -6.525 46.7443
      vertex -18.7 -9.05 42.3708
      vertex -18.7 -6.6827 46.8496
    endloop
  endfacet
  facet normal -1 0 0
    outer loop
      vertex -18.7 -9.75695 42.8432
      vertex -18.7 -6.6827 46.8496
      vertex -18.7 -9.05 42.3708
    endloop
  endfacet
  facet normal -1 -0 0
    outer loop
      vertex -18.7 -6.6827 46.8496
      vertex -18.7 -9.75695 42.8432
      vertex -18.7 -6.8253 46.9747
    endloop
  endfacet
  facet normal -1 0 0
    outer loop
      vertex -18.7 -10.3962 43.4038
      vertex -18.7 -6.8253 46.9747
      vertex -18.7 -9.75695 42.8432
    endloop
  endfacet
  facet normal -1 -0 0
    outer loop
      vertex -18.7 -6.8253 46.9747
      vertex -18.7 -10.6828 43.7306
      vertex -18.7 -6.95036 47.1173
    endloop
  endfacet
  facet normal -1 0 0
    outer loop
      vertex -18.7 -10.6828 43.7306
      vertex -18.7 -6.8253 46.9747
      vertex -18.7 -10.3962 43.4038
    endloop
  endfacet
  facet normal -1 0 0
    outer loop
      vertex -18.7 6.04018 50.6037
      vertex -18.7 8.236 51.354
      vertex -18.7 6.08165 50.3952
    endloop
  endfacet
  facet normal -1 0 0
    outer loop
      vertex -18.7 5.95773 50.9608
      vertex -18.7 8.236 51.354
      vertex -18.7 6.04018 50.6037
    endloop
  endfacet
  facet normal -1 0 0
    outer loop
      vertex -18.7 5.86288 51.3148
      vertex -18.7 8.236 51.354
      vertex -18.7 5.95773 50.9608
    endloop
  endfacet
  facet normal -1 0 0
    outer loop
      vertex -18.7 5.75572 51.6653
      vertex -18.7 8.236 51.354
      vertex -18.7 5.86288 51.3148
    endloop
  endfacet
  facet normal -1 0 0
    outer loop
      vertex -18.7 5.6874 51.8665
      vertex -18.7 8.236 51.354
      vertex -18.7 5.75572 51.6653
    endloop
  endfacet
  facet normal -1 0 0
    outer loop
      vertex -18.7 5.56808 52.2131
      vertex -18.7 8.236 51.354
      vertex -18.7 5.6874 51.8665
    endloop
  endfacet
  facet normal -1 0 0
    outer loop
      vertex -18.7 5.43673 52.5552
      vertex -18.7 8.236 51.354
      vertex -18.7 5.56808 52.2131
    endloop
  endfacet
  facet normal -1 0 0
    outer loop
      vertex -18.7 8.236 51.354
      vertex -18.7 5.43673 52.5552
      vertex -18.7 6.49661 55.5533
    endloop
  endfacet
  facet normal -1 0 0
    outer loop
      vertex -18.7 5.29353 52.8926
      vertex -18.7 6.49661 55.5533
      vertex -18.7 5.43673 52.5552
    endloop
  endfacet
  facet normal -1 0 0
    outer loop
      vertex -18.7 5.13864 53.2248
      vertex -18.7 6.49661 55.5533
      vertex -18.7 5.29353 52.8926
    endloop
  endfacet
  facet normal -1 0 0
    outer loop
      vertex -18.7 5.04463 53.4154
      vertex -18.7 6.49661 55.5533
      vertex -18.7 5.13864 53.2248
    endloop
  endfacet
  facet normal -1 0 0
    outer loop
      vertex -18.7 4.87824 53.742
      vertex -18.7 6.49661 55.5533
      vertex -18.7 5.04463 53.4154
    endloop
  endfacet
  facet normal -1 0 0
    outer loop
      vertex -18.7 4.70056 54.0625
      vertex -18.7 6.49661 55.5533
      vertex -18.7 4.87824 53.742
    endloop
  endfacet
  facet normal -1 0 0
    outer loop
      vertex -18.7 4.5118 54.3767
      vertex -18.7 6.49661 55.5533
      vertex -18.7 4.70056 54.0625
    endloop
  endfacet
  facet normal -1 0 0
    outer loop
      vertex -18.7 4.31219 54.684
      vertex -18.7 6.49661 55.5533
      vertex -18.7 4.5118 54.3767
    endloop
  endfacet
  facet normal -1 -0 0
    outer loop
      vertex -18.7 6.49661 55.5533
      vertex -18.7 4.31219 54.684
      vertex -18.7 6.2652 56.0226
    endloop
  endfacet
  facet normal -1 0 0
    outer loop
      vertex -18.7 4.19409 54.8608
      vertex -18.7 6.2652 56.0226
      vertex -18.7 4.31219 54.684
    endloop
  endfacet
  facet normal -1 -0 0
    outer loop
      vertex -18.7 6.2652 56.0226
      vertex -18.7 4.19409 54.8608
      vertex -18.7 5.97451 56.4576
    endloop
  endfacet
  facet normal -1 0 0
    outer loop
      vertex -18.7 4.05394 55.0206
      vertex -18.7 5.97451 56.4576
      vertex -18.7 4.19409 54.8608
    endloop
  endfacet
  facet normal -1 -0 0
    outer loop
      vertex -18.7 5.97451 56.4576
      vertex -18.7 4.05394 55.0206
      vertex -18.7 5.62952 56.851
    endloop
  endfacet
  facet normal -1 0 0
    outer loop
      vertex -18.7 3.89413 55.1607
      vertex -18.7 5.62952 56.851
      vertex -18.7 4.05394 55.0206
    endloop
  endfacet
  facet normal -1 -0 0
    outer loop
      vertex -18.7 5.62952 56.851
      vertex -18.7 3.89413 55.1607
      vertex -18.7 5.23614 57.196
    endloop
  endfacet
  facet normal -1 0 0
    outer loop
      vertex -18.7 3.71739 55.2788
      vertex -18.7 5.23614 57.196
      vertex -18.7 3.89413 55.1607
    endloop
  endfacet
  facet normal -1 -0 0
    outer loop
      vertex -18.7 5.23614 57.196
      vertex -18.7 3.71739 55.2788
      vertex -18.7 4.8011 57.4867
    endloop
  endfacet
  facet normal -1 0 0
    outer loop
      vertex -18.7 3.52675 55.3728
      vertex -18.7 4.8011 57.4867
      vertex -18.7 3.71739 55.2788
    endloop
  endfacet
  facet normal -1 -0 0
    outer loop
      vertex -18.7 4.8011 57.4867
      vertex -18.7 3.52675 55.3728
      vertex -18.7 4.33183 57.7181
    endloop
  endfacet
  facet normal -1 0 0
    outer loop
      vertex -18.7 3.32547 55.4412
      vertex -18.7 4.33183 57.7181
      vertex -18.7 3.52675 55.3728
    endloop
  endfacet
  facet normal -1 -0 0
    outer loop
      vertex -18.7 4.33183 57.7181
      vertex -18.7 3.32547 55.4412
      vertex -18.7 3.83637 57.8863
    endloop
  endfacet
  facet normal -1 0 0
    outer loop
      vertex -18.7 3.117 55.4826
      vertex -18.7 3.83637 57.8863
      vertex -18.7 3.32547 55.4412
    endloop
  endfacet
  facet normal -1 -0 0
    outer loop
      vertex -18.7 3.83637 57.8863
      vertex -18.7 3.117 55.4826
      vertex -18.7 3.3232 57.9883
    endloop
  endfacet
  facet normal -1 0 0
    outer loop
      vertex -18.7 2.90489 55.4965
      vertex -18.7 3.3232 57.9883
      vertex -18.7 3.117 55.4826
    endloop
  endfacet
  facet normal -1 0 0
    outer loop
      vertex -18.7 2.90489 55.4965
      vertex -18.7 2.8011 58.0226
      vertex -18.7 3.3232 57.9883
    endloop
  endfacet
  facet normal -1 0 0
    outer loop
      vertex -18.7 2.69279 55.4826
      vertex -18.7 2.8011 58.0226
      vertex -18.7 2.90489 55.4965
    endloop
  endfacet
  facet normal -1 0 0
    outer loop
      vertex -18.7 2.27899 57.9883
      vertex -18.7 2.69279 55.4826
      vertex -18.7 2.48431 55.4412
    endloop
  endfacet
  facet normal -1 0 0
    outer loop
      vertex -18.7 1.76582 57.8863
      vertex -18.7 2.48431 55.4412
      vertex -18.7 2.28303 55.3728
    endloop
  endfacet
  facet normal -1 0 0
    outer loop
      vertex -18.7 2.69279 55.4826
      vertex -18.7 2.27899 57.9883
      vertex -18.7 2.8011 58.0226
    endloop
  endfacet
  facet normal -1 0 0
    outer loop
      vertex -18.7 1.27036 57.7181
      vertex -18.7 2.28303 55.3728
      vertex -18.7 2.09239 55.2788
    endloop
  endfacet
  facet normal -1 0 0
    outer loop
      vertex -18.7 0.801096 57.4867
      vertex -18.7 2.09239 55.2788
      vertex -18.7 1.91566 55.1607
    endloop
  endfacet
  facet normal -1 0 0
    outer loop
      vertex -18.7 2.48431 55.4412
      vertex -18.7 1.76582 57.8863
      vertex -18.7 2.27899 57.9883
    endloop
  endfacet
  facet normal -1 0 0
    outer loop
      vertex -18.7 0.801096 57.4867
      vertex -18.7 1.91566 55.1607
      vertex -18.7 1.75585 55.0206
    endloop
  endfacet
  facet normal -1 0 0
    outer loop
      vertex -18.7 0.801096 57.4867
      vertex -18.7 1.75585 55.0206
      vertex -18.7 1.6157 54.8608
    endloop
  endfacet
  facet normal -1 0 0
    outer loop
      vertex -18.7 0.801096 57.4867
      vertex -18.7 1.6157 54.8608
      vertex -18.7 1.4976 54.684
    endloop
  endfacet
  facet normal -1 0 0
    outer loop
      vertex -18.7 0.801096 57.4867
      vertex -18.7 1.4976 54.684
      vertex -18.7 1.40359 54.4934
    endloop
  endfacet
  facet normal -1 0 0
    outer loop
      vertex -18.7 0.801096 57.4867
      vertex -18.7 1.40359 54.4934
      vertex -18.7 1.33526 54.2921
    endloop
  endfacet
  facet normal -1 0 0
    outer loop
      vertex -18.7 0.801096 57.4867
      vertex -18.7 1.33526 54.2921
      vertex -18.7 1.2938 54.0836
    endloop
  endfacet
  facet normal -1 0 0
    outer loop
      vertex -18.7 2.28303 55.3728
      vertex -18.7 1.27036 57.7181
      vertex -18.7 1.76582 57.8863
    endloop
  endfacet
  facet normal -1 0 0
    outer loop
      vertex -18.7 -3.90406 54.206
      vertex -18.7 1.2938 54.0836
      vertex -18.7 1.27989 53.8715
    endloop
  endfacet
  facet normal -1 0 -0
    outer loop
      vertex -18.7 -3.90406 54.206
      vertex -18.7 1.4976 53.059
      vertex -18.7 -4.64964 48.8827
    endloop
  endfacet
  facet normal -1 0 0
    outer loop
      vertex -18.7 1.2938 54.0836
      vertex -18.7 -3.90406 54.206
      vertex -18.7 0.366051 57.196
    endloop
  endfacet
  facet normal -1 0 0
    outer loop
      vertex -18.7 1.4976 53.059
      vertex -18.7 -3.90406 54.206
      vertex -18.7 1.40359 53.2497
    endloop
  endfacet
  facet normal -1 0 0
    outer loop
      vertex -18.7 1.40359 53.2497
      vertex -18.7 -3.90406 54.206
      vertex -18.7 1.33526 53.4509
    endloop
  endfacet
  facet normal -1 0 0
    outer loop
      vertex -18.7 -4.77469 49.0253
      vertex -18.7 -3.90406 54.206
      vertex -18.7 -4.64964 48.8827
    endloop
  endfacet
  facet normal -1 0 0
    outer loop
      vertex -18.7 -4.9173 49.1504
      vertex -18.7 -3.90406 54.206
      vertex -18.7 -4.77469 49.0253
    endloop
  endfacet
  facet normal -1 0 0
    outer loop
      vertex -18.7 -5.075 49.2557
      vertex -18.7 -3.90406 54.206
      vertex -18.7 -4.9173 49.1504
    endloop
  endfacet
  facet normal -1 0 0
    outer loop
      vertex -18.7 -5.24511 49.3396
      vertex -18.7 -3.90406 54.206
      vertex -18.7 -5.075 49.2557
    endloop
  endfacet
  facet normal -1 0 0
    outer loop
      vertex -18.7 -5.42471 49.4006
      vertex -18.7 -3.90406 54.206
      vertex -18.7 -5.24511 49.3396
    endloop
  endfacet
  facet normal -1 -0 0
    outer loop
      vertex -18.7 -3.90406 54.206
      vertex -18.7 -5.42471 49.4006
      vertex -18.7 -4.11768 54.2785
    endloop
  endfacet
  facet normal -1 -0 0
    outer loop
      vertex -18.7 -4.11768 54.2785
      vertex -18.7 -5.42471 49.4006
      vertex -18.7 -4.95158 54.4444
    endloop
  endfacet
  facet normal -1 0 0
    outer loop
      vertex -18.7 -5.61074 49.4376
      vertex -18.7 -4.95158 54.4444
      vertex -18.7 -5.42471 49.4006
    endloop
  endfacet
  facet normal -1 0 0
    outer loop
      vertex -18.7 -5.8 49.45
      vertex -18.7 -4.95158 54.4444
      vertex -18.7 -5.61074 49.4376
    endloop
  endfacet
  facet normal -1 0 0
    outer loop
      vertex -18.7 -5.8 49.45
      vertex -18.7 -5.8 54.5
      vertex -18.7 -4.95158 54.4444
    endloop
  endfacet
  facet normal -1 0 0
    outer loop
      vertex -18.7 -5.98926 49.4376
      vertex -18.7 -5.8 54.5
      vertex -18.7 -5.8 49.45
    endloop
  endfacet
  facet normal -1 0 0
    outer loop
      vertex -18.7 -6.64842 54.4444
      vertex -18.7 -5.98926 49.4376
      vertex -18.7 -6.17529 49.4006
    endloop
  endfacet
  facet normal -1 0 0
    outer loop
      vertex -18.7 -7.48232 54.2785
      vertex -18.7 -6.17529 49.4006
      vertex -18.7 -6.35489 49.3396
    endloop
  endfacet
  facet normal -1 0 0
    outer loop
      vertex -18.7 -8.99758 53.655
      vertex -18.7 -6.35489 49.3396
      vertex -18.7 -6.525 49.2557
    endloop
  endfacet
  facet normal -1 0 0
    outer loop
      vertex -18.7 -5.98926 49.4376
      vertex -18.7 -6.64842 54.4444
      vertex -18.7 -5.8 54.5
    endloop
  endfacet
  facet normal -1 0 0
    outer loop
      vertex -18.7 -8.99758 53.655
      vertex -18.7 -6.525 49.2557
      vertex -18.7 -6.6827 49.1504
    endloop
  endfacet
  facet normal -1 0 0
    outer loop
      vertex -18.7 -8.99758 53.655
      vertex -18.7 -6.6827 49.1504
      vertex -18.7 -6.8253 49.0253
    endloop
  endfacet
  facet normal -1 0 0
    outer loop
      vertex -18.7 -8.99758 53.655
      vertex -18.7 -6.8253 49.0253
      vertex -18.7 -6.95036 48.8827
    endloop
  endfacet
  facet normal -1 0 0
    outer loop
      vertex -18.7 -8.99758 53.655
      vertex -18.7 -6.95036 48.8827
      vertex -18.7 -7.05574 48.725
    endloop
  endfacet
  facet normal -1 0 0
    outer loop
      vertex -18.7 -8.99758 53.655
      vertex -18.7 -7.05574 48.725
      vertex -18.7 -7.13962 48.5549
    endloop
  endfacet
  facet normal -1 0 0
    outer loop
      vertex -18.7 -8.99758 53.655
      vertex -18.7 -7.13962 48.5549
      vertex -18.7 -7.20059 48.3753
    endloop
  endfacet
  facet normal -1 0 0
    outer loop
      vertex -18.7 -8.99758 53.655
      vertex -18.7 -7.20059 48.3753
      vertex -18.7 -7.23759 48.1893
    endloop
  endfacet
  facet normal -1 0 0
    outer loop
      vertex -18.7 -6.17529 49.4006
      vertex -18.7 -7.48232 54.2785
      vertex -18.7 -6.64842 54.4444
    endloop
  endfacet
  facet normal -1 0 0
    outer loop
      vertex -18.7 -10.6828 43.7306
      vertex -18.7 -7.23759 48.1893
      vertex -18.7 -7.25 48
    endloop
  endfacet
  facet normal -1 -0 0
    outer loop
      vertex -18.7 -6.95036 47.1173
      vertex -18.7 -10.6828 43.7306
      vertex -18.7 -7.05574 47.275
    endloop
  endfacet
  facet normal -1 -0 0
    outer loop
      vertex -18.7 -7.05574 47.275
      vertex -18.7 -10.6828 43.7306
      vertex -18.7 -7.13962 47.4451
    endloop
  endfacet
  facet normal -1 0 0
    outer loop
      vertex -18.7 -6.35489 49.3396
      vertex -18.7 -8.28744 54.0052
      vertex -18.7 -7.48232 54.2785
    endloop
  endfacet
  facet normal -1 0 0
    outer loop
      vertex -18.7 -6.35489 49.3396
      vertex -18.7 -8.99758 53.655
      vertex -18.7 -8.28744 54.0052
    endloop
  endfacet
  facet normal -1 -0 0
    outer loop
      vertex -18.7 -7.13962 47.4451
      vertex -18.7 -10.6828 43.7306
      vertex -18.7 -7.20059 47.6247
    endloop
  endfacet
  facet normal -1 -0 0
    outer loop
      vertex -18.7 -7.20059 47.6247
      vertex -18.7 -10.6828 43.7306
      vertex -18.7 -7.23759 47.8107
    endloop
  endfacet
  facet normal -1 -0 0
    outer loop
      vertex -18.7 -7.23759 47.8107
      vertex -18.7 -10.6828 43.7306
      vertex -18.7 -7.25 48
    endloop
  endfacet
  facet normal -1 -0 0
    outer loop
      vertex -18.7 -7.23759 48.1893
      vertex -18.7 -10.6828 43.7306
      vertex -18.7 -8.99758 53.655
    endloop
  endfacet
  facet normal -1 0 0
    outer loop
      vertex -18.7 -10.6828 43.7306
      vertex -18.7 -17.3 55.5
      vertex -18.7 -8.99758 53.655
    endloop
  endfacet
  facet normal -1 0 0
    outer loop
      vertex -18.7 -19.6 44.444
      vertex -18.7 -17.3 55.5
      vertex -18.7 -10.6828 43.7306
    endloop
  endfacet
  facet normal -1 -0 0
    outer loop
      vertex -18.7 -17.3 55.5
      vertex -18.7 -19.6 44.444
      vertex -18.7 -19.6 55.5
    endloop
  endfacet
  facet normal 0 0.946922 0.321464
    outer loop
      vertex -14.7 8.40418 50.8586
      vertex -18.7 8.236 51.354
      vertex -14.7 8.236 51.354
    endloop
  endfacet
  facet normal 0 0.946922 0.321464
    outer loop
      vertex -18.7 8.236 51.354
      vertex -14.7 8.40418 50.8586
      vertex -18.7 8.40418 50.8586
    endloop
  endfacet
  facet normal 0 -0.442265 0.896884
    outer loop
      vertex -18.7 1.27036 57.7181
      vertex -14.7 0.801096 57.4867
      vertex -14.7 1.27036 57.7181
    endloop
  endfacet
  facet normal 0 -0.442265 0.896884
    outer loop
      vertex -14.7 0.801096 57.4867
      vertex -18.7 1.27036 57.7181
      vertex -18.7 0.801096 57.4867
    endloop
  endfacet
  facet normal 0 -0.573581 0.819149
    outer loop
      vertex -18.7 0.366051 57.196
      vertex -14.7 -3.90406 54.206
      vertex -14.7 0.366051 57.196
    endloop
  endfacet
  facet normal 0 -0.573581 0.819149
    outer loop
      vertex -14.7 -3.90406 54.206
      vertex -18.7 0.366051 57.196
      vertex -18.7 -3.90406 54.206
    endloop
  endfacet
  facet normal 0 -0.0655537 0.997849
    outer loop
      vertex -18.7 2.8011 58.0226
      vertex -14.7 2.27899 57.9883
      vertex -14.7 2.8011 58.0226
    endloop
  endfacet
  facet normal 0 -0.0655537 0.997849
    outer loop
      vertex -14.7 2.27899 57.9883
      vertex -18.7 2.8011 58.0226
      vertex -18.7 2.27899 57.9883
    endloop
  endfacet
  facet normal 0 0.89689 0.442253
    outer loop
      vertex -14.7 6.49661 55.5533
      vertex -18.7 6.2652 56.0226
      vertex -14.7 6.2652 56.0226
    endloop
  endfacet
  facet normal 0 0.89689 0.442253
    outer loop
      vertex -18.7 6.2652 56.0226
      vertex -14.7 6.49661 55.5533
      vertex -18.7 6.49661 55.5533
    endloop
  endfacet
  facet normal 0 0.980786 -0.195087
    outer loop
      vertex -14.7 8.40418 48.788
      vertex -18.7 8.50626 49.3012
      vertex -14.7 8.50626 49.3012
    endloop
  endfacet
  facet normal 0 0.980786 -0.195087
    outer loop
      vertex -18.7 8.50626 49.3012
      vertex -14.7 8.40418 48.788
      vertex -18.7 8.40418 48.788
    endloop
  endfacet
  facet normal -0 0.659362 0.751826
    outer loop
      vertex -18.7 5.62952 56.851
      vertex -14.7 5.23614 57.196
      vertex -14.7 5.62952 56.851
    endloop
  endfacet
  facet normal 0 0.659362 0.751826
    outer loop
      vertex -14.7 5.23614 57.196
      vertex -18.7 5.62952 56.851
      vertex -18.7 5.23614 57.196
    endloop
  endfacet
  facet normal -0 0.321463 0.946922
    outer loop
      vertex -18.7 4.33183 57.7181
      vertex -14.7 3.83637 57.8863
      vertex -14.7 4.33183 57.7181
    endloop
  endfacet
  facet normal 0 0.321463 0.946922
    outer loop
      vertex -14.7 3.83637 57.8863
      vertex -18.7 4.33183 57.7181
      vertex -18.7 3.83637 57.8863
    endloop
  endfacet
  facet normal 0 0.997859 -0.0654027
    outer loop
      vertex -14.7 8.50626 49.3012
      vertex -18.7 8.54048 49.8233
      vertex -14.7 8.54048 49.8233
    endloop
  endfacet
  facet normal 0 0.997859 -0.0654027
    outer loop
      vertex -18.7 8.54048 49.8233
      vertex -14.7 8.50626 49.3012
      vertex -18.7 8.50626 49.3012
    endloop
  endfacet
  facet normal 0 -0.321463 0.946922
    outer loop
      vertex -18.7 1.76582 57.8863
      vertex -14.7 1.27036 57.7181
      vertex -14.7 1.76582 57.8863
    endloop
  endfacet
  facet normal 0 -0.321463 0.946922
    outer loop
      vertex -14.7 1.27036 57.7181
      vertex -18.7 1.76582 57.8863
      vertex -18.7 1.27036 57.7181
    endloop
  endfacet
  facet normal 0 0.751852 0.659332
    outer loop
      vertex -14.7 5.97451 56.4576
      vertex -18.7 5.62952 56.851
      vertex -14.7 5.62952 56.851
    endloop
  endfacet
  facet normal 0 0.751852 0.659332
    outer loop
      vertex -18.7 5.62952 56.851
      vertex -14.7 5.97451 56.4576
      vertex -18.7 5.97451 56.4576
    endloop
  endfacet
  facet normal 0 0.321469 -0.94692
    outer loop
      vertex -18.7 5.57576 45.9596
      vertex -14.7 6.07121 46.1278
      vertex -14.7 5.57576 45.9596
    endloop
  endfacet
  facet normal 0 0.321469 -0.94692
    outer loop
      vertex -14.7 6.07121 46.1278
      vertex -18.7 5.57576 45.9596
      vertex -18.7 6.07121 46.1278
    endloop
  endfacet
  facet normal 0 0.997859 0.0654027
    outer loop
      vertex -14.7 8.54048 49.8233
      vertex -18.7 8.50626 50.3454
      vertex -14.7 8.50626 50.3454
    endloop
  endfacet
  facet normal 0 0.997859 0.0654027
    outer loop
      vertex -18.7 8.50626 50.3454
      vertex -14.7 8.54048 49.8233
      vertex -18.7 8.54048 49.8233
    endloop
  endfacet
  facet normal 0 0.980786 0.195087
    outer loop
      vertex -14.7 8.50626 50.3454
      vertex -18.7 8.40418 50.8586
      vertex -14.7 8.40418 50.8586
    endloop
  endfacet
  facet normal 0 0.980786 0.195087
    outer loop
      vertex -18.7 8.40418 50.8586
      vertex -14.7 8.50626 50.3454
      vertex -18.7 8.50626 50.3454
    endloop
  endfacet
  facet normal 0 0.44226 -0.896887
    outer loop
      vertex -18.7 6.07121 46.1278
      vertex -14.7 6.54048 46.3592
      vertex -14.7 6.07121 46.1278
    endloop
  endfacet
  facet normal 0 0.44226 -0.896887
    outer loop
      vertex -14.7 6.54048 46.3592
      vertex -18.7 6.07121 46.1278
      vertex -18.7 6.54048 46.3592
    endloop
  endfacet
  facet normal 0 0.923881 0.38268
    outer loop
      vertex -14.7 8.236 51.354
      vertex -18.7 6.49661 55.5533
      vertex -14.7 6.49661 55.5533
    endloop
  endfacet
  facet normal 0 0.923881 0.38268
    outer loop
      vertex -18.7 6.49661 55.5533
      vertex -14.7 8.236 51.354
      vertex -18.7 8.236 51.354
    endloop
  endfacet
  facet normal 0 0.173648 -0.984808
    outer loop
      vertex -18.7 -0.0710587 44.9523
      vertex -14.7 5.06259 45.8575
      vertex -14.7 -0.0710587 44.9523
    endloop
  endfacet
  facet normal 0 0.173648 -0.984808
    outer loop
      vertex -14.7 5.06259 45.8575
      vertex -18.7 -0.0710587 44.9523
      vertex -18.7 5.06259 45.8575
    endloop
  endfacet
  facet normal 0 -0.555586 0.831459
    outer loop
      vertex -18.7 0.801096 57.4867
      vertex -14.7 0.366051 57.196
      vertex -14.7 0.801096 57.4867
    endloop
  endfacet
  facet normal 0 -0.555586 0.831459
    outer loop
      vertex -14.7 0.366051 57.196
      vertex -18.7 0.801096 57.4867
      vertex -18.7 0.366051 57.196
    endloop
  endfacet
  facet normal 0 0.195135 -0.980776
    outer loop
      vertex -18.7 5.06259 45.8575
      vertex -14.7 5.57576 45.9596
      vertex -14.7 5.06259 45.8575
    endloop
  endfacet
  facet normal 0 0.195135 -0.980776
    outer loop
      vertex -14.7 5.57576 45.9596
      vertex -18.7 5.06259 45.8575
      vertex -18.7 5.57576 45.9596
    endloop
  endfacet
  facet normal -0 0.44226 0.896887
    outer loop
      vertex -18.7 4.8011 57.4867
      vertex -14.7 4.33183 57.7181
      vertex -14.7 4.8011 57.4867
    endloop
  endfacet
  facet normal 0 0.44226 0.896887
    outer loop
      vertex -14.7 4.33183 57.7181
      vertex -18.7 4.8011 57.4867
      vertex -18.7 4.33183 57.7181
    endloop
  endfacet
  facet normal 0 0.946922 -0.321464
    outer loop
      vertex -14.7 8.236 48.2926
      vertex -18.7 8.40418 48.788
      vertex -14.7 8.40418 48.788
    endloop
  endfacet
  facet normal 0 0.946922 -0.321464
    outer loop
      vertex -18.7 8.40418 48.788
      vertex -14.7 8.236 48.2926
      vertex -18.7 8.236 48.2926
    endloop
  endfacet
  facet normal 0 -0.194951 0.980813
    outer loop
      vertex -18.7 2.27899 57.9883
      vertex -14.7 1.76582 57.8863
      vertex -14.7 2.27899 57.9883
    endloop
  endfacet
  facet normal 0 -0.194951 0.980813
    outer loop
      vertex -14.7 1.76582 57.8863
      vertex -18.7 2.27899 57.9883
      vertex -18.7 1.76582 57.8863
    endloop
  endfacet
  facet normal -0 0.555591 0.831456
    outer loop
      vertex -18.7 5.23614 57.196
      vertex -14.7 4.8011 57.4867
      vertex -14.7 5.23614 57.196
    endloop
  endfacet
  facet normal 0 0.555591 0.831456
    outer loop
      vertex -14.7 4.8011 57.4867
      vertex -18.7 5.23614 57.196
      vertex -18.7 4.8011 57.4867
    endloop
  endfacet
  facet normal 0 0.831441 0.555613
    outer loop
      vertex -14.7 6.2652 56.0226
      vertex -18.7 5.97451 56.4576
      vertex -14.7 5.97451 56.4576
    endloop
  endfacet
  facet normal 0 0.831441 0.555613
    outer loop
      vertex -18.7 5.97451 56.4576
      vertex -14.7 6.2652 56.0226
      vertex -18.7 6.2652 56.0226
    endloop
  endfacet
  facet normal 0 0.896883 -0.442268
    outer loop
      vertex -14.7 8.00458 47.8233
      vertex -18.7 8.236 48.2926
      vertex -14.7 8.236 48.2926
    endloop
  endfacet
  facet normal 0 0.896883 -0.442268
    outer loop
      vertex -18.7 8.236 48.2926
      vertex -14.7 8.00458 47.8233
      vertex -18.7 8.00458 47.8233
    endloop
  endfacet
  facet normal 0 0.659362 -0.751826
    outer loop
      vertex -18.7 6.97553 46.6499
      vertex -14.7 7.36891 46.9949
      vertex -14.7 6.97553 46.6499
    endloop
  endfacet
  facet normal 0 0.659362 -0.751826
    outer loop
      vertex -14.7 7.36891 46.9949
      vertex -18.7 6.97553 46.6499
      vertex -18.7 7.36891 46.9949
    endloop
  endfacet
  facet normal 0 0.555582 -0.831462
    outer loop
      vertex -18.7 6.54048 46.3592
      vertex -14.7 6.97553 46.6499
      vertex -14.7 6.54048 46.3592
    endloop
  endfacet
  facet normal 0 0.555582 -0.831462
    outer loop
      vertex -14.7 6.97553 46.6499
      vertex -18.7 6.54048 46.3592
      vertex -18.7 6.97553 46.6499
    endloop
  endfacet
  facet normal -0 0.0655549 0.997849
    outer loop
      vertex -18.7 3.3232 57.9883
      vertex -14.7 2.8011 58.0226
      vertex -14.7 3.3232 57.9883
    endloop
  endfacet
  facet normal 0 0.0655549 0.997849
    outer loop
      vertex -14.7 2.8011 58.0226
      vertex -18.7 3.3232 57.9883
      vertex -18.7 2.8011 58.0226
    endloop
  endfacet
  facet normal -0 0.194951 0.980813
    outer loop
      vertex -18.7 3.83637 57.8863
      vertex -14.7 3.3232 57.9883
      vertex -14.7 3.83637 57.8863
    endloop
  endfacet
  facet normal 0 0.194951 0.980813
    outer loop
      vertex -14.7 3.3232 57.9883
      vertex -18.7 3.83637 57.8863
      vertex -18.7 3.3232 57.9883
    endloop
  endfacet
  facet normal 0 0.831441 -0.555613
    outer loop
      vertex -14.7 7.71389 47.3883
      vertex -18.7 8.00458 47.8233
      vertex -14.7 8.00458 47.8233
    endloop
  endfacet
  facet normal 0 0.831441 -0.555613
    outer loop
      vertex -18.7 8.00458 47.8233
      vertex -14.7 7.71389 47.3883
      vertex -18.7 7.71389 47.3883
    endloop
  endfacet
  facet normal 0 0.751861 -0.659321
    outer loop
      vertex -14.7 7.36891 46.9949
      vertex -18.7 7.71389 47.3883
      vertex -14.7 7.71389 47.3883
    endloop
  endfacet
  facet normal 0 0.751861 -0.659321
    outer loop
      vertex -18.7 7.71389 47.3883
      vertex -14.7 7.36891 46.9949
      vertex -18.7 7.36891 46.9949
    endloop
  endfacet
  facet normal 0 -0.0797479 -0.996815
    outer loop
      vertex -18.7 -19.6 44.444
      vertex -14.7 -10.6828 43.7306
      vertex -14.7 -19.6 44.444
    endloop
  endfacet
  facet normal -0 -0.0797479 -0.996815
    outer loop
      vertex -14.7 -10.6828 43.7306
      vertex -18.7 -19.6 44.444
      vertex -18.7 -10.6828 43.7306
    endloop
  endfacet
  facet normal -0 0.216932 0.976187
    outer loop
      vertex -18.7 -8.99758 53.655
      vertex -14.7 -17.3 55.5
      vertex -14.7 -8.99758 53.655
    endloop
  endfacet
  facet normal 0 0.216932 0.976187
    outer loop
      vertex -14.7 -17.3 55.5
      vertex -18.7 -8.99758 53.655
      vertex -18.7 -17.3 55.5
    endloop
  endfacet
  facet normal -0 0 1
    outer loop
      vertex -18.7 -17.3 55.5
      vertex -14.7 -19.6 55.5
      vertex -14.7 -17.3 55.5
    endloop
  endfacet
  facet normal 0 0 1
    outer loop
      vertex -14.7 -19.6 55.5
      vertex -18.7 -17.3 55.5
      vertex -18.7 -19.6 55.5
    endloop
  endfacet
  facet normal 0 -0.55559 0.831456
    outer loop
      vertex -18.7 5.52972 48.5341
      vertex -14.7 5.35298 48.416
      vertex -14.7 5.52972 48.5341
    endloop
  endfacet
  facet normal 0 -0.55559 0.831456
    outer loop
      vertex -14.7 5.35298 48.416
      vertex -18.7 5.52972 48.5341
      vertex -18.7 5.35298 48.416
    endloop
  endfacet
  facet normal -0 0.321333 0.946966
    outer loop
      vertex -18.7 4.1199 48.2537
      vertex -14.7 3.91862 48.322
      vertex -14.7 4.1199 48.2537
    endloop
  endfacet
  facet normal 0 0.321333 0.946966
    outer loop
      vertex -14.7 3.91862 48.322
      vertex -18.7 4.1199 48.2537
      vertex -18.7 3.91862 48.322
    endloop
  endfacet
  facet normal -0 0.0653948 0.997859
    outer loop
      vertex -18.7 4.54048 48.1983
      vertex -14.7 4.32838 48.2122
      vertex -14.7 4.54048 48.1983
    endloop
  endfacet
  facet normal 0 0.0653948 0.997859
    outer loop
      vertex -14.7 4.32838 48.2122
      vertex -18.7 4.54048 48.1983
      vertex -18.7 4.32838 48.2122
    endloop
  endfacet
  facet normal 0 -0.83142 0.555645
    outer loop
      vertex -18.7 5.82968 48.8341
      vertex -14.7 5.94777 49.0108
      vertex -18.7 5.94777 49.0108
    endloop
  endfacet
  facet normal 0 -0.83142 0.555645
    outer loop
      vertex -14.7 5.94777 49.0108
      vertex -18.7 5.82968 48.8341
      vertex -14.7 5.82968 48.8341
    endloop
  endfacet
  facet normal 0 0.946933 0.32143
    outer loop
      vertex -14.7 3.03918 49.2014
      vertex -18.7 2.97085 49.4027
      vertex -14.7 2.97085 49.4027
    endloop
  endfacet
  facet normal 0 0.946933 0.32143
    outer loop
      vertex -18.7 2.97085 49.4027
      vertex -14.7 3.03918 49.2014
      vertex -18.7 3.03918 49.2014
    endloop
  endfacet
  facet normal 0 0.896842 0.442351
    outer loop
      vertex -14.7 3.13319 49.0108
      vertex -18.7 3.03918 49.2014
      vertex -14.7 3.03918 49.2014
    endloop
  endfacet
  facet normal 0 0.896842 0.442351
    outer loop
      vertex -18.7 3.03918 49.2014
      vertex -14.7 3.13319 49.0108
      vertex -18.7 3.13319 49.0108
    endloop
  endfacet
  facet normal 0 -0.980788 0.195076
    outer loop
      vertex -18.7 6.11011 49.4027
      vertex -14.7 6.15158 49.6112
      vertex -18.7 6.15158 49.6112
    endloop
  endfacet
  facet normal 0 -0.980788 0.195076
    outer loop
      vertex -14.7 6.15158 49.6112
      vertex -18.7 6.11011 49.4027
      vertex -14.7 6.11011 49.4027
    endloop
  endfacet
  facet normal -0 0.442239 0.896897
    outer loop
      vertex -18.7 3.91862 48.322
      vertex -14.7 3.72798 48.416
      vertex -14.7 3.91862 48.322
    endloop
  endfacet
  facet normal 0 0.442239 0.896897
    outer loop
      vertex -14.7 3.72798 48.416
      vertex -18.7 3.91862 48.322
      vertex -18.7 3.72798 48.416
    endloop
  endfacet
  facet normal 0 -0.997859 0.0653948
    outer loop
      vertex -18.7 6.15158 49.6112
      vertex -14.7 6.16548 49.8233
      vertex -18.7 6.16548 49.8233
    endloop
  endfacet
  facet normal 0 -0.997859 0.0653948
    outer loop
      vertex -14.7 6.16548 49.8233
      vertex -18.7 6.15158 49.6112
      vertex -14.7 6.15158 49.6112
    endloop
  endfacet
  facet normal 0 -0.896823 0.442389
    outer loop
      vertex -18.7 5.94777 49.0108
      vertex -14.7 6.04179 49.2014
      vertex -18.7 6.04179 49.2014
    endloop
  endfacet
  facet normal 0 -0.896823 0.442389
    outer loop
      vertex -14.7 6.04179 49.2014
      vertex -18.7 5.94777 49.0108
      vertex -14.7 5.94777 49.0108
    endloop
  endfacet
  facet normal 0 -0.442239 0.896897
    outer loop
      vertex -18.7 5.35298 48.416
      vertex -14.7 5.16234 48.322
      vertex -14.7 5.35298 48.416
    endloop
  endfacet
  facet normal 0 -0.442239 0.896897
    outer loop
      vertex -14.7 5.16234 48.322
      vertex -18.7 5.35298 48.416
      vertex -18.7 5.16234 48.322
    endloop
  endfacet
  facet normal 0 -0.981631 -0.190788
    outer loop
      vertex -18.7 6.15158 50.0354
      vertex -14.7 6.08165 50.3952
      vertex -18.7 6.08165 50.3952
    endloop
  endfacet
  facet normal 0 -0.981631 -0.190788
    outer loop
      vertex -14.7 6.08165 50.3952
      vertex -18.7 6.15158 50.0354
      vertex -14.7 6.15158 50.0354
    endloop
  endfacet
  facet normal -0 0.195229 0.980758
    outer loop
      vertex -18.7 4.32838 48.2122
      vertex -14.7 4.1199 48.2537
      vertex -14.7 4.32838 48.2122
    endloop
  endfacet
  facet normal 0 0.195229 0.980758
    outer loop
      vertex -14.7 4.1199 48.2537
      vertex -18.7 4.32838 48.2122
      vertex -18.7 4.1199 48.2537
    endloop
  endfacet
  facet normal 0 -0.321333 0.946966
    outer loop
      vertex -18.7 5.16234 48.322
      vertex -14.7 4.96106 48.2537
      vertex -14.7 5.16234 48.322
    endloop
  endfacet
  facet normal 0 -0.321333 0.946966
    outer loop
      vertex -14.7 4.96106 48.2537
      vertex -18.7 5.16234 48.322
      vertex -18.7 4.96106 48.2537
    endloop
  endfacet
  facet normal 0 -0.195238 0.980756
    outer loop
      vertex -18.7 4.96106 48.2537
      vertex -14.7 4.75259 48.2122
      vertex -14.7 4.96106 48.2537
    endloop
  endfacet
  facet normal 0 -0.195238 0.980756
    outer loop
      vertex -14.7 4.75259 48.2122
      vertex -18.7 4.96106 48.2537
      vertex -18.7 4.75259 48.2122
    endloop
  endfacet
  facet normal 0 -0.946948 0.321388
    outer loop
      vertex -18.7 6.04179 49.2014
      vertex -14.7 6.11011 49.4027
      vertex -18.7 6.11011 49.4027
    endloop
  endfacet
  facet normal 0 -0.946948 0.321388
    outer loop
      vertex -14.7 6.11011 49.4027
      vertex -18.7 6.04179 49.2014
      vertex -14.7 6.04179 49.2014
    endloop
  endfacet
  facet normal 0 0.83142 0.555645
    outer loop
      vertex -14.7 3.25128 48.8341
      vertex -18.7 3.13319 49.0108
      vertex -14.7 3.13319 49.0108
    endloop
  endfacet
  facet normal 0 0.83142 0.555645
    outer loop
      vertex -18.7 3.13319 49.0108
      vertex -14.7 3.25128 48.8341
      vertex -18.7 3.25128 48.8341
    endloop
  endfacet
  facet normal 0 -0.0653918 0.99786
    outer loop
      vertex -18.7 4.75259 48.2122
      vertex -14.7 4.54048 48.1983
      vertex -14.7 4.75259 48.2122
    endloop
  endfacet
  facet normal 0 -0.0653918 0.99786
    outer loop
      vertex -14.7 4.54048 48.1983
      vertex -18.7 4.75259 48.2122
      vertex -18.7 4.54048 48.1983
    endloop
  endfacet
  facet normal 0 -0.751818 0.65937
    outer loop
      vertex -18.7 5.68953 48.6743
      vertex -14.7 5.82968 48.8341
      vertex -18.7 5.82968 48.8341
    endloop
  endfacet
  facet normal 0 -0.751818 0.65937
    outer loop
      vertex -14.7 5.82968 48.8341
      vertex -18.7 5.68953 48.6743
      vertex -14.7 5.68953 48.6743
    endloop
  endfacet
  facet normal 0 0.981632 0.190787
    outer loop
      vertex -14.7 2.92938 49.6112
      vertex -18.7 2.89494 49.7884
      vertex -14.7 2.89494 49.7884
    endloop
  endfacet
  facet normal 0 0.981632 0.190787
    outer loop
      vertex -18.7 2.89494 49.7884
      vertex -14.7 2.92938 49.6112
      vertex -18.7 2.92938 49.6112
    endloop
  endfacet
  facet normal 0 -0.980788 -0.195076
    outer loop
      vertex -18.7 6.08165 50.3952
      vertex -14.7 6.04018 50.6037
      vertex -18.7 6.04018 50.6037
    endloop
  endfacet
  facet normal 0 -0.980788 -0.195076
    outer loop
      vertex -14.7 6.04018 50.6037
      vertex -18.7 6.08165 50.3952
      vertex -14.7 6.08165 50.3952
    endloop
  endfacet
  facet normal 0 -0.65948 0.751722
    outer loop
      vertex -18.7 5.68953 48.6743
      vertex -14.7 5.52972 48.5341
      vertex -14.7 5.68953 48.6743
    endloop
  endfacet
  facet normal 0 -0.65948 0.751722
    outer loop
      vertex -14.7 5.52972 48.5341
      vertex -18.7 5.68953 48.6743
      vertex -18.7 5.52972 48.5341
    endloop
  endfacet
  facet normal 0 0.751818 0.65937
    outer loop
      vertex -14.7 3.39143 48.6743
      vertex -18.7 3.25128 48.8341
      vertex -14.7 3.25128 48.8341
    endloop
  endfacet
  facet normal 0 0.751818 0.65937
    outer loop
      vertex -18.7 3.25128 48.8341
      vertex -14.7 3.39143 48.6743
      vertex -18.7 3.39143 48.6743
    endloop
  endfacet
  facet normal 0 -0.997859 -0.0653948
    outer loop
      vertex -18.7 6.16548 49.8233
      vertex -14.7 6.15158 50.0354
      vertex -18.7 6.15158 50.0354
    endloop
  endfacet
  facet normal 0 -0.997859 -0.0653948
    outer loop
      vertex -14.7 6.15158 50.0354
      vertex -18.7 6.16548 49.8233
      vertex -14.7 6.16548 49.8233
    endloop
  endfacet
  facet normal 0 0.980788 0.195076
    outer loop
      vertex -14.7 2.97085 49.4027
      vertex -18.7 2.92938 49.6112
      vertex -14.7 2.92938 49.6112
    endloop
  endfacet
  facet normal 0 0.980788 0.195076
    outer loop
      vertex -18.7 2.92938 49.6112
      vertex -14.7 2.97085 49.4027
      vertex -18.7 2.97085 49.4027
    endloop
  endfacet
  facet normal -0 0.65948 0.751722
    outer loop
      vertex -18.7 3.55124 48.5341
      vertex -14.7 3.39143 48.6743
      vertex -14.7 3.55124 48.5341
    endloop
  endfacet
  facet normal 0 0.65948 0.751722
    outer loop
      vertex -14.7 3.39143 48.6743
      vertex -18.7 3.55124 48.5341
      vertex -18.7 3.39143 48.6743
    endloop
  endfacet
  facet normal -0 0.55559 0.831456
    outer loop
      vertex -18.7 3.72798 48.416
      vertex -14.7 3.55124 48.5341
      vertex -14.7 3.72798 48.416
    endloop
  endfacet
  facet normal 0 0.55559 0.831456
    outer loop
      vertex -14.7 3.55124 48.5341
      vertex -18.7 3.72798 48.416
      vertex -18.7 3.55124 48.5341
    endloop
  endfacet
  facet normal 0 -0.974366 -0.224969
    outer loop
      vertex -18.7 6.04018 50.6037
      vertex -14.7 5.95773 50.9608
      vertex -18.7 5.95773 50.9608
    endloop
  endfacet
  facet normal 0 -0.974366 -0.224969
    outer loop
      vertex -14.7 5.95773 50.9608
      vertex -18.7 6.04018 50.6037
      vertex -14.7 6.04018 50.6037
    endloop
  endfacet
  facet normal 0 0.974372 0.224941
    outer loop
      vertex -14.7 2.89494 49.7884
      vertex -18.7 2.81848 50.1196
      vertex -14.7 2.81848 50.1196
    endloop
  endfacet
  facet normal 0 0.974372 0.224941
    outer loop
      vertex -18.7 2.81848 50.1196
      vertex -14.7 2.89494 49.7884
      vertex -18.7 2.89494 49.7884
    endloop
  endfacet
  facet normal 0 -0.965929 -0.258809
    outer loop
      vertex -18.7 5.95773 50.9608
      vertex -14.7 5.86288 51.3148
      vertex -18.7 5.86288 51.3148
    endloop
  endfacet
  facet normal 0 -0.965929 -0.258809
    outer loop
      vertex -14.7 5.86288 51.3148
      vertex -18.7 5.95773 50.9608
      vertex -14.7 5.95773 50.9608
    endloop
  endfacet
  facet normal 0 0.965922 0.258834
    outer loop
      vertex -14.7 2.81848 50.1196
      vertex -18.7 2.72362 50.4736
      vertex -14.7 2.72362 50.4736
    endloop
  endfacet
  facet normal 0 0.965922 0.258834
    outer loop
      vertex -18.7 2.72362 50.4736
      vertex -14.7 2.81848 50.1196
      vertex -18.7 2.81848 50.1196
    endloop
  endfacet
  facet normal 0 -0.946899 -0.321531
    outer loop
      vertex -18.7 5.75572 51.6653
      vertex -14.7 5.6874 51.8665
      vertex -18.7 5.6874 51.8665
    endloop
  endfacet
  facet normal 0 -0.946899 -0.321531
    outer loop
      vertex -14.7 5.6874 51.8665
      vertex -18.7 5.75572 51.6653
      vertex -14.7 5.75572 51.6653
    endloop
  endfacet
  facet normal 0 0.956307 0.292364
    outer loop
      vertex -14.7 2.72362 50.4736
      vertex -18.7 2.62423 50.7987
      vertex -14.7 2.62423 50.7987
    endloop
  endfacet
  facet normal 0 0.956307 0.292364
    outer loop
      vertex -18.7 2.62423 50.7987
      vertex -14.7 2.72362 50.4736
      vertex -18.7 2.72362 50.4736
    endloop
  endfacet
  facet normal 0 -0.956304 -0.292375
    outer loop
      vertex -18.7 5.86288 51.3148
      vertex -14.7 5.75572 51.6653
      vertex -18.7 5.75572 51.6653
    endloop
  endfacet
  facet normal 0 -0.956304 -0.292375
    outer loop
      vertex -14.7 5.75572 51.6653
      vertex -18.7 5.86288 51.3148
      vertex -14.7 5.86288 51.3148
    endloop
  endfacet
  facet normal 0 -0.945539 -0.32551
    outer loop
      vertex -18.7 5.6874 51.8665
      vertex -14.7 5.56808 52.2131
      vertex -18.7 5.56808 52.2131
    endloop
  endfacet
  facet normal 0 -0.945539 -0.32551
    outer loop
      vertex -14.7 5.56808 52.2131
      vertex -18.7 5.6874 51.8665
      vertex -14.7 5.6874 51.8665
    endloop
  endfacet
  facet normal 0 0.945547 0.325485
    outer loop
      vertex -14.7 2.62423 50.7987
      vertex -18.7 2.56547 50.9694
      vertex -14.7 2.56547 50.9694
    endloop
  endfacet
  facet normal 0 0.945547 0.325485
    outer loop
      vertex -18.7 2.56547 50.9694
      vertex -14.7 2.62423 50.7987
      vertex -18.7 2.62423 50.7987
    endloop
  endfacet
  facet normal 0 -0.933553 -0.35844
    outer loop
      vertex -18.7 5.56808 52.2131
      vertex -14.7 5.43673 52.5552
      vertex -18.7 5.43673 52.5552
    endloop
  endfacet
  facet normal 0 -0.933553 -0.35844
    outer loop
      vertex -14.7 5.43673 52.5552
      vertex -18.7 5.56808 52.2131
      vertex -14.7 5.56808 52.2131
    endloop
  endfacet
  facet normal 0 0.933562 0.358416
    outer loop
      vertex -14.7 2.56547 50.9694
      vertex -18.7 2.43413 51.3115
      vertex -14.7 2.43413 51.3115
    endloop
  endfacet
  facet normal 0 0.933562 0.358416
    outer loop
      vertex -18.7 2.43413 51.3115
      vertex -14.7 2.56547 50.9694
      vertex -18.7 2.56547 50.9694
    endloop
  endfacet
  facet normal 0 0.920513 0.390713
    outer loop
      vertex -14.7 2.43413 51.3115
      vertex -18.7 2.29092 51.6489
      vertex -14.7 2.29092 51.6489
    endloop
  endfacet
  facet normal 0 0.920513 0.390713
    outer loop
      vertex -18.7 2.29092 51.6489
      vertex -14.7 2.43413 51.3115
      vertex -18.7 2.43413 51.3115
    endloop
  endfacet
  facet normal 0 -0.920522 -0.39069
    outer loop
      vertex -18.7 5.43673 52.5552
      vertex -14.7 5.29353 52.8926
      vertex -18.7 5.29353 52.8926
    endloop
  endfacet
  facet normal 0 -0.920522 -0.39069
    outer loop
      vertex -14.7 5.29353 52.8926
      vertex -18.7 5.43673 52.5552
      vertex -14.7 5.43673 52.5552
    endloop
  endfacet
  facet normal 0 -0.896842 -0.442351
    outer loop
      vertex -18.7 5.13864 53.2248
      vertex -14.7 5.04463 53.4154
      vertex -18.7 5.04463 53.4154
    endloop
  endfacet
  facet normal 0 -0.896842 -0.442351
    outer loop
      vertex -14.7 5.04463 53.4154
      vertex -18.7 5.13864 53.2248
      vertex -14.7 5.13864 53.2248
    endloop
  endfacet
  facet normal 0 -0.906326 -0.422579
    outer loop
      vertex -18.7 5.29353 52.8926
      vertex -14.7 5.13864 53.2248
      vertex -18.7 5.13864 53.2248
    endloop
  endfacet
  facet normal 0 -0.906326 -0.422579
    outer loop
      vertex -14.7 5.13864 53.2248
      vertex -18.7 5.29353 52.8926
      vertex -14.7 5.29353 52.8926
    endloop
  endfacet
  facet normal 0 0.906299 0.422637
    outer loop
      vertex -14.7 2.29092 51.6489
      vertex -18.7 2.16972 51.9088
      vertex -14.7 2.16972 51.9088
    endloop
  endfacet
  facet normal 0 0.906299 0.422637
    outer loop
      vertex -18.7 2.16972 51.9088
      vertex -14.7 2.29092 51.6489
      vertex -18.7 2.29092 51.6489
    endloop
  endfacet
  facet normal 0 -0.89103 -0.453945
    outer loop
      vertex -18.7 5.04463 53.4154
      vertex -14.7 4.87824 53.742
      vertex -18.7 4.87824 53.742
    endloop
  endfacet
  facet normal 0 -0.89103 -0.453945
    outer loop
      vertex -14.7 4.87824 53.742
      vertex -18.7 5.04463 53.4154
      vertex -14.7 5.04463 53.4154
    endloop
  endfacet
  facet normal 0 0.891047 0.453912
    outer loop
      vertex -14.7 2.16972 51.9088
      vertex -18.7 2.06366 52.117
      vertex -14.7 2.06366 52.117
    endloop
  endfacet
  facet normal 0 0.891047 0.453912
    outer loop
      vertex -18.7 2.06366 52.117
      vertex -14.7 2.16972 51.9088
      vertex -18.7 2.16972 51.9088
    endloop
  endfacet
  facet normal 0 0.874592 0.48486
    outer loop
      vertex -14.7 2.06366 52.117
      vertex -18.7 1.88598 52.4375
      vertex -14.7 1.88598 52.4375
    endloop
  endfacet
  facet normal 0 0.874592 0.48486
    outer loop
      vertex -18.7 1.88598 52.4375
      vertex -14.7 2.06366 52.117
      vertex -18.7 2.06366 52.117
    endloop
  endfacet
  facet normal 0 -0.874592 -0.48486
    outer loop
      vertex -18.7 4.87824 53.742
      vertex -14.7 4.70056 54.0625
      vertex -18.7 4.70056 54.0625
    endloop
  endfacet
  facet normal 0 -0.874592 -0.48486
    outer loop
      vertex -14.7 4.70056 54.0625
      vertex -18.7 4.87824 53.742
      vertex -14.7 4.87824 53.742
    endloop
  endfacet
  facet normal 0 0.857192 0.514997
    outer loop
      vertex -14.7 1.88598 52.4375
      vertex -18.7 1.69721 52.7517
      vertex -14.7 1.69721 52.7517
    endloop
  endfacet
  facet normal 0 0.857192 0.514997
    outer loop
      vertex -18.7 1.69721 52.7517
      vertex -14.7 1.88598 52.4375
      vertex -18.7 1.88598 52.4375
    endloop
  endfacet
  facet normal 0 -0.857204 -0.514977
    outer loop
      vertex -18.7 4.70056 54.0625
      vertex -14.7 4.5118 54.3767
      vertex -18.7 4.5118 54.3767
    endloop
  endfacet
  facet normal 0 -0.857204 -0.514977
    outer loop
      vertex -14.7 4.5118 54.3767
      vertex -18.7 4.70056 54.0625
      vertex -14.7 4.70056 54.0625
    endloop
  endfacet
  facet normal 0 0.997856 0.0654417
    outer loop
      vertex -14.7 1.2938 53.6594
      vertex -18.7 1.27989 53.8715
      vertex -14.7 1.27989 53.8715
    endloop
  endfacet
  facet normal 0 0.997856 0.0654417
    outer loop
      vertex -18.7 1.27989 53.8715
      vertex -14.7 1.2938 53.6594
      vertex -18.7 1.2938 53.6594
    endloop
  endfacet
  facet normal 0 0.980797 -0.19503
    outer loop
      vertex -14.7 1.2938 54.0836
      vertex -18.7 1.33526 54.2921
      vertex -14.7 1.33526 54.2921
    endloop
  endfacet
  facet normal 0 0.980797 -0.19503
    outer loop
      vertex -18.7 1.33526 54.2921
      vertex -14.7 1.2938 54.0836
      vertex -18.7 1.2938 54.0836
    endloop
  endfacet
  facet normal 0 -0.831543 -0.55546
    outer loop
      vertex -18.7 4.31219 54.684
      vertex -14.7 4.19409 54.8608
      vertex -18.7 4.19409 54.8608
    endloop
  endfacet
  facet normal 0 -0.831543 -0.55546
    outer loop
      vertex -14.7 4.19409 54.8608
      vertex -18.7 4.31219 54.684
      vertex -14.7 4.31219 54.684
    endloop
  endfacet
  facet normal 0 0.321754 -0.946823
    outer loop
      vertex -18.7 2.28303 55.3728
      vertex -14.7 2.48431 55.4412
      vertex -14.7 2.28303 55.3728
    endloop
  endfacet
  facet normal 0 0.321754 -0.946823
    outer loop
      vertex -14.7 2.48431 55.4412
      vertex -18.7 2.28303 55.3728
      vertex -18.7 2.48431 55.4412
    endloop
  endfacet
  facet normal 0 0.896934 0.442164
    outer loop
      vertex -14.7 1.4976 53.059
      vertex -18.7 1.40359 53.2497
      vertex -14.7 1.40359 53.2497
    endloop
  endfacet
  facet normal 0 0.896934 0.442164
    outer loop
      vertex -18.7 1.40359 53.2497
      vertex -14.7 1.4976 53.059
      vertex -18.7 1.4976 53.059
    endloop
  endfacet
  facet normal 0 0.194777 -0.980848
    outer loop
      vertex -18.7 2.48431 55.4412
      vertex -14.7 2.69279 55.4826
      vertex -14.7 2.48431 55.4412
    endloop
  endfacet
  facet normal 0 0.194777 -0.980848
    outer loop
      vertex -14.7 2.69279 55.4826
      vertex -18.7 2.48431 55.4412
      vertex -18.7 2.69279 55.4826
    endloop
  endfacet
  facet normal 0 0.659214 -0.751956
    outer loop
      vertex -18.7 1.75585 55.0206
      vertex -14.7 1.91566 55.1607
      vertex -14.7 1.75585 55.0206
    endloop
  endfacet
  facet normal 0 0.659214 -0.751956
    outer loop
      vertex -14.7 1.91566 55.1607
      vertex -18.7 1.75585 55.0206
      vertex -18.7 1.91566 55.1607
    endloop
  endfacet
  facet normal 0 -0.194786 -0.980846
    outer loop
      vertex -18.7 3.117 55.4826
      vertex -14.7 3.32547 55.4412
      vertex -14.7 3.117 55.4826
    endloop
  endfacet
  facet normal -0 -0.194786 -0.980846
    outer loop
      vertex -14.7 3.32547 55.4412
      vertex -18.7 3.117 55.4826
      vertex -18.7 3.32547 55.4412
    endloop
  endfacet
  facet normal 0 -0.442239 -0.896897
    outer loop
      vertex -18.7 3.52675 55.3728
      vertex -14.7 3.71739 55.2788
      vertex -14.7 3.52675 55.3728
    endloop
  endfacet
  facet normal -0 -0.442239 -0.896897
    outer loop
      vertex -14.7 3.71739 55.2788
      vertex -18.7 3.52675 55.3728
      vertex -18.7 3.71739 55.2788
    endloop
  endfacet
  facet normal 0 0.555612 -0.831442
    outer loop
      vertex -18.7 1.91566 55.1607
      vertex -14.7 2.09239 55.2788
      vertex -14.7 1.91566 55.1607
    endloop
  endfacet
  facet normal 0 0.555612 -0.831442
    outer loop
      vertex -14.7 2.09239 55.2788
      vertex -18.7 1.91566 55.1607
      vertex -18.7 2.09239 55.2788
    endloop
  endfacet
  facet normal 0 0.0653948 -0.997859
    outer loop
      vertex -18.7 2.69279 55.4826
      vertex -14.7 2.90489 55.4965
      vertex -14.7 2.69279 55.4826
    endloop
  endfacet
  facet normal 0 0.0653948 -0.997859
    outer loop
      vertex -14.7 2.90489 55.4965
      vertex -18.7 2.69279 55.4826
      vertex -18.7 2.90489 55.4965
    endloop
  endfacet
  facet normal 0 -0.0653918 -0.99786
    outer loop
      vertex -18.7 2.90489 55.4965
      vertex -14.7 3.117 55.4826
      vertex -14.7 2.90489 55.4965
    endloop
  endfacet
  facet normal -0 -0.0653918 -0.99786
    outer loop
      vertex -14.7 3.117 55.4826
      vertex -18.7 2.90489 55.4965
      vertex -18.7 3.117 55.4826
    endloop
  endfacet
  facet normal 0 -0.659214 -0.751956
    outer loop
      vertex -18.7 3.89413 55.1607
      vertex -14.7 4.05394 55.0206
      vertex -14.7 3.89413 55.1607
    endloop
  endfacet
  facet normal -0 -0.659214 -0.751956
    outer loop
      vertex -14.7 4.05394 55.0206
      vertex -18.7 3.89413 55.1607
      vertex -18.7 4.05394 55.0206
    endloop
  endfacet
  facet normal 0 -0.751818 -0.65937
    outer loop
      vertex -18.7 4.19409 54.8608
      vertex -14.7 4.05394 55.0206
      vertex -18.7 4.05394 55.0206
    endloop
  endfacet
  facet normal 0 -0.751818 -0.65937
    outer loop
      vertex -14.7 4.05394 55.0206
      vertex -18.7 4.19409 54.8608
      vertex -14.7 4.19409 54.8608
    endloop
  endfacet
  facet normal 0 0.980797 0.19503
    outer loop
      vertex -14.7 1.33526 53.4509
      vertex -18.7 1.2938 53.6594
      vertex -14.7 1.2938 53.6594
    endloop
  endfacet
  facet normal 0 0.980797 0.19503
    outer loop
      vertex -18.7 1.2938 53.6594
      vertex -14.7 1.33526 53.4509
      vertex -18.7 1.33526 53.4509
    endloop
  endfacet
  facet normal 0 0.442239 -0.896897
    outer loop
      vertex -18.7 2.09239 55.2788
      vertex -14.7 2.28303 55.3728
      vertex -14.7 2.09239 55.2788
    endloop
  endfacet
  facet normal 0 0.442239 -0.896897
    outer loop
      vertex -14.7 2.28303 55.3728
      vertex -18.7 2.09239 55.2788
      vertex -18.7 2.28303 55.3728
    endloop
  endfacet
  facet normal 0 0.896842 -0.442351
    outer loop
      vertex -14.7 1.40359 54.4934
      vertex -18.7 1.4976 54.684
      vertex -14.7 1.4976 54.684
    endloop
  endfacet
  facet normal 0 0.896842 -0.442351
    outer loop
      vertex -18.7 1.4976 54.684
      vertex -14.7 1.40359 54.4934
      vertex -18.7 1.40359 54.4934
    endloop
  endfacet
  facet normal 0 0.831543 -0.55546
    outer loop
      vertex -14.7 1.4976 54.684
      vertex -18.7 1.6157 54.8608
      vertex -14.7 1.6157 54.8608
    endloop
  endfacet
  facet normal 0 0.831543 -0.55546
    outer loop
      vertex -18.7 1.6157 54.8608
      vertex -14.7 1.4976 54.684
      vertex -18.7 1.4976 54.684
    endloop
  endfacet
  facet normal 0 0.997856 -0.0654417
    outer loop
      vertex -14.7 1.27989 53.8715
      vertex -18.7 1.2938 54.0836
      vertex -14.7 1.2938 54.0836
    endloop
  endfacet
  facet normal 0 0.997856 -0.0654417
    outer loop
      vertex -18.7 1.2938 54.0836
      vertex -14.7 1.27989 53.8715
      vertex -18.7 1.27989 53.8715
    endloop
  endfacet
  facet normal 0 0.946933 -0.32143
    outer loop
      vertex -14.7 1.33526 54.2921
      vertex -18.7 1.40359 54.4934
      vertex -14.7 1.40359 54.4934
    endloop
  endfacet
  facet normal 0 0.946933 -0.32143
    outer loop
      vertex -18.7 1.40359 54.4934
      vertex -14.7 1.33526 54.2921
      vertex -18.7 1.33526 54.2921
    endloop
  endfacet
  facet normal 0 -0.838612 -0.544729
    outer loop
      vertex -18.7 4.5118 54.3767
      vertex -14.7 4.31219 54.684
      vertex -18.7 4.31219 54.684
    endloop
  endfacet
  facet normal 0 -0.838612 -0.544729
    outer loop
      vertex -14.7 4.31219 54.684
      vertex -18.7 4.5118 54.3767
      vertex -14.7 4.5118 54.3767
    endloop
  endfacet
  facet normal 0 0.838612 0.544729
    outer loop
      vertex -14.7 1.69721 52.7517
      vertex -18.7 1.4976 53.059
      vertex -14.7 1.4976 53.059
    endloop
  endfacet
  facet normal 0 0.838612 0.544729
    outer loop
      vertex -18.7 1.4976 53.059
      vertex -14.7 1.69721 52.7517
      vertex -18.7 1.69721 52.7517
    endloop
  endfacet
  facet normal 0 -0.321754 -0.946823
    outer loop
      vertex -18.7 3.32547 55.4412
      vertex -14.7 3.52675 55.3728
      vertex -14.7 3.32547 55.4412
    endloop
  endfacet
  facet normal -0 -0.321754 -0.946823
    outer loop
      vertex -14.7 3.52675 55.3728
      vertex -18.7 3.32547 55.4412
      vertex -18.7 3.52675 55.3728
    endloop
  endfacet
  facet normal 0 -0.55559 -0.831456
    outer loop
      vertex -18.7 3.71739 55.2788
      vertex -14.7 3.89413 55.1607
      vertex -14.7 3.71739 55.2788
    endloop
  endfacet
  facet normal -0 -0.55559 -0.831456
    outer loop
      vertex -14.7 3.89413 55.1607
      vertex -18.7 3.71739 55.2788
      vertex -18.7 3.89413 55.1607
    endloop
  endfacet
  facet normal 0 0.751818 -0.65937
    outer loop
      vertex -14.7 1.6157 54.8608
      vertex -18.7 1.75585 55.0206
      vertex -14.7 1.75585 55.0206
    endloop
  endfacet
  facet normal 0 0.751818 -0.65937
    outer loop
      vertex -18.7 1.75585 55.0206
      vertex -14.7 1.6157 54.8608
      vertex -18.7 1.6157 54.8608
    endloop
  endfacet
  facet normal 0 0.946885 0.321574
    outer loop
      vertex -14.7 1.40359 53.2497
      vertex -18.7 1.33526 53.4509
      vertex -14.7 1.33526 53.4509
    endloop
  endfacet
  facet normal 0 0.946885 0.321574
    outer loop
      vertex -18.7 1.33526 53.4509
      vertex -14.7 1.40359 53.2497
      vertex -18.7 1.40359 53.2497
    endloop
  endfacet
  facet normal 0 0.997858 0.0654169
    outer loop
      vertex -14.7 -7.23759 47.8107
      vertex -18.7 -7.25 48
      vertex -14.7 -7.25 48
    endloop
  endfacet
  facet normal 0 0.997858 0.0654169
    outer loop
      vertex -18.7 -7.25 48
      vertex -14.7 -7.23759 47.8107
      vertex -18.7 -7.23759 47.8107
    endloop
  endfacet
  facet normal -0 0.442335 0.89685
    outer loop
      vertex -18.7 -6.35489 46.6604
      vertex -14.7 -6.525 46.7443
      vertex -14.7 -6.35489 46.6604
    endloop
  endfacet
  facet normal 0 0.442335 0.89685
    outer loop
      vertex -14.7 -6.525 46.7443
      vertex -18.7 -6.35489 46.6604
      vertex -18.7 -6.525 46.7443
    endloop
  endfacet
  facet normal 0 -0.94694 0.321411
    outer loop
      vertex -18.7 -4.46037 47.4451
      vertex -14.7 -4.39941 47.6247
      vertex -18.7 -4.39941 47.6247
    endloop
  endfacet
  facet normal 0 -0.94694 0.321411
    outer loop
      vertex -14.7 -4.39941 47.6247
      vertex -18.7 -4.46037 47.4451
      vertex -14.7 -4.46037 47.4451
    endloop
  endfacet
  facet normal 0 -0.0653782 0.997861
    outer loop
      vertex -18.7 -5.61074 46.5624
      vertex -14.7 -5.8 46.55
      vertex -14.7 -5.61074 46.5624
    endloop
  endfacet
  facet normal 0 -0.0653782 0.997861
    outer loop
      vertex -14.7 -5.8 46.55
      vertex -18.7 -5.61074 46.5624
      vertex -18.7 -5.8 46.55
    endloop
  endfacet
  facet normal 0 0.3216 -0.946876
    outer loop
      vertex -18.7 -6.35489 49.3396
      vertex -14.7 -6.17529 49.4006
      vertex -14.7 -6.35489 49.3396
    endloop
  endfacet
  facet normal 0 0.3216 -0.946876
    outer loop
      vertex -14.7 -6.17529 49.4006
      vertex -18.7 -6.35489 49.3396
      vertex -18.7 -6.17529 49.4006
    endloop
  endfacet
  facet normal -0 0.659474 0.751727
    outer loop
      vertex -18.7 -6.6827 46.8496
      vertex -14.7 -6.8253 46.9747
      vertex -14.7 -6.6827 46.8496
    endloop
  endfacet
  facet normal 0 0.659474 0.751727
    outer loop
      vertex -14.7 -6.8253 46.9747
      vertex -18.7 -6.6827 46.8496
      vertex -18.7 -6.8253 46.9747
    endloop
  endfacet
  facet normal -0 0.0653782 0.997861
    outer loop
      vertex -18.7 -5.8 46.55
      vertex -14.7 -5.98926 46.5624
      vertex -14.7 -5.8 46.55
    endloop
  endfacet
  facet normal 0 0.0653782 0.997861
    outer loop
      vertex -14.7 -5.98926 46.5624
      vertex -18.7 -5.8 46.55
      vertex -18.7 -5.98926 46.5624
    endloop
  endfacet
  facet normal 0 -0.442335 0.89685
    outer loop
      vertex -18.7 -5.075 46.7443
      vertex -14.7 -5.24511 46.6604
      vertex -14.7 -5.075 46.7443
    endloop
  endfacet
  facet normal 0 -0.442335 0.89685
    outer loop
      vertex -14.7 -5.24511 46.6604
      vertex -18.7 -5.075 46.7443
      vertex -18.7 -5.24511 46.6604
    endloop
  endfacet
  facet normal 0 -0.0653782 -0.997861
    outer loop
      vertex -18.7 -5.8 49.45
      vertex -14.7 -5.61074 49.4376
      vertex -14.7 -5.8 49.45
    endloop
  endfacet
  facet normal -0 -0.0653782 -0.997861
    outer loop
      vertex -14.7 -5.61074 49.4376
      vertex -18.7 -5.8 49.45
      vertex -18.7 -5.61074 49.4376
    endloop
  endfacet
  facet normal 0 0.946924 -0.321458
    outer loop
      vertex -14.7 -7.20059 48.3753
      vertex -18.7 -7.13962 48.5549
      vertex -14.7 -7.13962 48.5549
    endloop
  endfacet
  facet normal 0 0.946924 -0.321458
    outer loop
      vertex -18.7 -7.13962 48.5549
      vertex -14.7 -7.20059 48.3753
      vertex -18.7 -7.20059 48.3753
    endloop
  endfacet
  facet normal 0 0.659474 -0.751727
    outer loop
      vertex -18.7 -6.8253 49.0253
      vertex -14.7 -6.6827 49.1504
      vertex -14.7 -6.8253 49.0253
    endloop
  endfacet
  facet normal 0 0.659474 -0.751727
    outer loop
      vertex -14.7 -6.6827 49.1504
      vertex -18.7 -6.8253 49.0253
      vertex -18.7 -6.6827 49.1504
    endloop
  endfacet
  facet normal -0 0.3216 0.946876
    outer loop
      vertex -18.7 -6.17529 46.5994
      vertex -14.7 -6.35489 46.6604
      vertex -14.7 -6.17529 46.5994
    endloop
  endfacet
  facet normal 0 0.3216 0.946876
    outer loop
      vertex -14.7 -6.35489 46.6604
      vertex -18.7 -6.17529 46.5994
      vertex -18.7 -6.35489 46.6604
    endloop
  endfacet
  facet normal 0 -0.997861 0.0653644
    outer loop
      vertex -18.7 -4.3624 47.8107
      vertex -14.7 -4.35 48
      vertex -18.7 -4.35 48
    endloop
  endfacet
  facet normal 0 -0.997861 0.0653644
    outer loop
      vertex -14.7 -4.35 48
      vertex -18.7 -4.3624 47.8107
      vertex -14.7 -4.3624 47.8107
    endloop
  endfacet
  facet normal 0 -0.195072 0.980789
    outer loop
      vertex -18.7 -5.42471 46.5994
      vertex -14.7 -5.61074 46.5624
      vertex -14.7 -5.42471 46.5994
    endloop
  endfacet
  facet normal 0 -0.195072 0.980789
    outer loop
      vertex -14.7 -5.61074 46.5624
      vertex -18.7 -5.42471 46.5994
      vertex -18.7 -5.61074 46.5624
    endloop
  endfacet
  facet normal 0 -0.83145 0.5556
    outer loop
      vertex -18.7 -4.64964 47.1173
      vertex -14.7 -4.54426 47.275
      vertex -18.7 -4.54426 47.275
    endloop
  endfacet
  facet normal 0 -0.83145 0.5556
    outer loop
      vertex -14.7 -4.54426 47.275
      vertex -18.7 -4.64964 47.1173
      vertex -14.7 -4.64964 47.1173
    endloop
  endfacet
  facet normal 0 0.946924 0.321458
    outer loop
      vertex -14.7 -7.13962 47.4451
      vertex -18.7 -7.20059 47.6247
      vertex -14.7 -7.20059 47.6247
    endloop
  endfacet
  facet normal 0 0.946924 0.321458
    outer loop
      vertex -18.7 -7.20059 47.6247
      vertex -14.7 -7.13962 47.4451
      vertex -18.7 -7.13962 47.4451
    endloop
  endfacet
  facet normal 0 -0.195072 -0.980789
    outer loop
      vertex -18.7 -5.61074 49.4376
      vertex -14.7 -5.42471 49.4006
      vertex -14.7 -5.61074 49.4376
    endloop
  endfacet
  facet normal -0 -0.195072 -0.980789
    outer loop
      vertex -14.7 -5.42471 49.4006
      vertex -18.7 -5.61074 49.4376
      vertex -18.7 -5.42471 49.4006
    endloop
  endfacet
  facet normal 0 -0.555309 0.831644
    outer loop
      vertex -18.7 -4.9173 46.8496
      vertex -14.7 -5.075 46.7443
      vertex -14.7 -4.9173 46.8496
    endloop
  endfacet
  facet normal 0 -0.555309 0.831644
    outer loop
      vertex -14.7 -5.075 46.7443
      vertex -18.7 -4.9173 46.8496
      vertex -18.7 -5.075 46.7443
    endloop
  endfacet
  facet normal 0 -0.659448 -0.75175
    outer loop
      vertex -18.7 -4.9173 49.1504
      vertex -14.7 -4.77469 49.0253
      vertex -14.7 -4.9173 49.1504
    endloop
  endfacet
  facet normal -0 -0.659448 -0.75175
    outer loop
      vertex -14.7 -4.77469 49.0253
      vertex -18.7 -4.9173 49.1504
      vertex -18.7 -4.77469 49.0253
    endloop
  endfacet
  facet normal 0 -0.751858 -0.659325
    outer loop
      vertex -18.7 -4.64964 48.8827
      vertex -14.7 -4.77469 49.0253
      vertex -18.7 -4.77469 49.0253
    endloop
  endfacet
  facet normal 0 -0.751858 -0.659325
    outer loop
      vertex -14.7 -4.77469 49.0253
      vertex -18.7 -4.64964 48.8827
      vertex -14.7 -4.64964 48.8827
    endloop
  endfacet
  facet normal 0 0.896881 0.442272
    outer loop
      vertex -14.7 -7.05574 47.275
      vertex -18.7 -7.13962 47.4451
      vertex -14.7 -7.13962 47.4451
    endloop
  endfacet
  facet normal 0 0.896881 0.442272
    outer loop
      vertex -18.7 -7.13962 47.4451
      vertex -14.7 -7.05574 47.275
      vertex -18.7 -7.05574 47.275
    endloop
  endfacet
  facet normal 0 0.0653782 -0.997861
    outer loop
      vertex -18.7 -5.98926 49.4376
      vertex -14.7 -5.8 49.45
      vertex -14.7 -5.98926 49.4376
    endloop
  endfacet
  facet normal 0 0.0653782 -0.997861
    outer loop
      vertex -14.7 -5.8 49.45
      vertex -18.7 -5.98926 49.4376
      vertex -18.7 -5.8 49.45
    endloop
  endfacet
  facet normal 0 0.83145 0.5556
    outer loop
      vertex -14.7 -6.95036 47.1173
      vertex -18.7 -7.05574 47.275
      vertex -14.7 -7.05574 47.275
    endloop
  endfacet
  facet normal 0 0.83145 0.5556
    outer loop
      vertex -18.7 -7.05574 47.275
      vertex -14.7 -6.95036 47.1173
      vertex -18.7 -6.95036 47.1173
    endloop
  endfacet
  facet normal 0 -0.83145 -0.5556
    outer loop
      vertex -18.7 -4.54426 48.725
      vertex -14.7 -4.64964 48.8827
      vertex -18.7 -4.64964 48.8827
    endloop
  endfacet
  facet normal 0 -0.83145 -0.5556
    outer loop
      vertex -14.7 -4.64964 48.8827
      vertex -18.7 -4.54426 48.725
      vertex -14.7 -4.54426 48.725
    endloop
  endfacet
  facet normal 0 0.980783 -0.195102
    outer loop
      vertex -14.7 -7.23759 48.1893
      vertex -18.7 -7.20059 48.3753
      vertex -14.7 -7.20059 48.3753
    endloop
  endfacet
  facet normal 0 0.980783 -0.195102
    outer loop
      vertex -18.7 -7.20059 48.3753
      vertex -14.7 -7.23759 48.1893
      vertex -18.7 -7.23759 48.1893
    endloop
  endfacet
  facet normal 0 0.751832 -0.659355
    outer loop
      vertex -14.7 -6.95036 48.8827
      vertex -18.7 -6.8253 49.0253
      vertex -14.7 -6.8253 49.0253
    endloop
  endfacet
  facet normal 0 0.751832 -0.659355
    outer loop
      vertex -18.7 -6.8253 49.0253
      vertex -14.7 -6.95036 48.8827
      vertex -18.7 -6.95036 48.8827
    endloop
  endfacet
  facet normal 0 -0.751858 0.659325
    outer loop
      vertex -18.7 -4.77469 46.9747
      vertex -14.7 -4.64964 47.1173
      vertex -18.7 -4.64964 47.1173
    endloop
  endfacet
  facet normal 0 -0.751858 0.659325
    outer loop
      vertex -14.7 -4.64964 47.1173
      vertex -18.7 -4.77469 46.9747
      vertex -14.7 -4.77469 46.9747
    endloop
  endfacet
  facet normal 0 -0.89686 0.442314
    outer loop
      vertex -18.7 -4.54426 47.275
      vertex -14.7 -4.46037 47.4451
      vertex -18.7 -4.46037 47.4451
    endloop
  endfacet
  facet normal 0 -0.89686 0.442314
    outer loop
      vertex -14.7 -4.46037 47.4451
      vertex -18.7 -4.54426 47.275
      vertex -14.7 -4.54426 47.275
    endloop
  endfacet
  facet normal 0 -0.94694 -0.321411
    outer loop
      vertex -18.7 -4.39941 48.3753
      vertex -14.7 -4.46037 48.5549
      vertex -18.7 -4.46037 48.5549
    endloop
  endfacet
  facet normal 0 -0.94694 -0.321411
    outer loop
      vertex -14.7 -4.46037 48.5549
      vertex -18.7 -4.39941 48.3753
      vertex -14.7 -4.39941 48.3753
    endloop
  endfacet
  facet normal 0 0.980783 0.195102
    outer loop
      vertex -14.7 -7.20059 47.6247
      vertex -18.7 -7.23759 47.8107
      vertex -14.7 -7.23759 47.8107
    endloop
  endfacet
  facet normal 0 0.980783 0.195102
    outer loop
      vertex -18.7 -7.23759 47.8107
      vertex -14.7 -7.20059 47.6247
      vertex -18.7 -7.20059 47.6247
    endloop
  endfacet
  facet normal 0 0.896881 -0.442272
    outer loop
      vertex -14.7 -7.13962 48.5549
      vertex -18.7 -7.05574 48.725
      vertex -14.7 -7.05574 48.725
    endloop
  endfacet
  facet normal 0 0.896881 -0.442272
    outer loop
      vertex -18.7 -7.05574 48.725
      vertex -14.7 -7.13962 48.5549
      vertex -18.7 -7.13962 48.5549
    endloop
  endfacet
  facet normal -0 0.555309 0.831644
    outer loop
      vertex -18.7 -6.525 46.7443
      vertex -14.7 -6.6827 46.8496
      vertex -14.7 -6.525 46.7443
    endloop
  endfacet
  facet normal 0 0.555309 0.831644
    outer loop
      vertex -14.7 -6.6827 46.8496
      vertex -18.7 -6.525 46.7443
      vertex -18.7 -6.6827 46.8496
    endloop
  endfacet
  facet normal -0 0.195072 0.980789
    outer loop
      vertex -18.7 -5.98926 46.5624
      vertex -14.7 -6.17529 46.5994
      vertex -14.7 -5.98926 46.5624
    endloop
  endfacet
  facet normal 0 0.195072 0.980789
    outer loop
      vertex -14.7 -6.17529 46.5994
      vertex -18.7 -5.98926 46.5624
      vertex -18.7 -6.17529 46.5994
    endloop
  endfacet
  facet normal 0 -0.89686 -0.442314
    outer loop
      vertex -18.7 -4.46037 48.5549
      vertex -14.7 -4.54426 48.725
      vertex -18.7 -4.54426 48.725
    endloop
  endfacet
  facet normal 0 -0.89686 -0.442314
    outer loop
      vertex -14.7 -4.54426 48.725
      vertex -18.7 -4.46037 48.5549
      vertex -14.7 -4.46037 48.5549
    endloop
  endfacet
  facet normal 0 -0.555309 -0.831644
    outer loop
      vertex -18.7 -5.075 49.2557
      vertex -14.7 -4.9173 49.1504
      vertex -14.7 -5.075 49.2557
    endloop
  endfacet
  facet normal -0 -0.555309 -0.831644
    outer loop
      vertex -14.7 -4.9173 49.1504
      vertex -18.7 -5.075 49.2557
      vertex -18.7 -4.9173 49.1504
    endloop
  endfacet
  facet normal 0 -0.3216 -0.946876
    outer loop
      vertex -18.7 -5.42471 49.4006
      vertex -14.7 -5.24511 49.3396
      vertex -14.7 -5.42471 49.4006
    endloop
  endfacet
  facet normal -0 -0.3216 -0.946876
    outer loop
      vertex -14.7 -5.24511 49.3396
      vertex -18.7 -5.42471 49.4006
      vertex -18.7 -5.24511 49.3396
    endloop
  endfacet
  facet normal 0 -0.442335 -0.89685
    outer loop
      vertex -18.7 -5.24511 49.3396
      vertex -14.7 -5.075 49.2557
      vertex -14.7 -5.24511 49.3396
    endloop
  endfacet
  facet normal -0 -0.442335 -0.89685
    outer loop
      vertex -14.7 -5.075 49.2557
      vertex -18.7 -5.24511 49.3396
      vertex -18.7 -5.075 49.2557
    endloop
  endfacet
  facet normal 0 0.555309 -0.831644
    outer loop
      vertex -18.7 -6.6827 49.1504
      vertex -14.7 -6.525 49.2557
      vertex -14.7 -6.6827 49.1504
    endloop
  endfacet
  facet normal 0 0.555309 -0.831644
    outer loop
      vertex -14.7 -6.525 49.2557
      vertex -18.7 -6.6827 49.1504
      vertex -18.7 -6.525 49.2557
    endloop
  endfacet
  facet normal 0 -0.997861 -0.0653644
    outer loop
      vertex -18.7 -4.35 48
      vertex -14.7 -4.3624 48.1893
      vertex -18.7 -4.3624 48.1893
    endloop
  endfacet
  facet normal 0 -0.997861 -0.0653644
    outer loop
      vertex -14.7 -4.3624 48.1893
      vertex -18.7 -4.35 48
      vertex -14.7 -4.35 48
    endloop
  endfacet
  facet normal 0 0.195072 -0.980789
    outer loop
      vertex -18.7 -6.17529 49.4006
      vertex -14.7 -5.98926 49.4376
      vertex -14.7 -6.17529 49.4006
    endloop
  endfacet
  facet normal 0 0.195072 -0.980789
    outer loop
      vertex -14.7 -5.98926 49.4376
      vertex -18.7 -6.17529 49.4006
      vertex -18.7 -5.98926 49.4376
    endloop
  endfacet
  facet normal 0 -0.659448 0.75175
    outer loop
      vertex -18.7 -4.77469 46.9747
      vertex -14.7 -4.9173 46.8496
      vertex -14.7 -4.77469 46.9747
    endloop
  endfacet
  facet normal 0 -0.659448 0.75175
    outer loop
      vertex -14.7 -4.9173 46.8496
      vertex -18.7 -4.77469 46.9747
      vertex -18.7 -4.9173 46.8496
    endloop
  endfacet
  facet normal 0 -0.3216 0.946876
    outer loop
      vertex -18.7 -5.24511 46.6604
      vertex -14.7 -5.42471 46.5994
      vertex -14.7 -5.24511 46.6604
    endloop
  endfacet
  facet normal 0 -0.3216 0.946876
    outer loop
      vertex -14.7 -5.42471 46.5994
      vertex -18.7 -5.24511 46.6604
      vertex -18.7 -5.42471 46.5994
    endloop
  endfacet
  facet normal 0 -0.980773 -0.195153
    outer loop
      vertex -18.7 -4.3624 48.1893
      vertex -14.7 -4.39941 48.3753
      vertex -18.7 -4.39941 48.3753
    endloop
  endfacet
  facet normal 0 -0.980773 -0.195153
    outer loop
      vertex -14.7 -4.39941 48.3753
      vertex -18.7 -4.3624 48.1893
      vertex -14.7 -4.3624 48.1893
    endloop
  endfacet
  facet normal 0 0.83145 -0.5556
    outer loop
      vertex -14.7 -7.05574 48.725
      vertex -18.7 -6.95036 48.8827
      vertex -14.7 -6.95036 48.8827
    endloop
  endfacet
  facet normal 0 0.83145 -0.5556
    outer loop
      vertex -18.7 -6.95036 48.8827
      vertex -14.7 -7.05574 48.725
      vertex -18.7 -7.05574 48.725
    endloop
  endfacet
  facet normal 0 0.997858 -0.0654169
    outer loop
      vertex -14.7 -7.25 48
      vertex -18.7 -7.23759 48.1893
      vertex -14.7 -7.23759 48.1893
    endloop
  endfacet
  facet normal 0 0.997858 -0.0654169
    outer loop
      vertex -18.7 -7.23759 48.1893
      vertex -14.7 -7.25 48
      vertex -18.7 -7.25 48
    endloop
  endfacet
  facet normal 0 0.442335 -0.89685
    outer loop
      vertex -18.7 -6.525 49.2557
      vertex -14.7 -6.35489 49.3396
      vertex -14.7 -6.525 49.2557
    endloop
  endfacet
  facet normal 0 0.442335 -0.89685
    outer loop
      vertex -14.7 -6.35489 49.3396
      vertex -18.7 -6.525 49.2557
      vertex -18.7 -6.35489 49.3396
    endloop
  endfacet
  facet normal 0 0.751832 0.659355
    outer loop
      vertex -14.7 -6.8253 46.9747
      vertex -18.7 -6.95036 47.1173
      vertex -14.7 -6.95036 47.1173
    endloop
  endfacet
  facet normal 0 0.751832 0.659355
    outer loop
      vertex -18.7 -6.95036 47.1173
      vertex -14.7 -6.8253 46.9747
      vertex -18.7 -6.8253 46.9747
    endloop
  endfacet
  facet normal 0 -0.980773 0.195153
    outer loop
      vertex -18.7 -4.39941 47.6247
      vertex -14.7 -4.3624 47.8107
      vertex -18.7 -4.3624 47.8107
    endloop
  endfacet
  facet normal 0 -0.980773 0.195153
    outer loop
      vertex -14.7 -4.3624 47.8107
      vertex -18.7 -4.39941 47.6247
      vertex -14.7 -4.39941 47.6247
    endloop
  endfacet
  facet normal 0 -0.442286 0.896874
    outer loop
      vertex 14.7 -8.28744 54.0052
      vertex 18.7 -8.99758 53.655
      vertex 18.7 -8.28744 54.0052
    endloop
  endfacet
  facet normal 0 -0.442286 0.896874
    outer loop
      vertex 18.7 -8.99758 53.655
      vertex 14.7 -8.28744 54.0052
      vertex 14.7 -8.99758 53.655
    endloop
  endfacet
  facet normal -0 0.659341 0.751844
    outer loop
      vertex 14.7 -1.2038 52.5962
      vertex 18.7 -1.84305 53.1568
      vertex 18.7 -1.2038 52.5962
    endloop
  endfacet
  facet normal 0 0.659341 0.751844
    outer loop
      vertex 18.7 -1.84305 53.1568
      vertex 14.7 -1.2038 52.5962
      vertex 14.7 -1.84305 53.1568
    endloop
  endfacet
  facet normal 0 0.555596 -0.831453
    outer loop
      vertex 14.7 -2.55 42.3708
      vertex 18.7 -1.84305 42.8432
      vertex 18.7 -2.55 42.3708
    endloop
  endfacet
  facet normal 0 0.555596 -0.831453
    outer loop
      vertex 18.7 -1.84305 42.8432
      vertex 14.7 -2.55 42.3708
      vertex 14.7 -1.84305 42.8432
    endloop
  endfacet
  facet normal 0 0.0653933 -0.99786
    outer loop
      vertex 14.7 -5.8 41.5
      vertex 18.7 -4.95158 41.5556
      vertex 18.7 -5.8 41.5
    endloop
  endfacet
  facet normal 0 0.0653933 -0.99786
    outer loop
      vertex 18.7 -4.95158 41.5556
      vertex 14.7 -5.8 41.5
      vertex 14.7 -4.95158 41.5556
    endloop
  endfacet
  facet normal 0 -0.0653933 -0.99786
    outer loop
      vertex 14.7 -6.64842 41.5556
      vertex 18.7 -5.8 41.5
      vertex 18.7 -6.64842 41.5556
    endloop
  endfacet
  facet normal -0 -0.0653933 -0.99786
    outer loop
      vertex 18.7 -5.8 41.5
      vertex 14.7 -6.64842 41.5556
      vertex 14.7 -5.8 41.5
    endloop
  endfacet
  facet normal 0 -0.555596 -0.831453
    outer loop
      vertex 14.7 -9.75695 42.8432
      vertex 18.7 -9.05 42.3708
      vertex 18.7 -9.75695 42.8432
    endloop
  endfacet
  facet normal -0 -0.555596 -0.831453
    outer loop
      vertex 18.7 -9.05 42.3708
      vertex 14.7 -9.75695 42.8432
      vertex 14.7 -9.05 42.3708
    endloop
  endfacet
  facet normal 0 -0.321438 -0.946931
    outer loop
      vertex 14.7 -8.28744 41.9948
      vertex 18.7 -7.48232 41.7215
      vertex 18.7 -8.28744 41.9948
    endloop
  endfacet
  facet normal -0 -0.321438 -0.946931
    outer loop
      vertex 18.7 -7.48232 41.7215
      vertex 14.7 -8.28744 41.9948
      vertex 14.7 -7.48232 41.7215
    endloop
  endfacet
  facet normal 0 -0.442239 -0.896897
    outer loop
      vertex 14.7 -9.05 42.3708
      vertex 18.7 -8.28744 41.9948
      vertex 18.7 -9.05 42.3708
    endloop
  endfacet
  facet normal -0 -0.442239 -0.896897
    outer loop
      vertex 18.7 -8.28744 41.9948
      vertex 14.7 -9.05 42.3708
      vertex 14.7 -8.28744 41.9948
    endloop
  endfacet
  facet normal 0 0.997859 0.0654054
    outer loop
      vertex 18.7 0.7 48
      vertex 14.7 0.644391 48.8484
      vertex 18.7 0.644391 48.8484
    endloop
  endfacet
  facet normal 0 0.997859 0.0654054
    outer loop
      vertex 14.7 0.644391 48.8484
      vertex 18.7 0.7 48
      vertex 14.7 0.7 48
    endloop
  endfacet
  facet normal 0 -0.659341 -0.751844
    outer loop
      vertex 14.7 -10.3962 43.4038
      vertex 18.7 -9.75695 42.8432
      vertex 18.7 -10.3962 43.4038
    endloop
  endfacet
  facet normal -0 -0.659341 -0.751844
    outer loop
      vertex 18.7 -9.75695 42.8432
      vertex 14.7 -10.3962 43.4038
      vertex 14.7 -9.75695 42.8432
    endloop
  endfacet
  facet normal 0 -0.751835 -0.659351
    outer loop
      vertex 14.7 -10.3962 43.4038
      vertex 18.7 -10.6828 43.7306
      vertex 14.7 -10.6828 43.7306
    endloop
  endfacet
  facet normal 0 -0.751835 -0.659351
    outer loop
      vertex 18.7 -10.6828 43.7306
      vertex 14.7 -10.3962 43.4038
      vertex 18.7 -10.3962 43.4038
    endloop
  endfacet
  facet normal 0 0.980785 -0.19509
    outer loop
      vertex 18.7 0.478518 46.3177
      vertex 14.7 0.644391 47.1516
      vertex 18.7 0.644391 47.1516
    endloop
  endfacet
  facet normal 0 0.980785 -0.19509
    outer loop
      vertex 14.7 0.644391 47.1516
      vertex 18.7 0.478518 46.3177
      vertex 14.7 0.478518 46.3177
    endloop
  endfacet
  facet normal -0 0.0653933 0.99786
    outer loop
      vertex 14.7 -4.95158 54.4444
      vertex 18.7 -5.8 54.5
      vertex 18.7 -4.95158 54.4444
    endloop
  endfacet
  facet normal 0 0.0653933 0.99786
    outer loop
      vertex 18.7 -5.8 54.5
      vertex 14.7 -4.95158 54.4444
      vertex 14.7 -5.8 54.5
    endloop
  endfacet
  facet normal 0 0.195121 -0.980779
    outer loop
      vertex 14.7 -4.95158 41.5556
      vertex 18.7 -4.11768 41.7215
      vertex 18.7 -4.95158 41.5556
    endloop
  endfacet
  facet normal 0 0.195121 -0.980779
    outer loop
      vertex 18.7 -4.11768 41.7215
      vertex 14.7 -4.95158 41.5556
      vertex 14.7 -4.11768 41.7215
    endloop
  endfacet
  facet normal 0 0.896883 0.442268
    outer loop
      vertex 18.7 0.205216 50.4874
      vertex 14.7 -0.170835 51.25
      vertex 18.7 -0.170835 51.25
    endloop
  endfacet
  facet normal 0 0.896883 0.442268
    outer loop
      vertex 14.7 -0.170835 51.25
      vertex 18.7 0.205216 50.4874
      vertex 14.7 0.205216 50.4874
    endloop
  endfacet
  facet normal 0 -0.195121 0.980779
    outer loop
      vertex 14.7 -6.64842 54.4444
      vertex 18.7 -7.48232 54.2785
      vertex 18.7 -6.64842 54.4444
    endloop
  endfacet
  facet normal 0 -0.195121 0.980779
    outer loop
      vertex 18.7 -7.48232 54.2785
      vertex 14.7 -6.64842 54.4444
      vertex 14.7 -7.48232 54.2785
    endloop
  endfacet
  facet normal 0 -0.0653933 0.99786
    outer loop
      vertex 14.7 -5.8 54.5
      vertex 18.7 -6.64842 54.4444
      vertex 18.7 -5.8 54.5
    endloop
  endfacet
  facet normal 0 -0.0653933 0.99786
    outer loop
      vertex 18.7 -6.64842 54.4444
      vertex 14.7 -5.8 54.5
      vertex 14.7 -6.64842 54.4444
    endloop
  endfacet
  facet normal 0 0.442239 -0.896897
    outer loop
      vertex 14.7 -3.31256 41.9948
      vertex 18.7 -2.55 42.3708
      vertex 18.7 -3.31256 41.9948
    endloop
  endfacet
  facet normal 0 0.442239 -0.896897
    outer loop
      vertex 18.7 -2.55 42.3708
      vertex 14.7 -3.31256 41.9948
      vertex 14.7 -2.55 42.3708
    endloop
  endfacet
  facet normal -0 0.321438 0.946931
    outer loop
      vertex 14.7 -3.31256 54.0052
      vertex 18.7 -4.11768 54.2785
      vertex 18.7 -3.31256 54.0052
    endloop
  endfacet
  facet normal 0 0.321438 0.946931
    outer loop
      vertex 18.7 -4.11768 54.2785
      vertex 14.7 -3.31256 54.0052
      vertex 14.7 -4.11768 54.2785
    endloop
  endfacet
  facet normal 0 0.946927 -0.321447
    outer loop
      vertex 18.7 0.205216 45.5126
      vertex 14.7 0.478518 46.3177
      vertex 18.7 0.478518 46.3177
    endloop
  endfacet
  facet normal 0 0.946927 -0.321447
    outer loop
      vertex 14.7 0.478518 46.3177
      vertex 18.7 0.205216 45.5126
      vertex 14.7 0.205216 45.5126
    endloop
  endfacet
  facet normal 0 0.896883 -0.442268
    outer loop
      vertex 18.7 -0.170835 44.75
      vertex 14.7 0.205216 45.5126
      vertex 18.7 0.205216 45.5126
    endloop
  endfacet
  facet normal 0 0.896883 -0.442268
    outer loop
      vertex 14.7 0.205216 45.5126
      vertex 18.7 -0.170835 44.75
      vertex 14.7 -0.170835 44.75
    endloop
  endfacet
  facet normal 0 0.75182 -0.659368
    outer loop
      vertex 18.7 -1.2038 43.4038
      vertex 14.7 -0.643203 44.043
      vertex 18.7 -0.643203 44.043
    endloop
  endfacet
  facet normal 0 0.75182 -0.659368
    outer loop
      vertex 14.7 -0.643203 44.043
      vertex 18.7 -1.2038 43.4038
      vertex 14.7 -1.2038 43.4038
    endloop
  endfacet
  facet normal 0 0.831488 -0.555542
    outer loop
      vertex 18.7 -0.643203 44.043
      vertex 14.7 -0.170835 44.75
      vertex 18.7 -0.170835 44.75
    endloop
  endfacet
  facet normal 0 0.831488 -0.555542
    outer loop
      vertex 14.7 -0.170835 44.75
      vertex 18.7 -0.643203 44.043
      vertex 14.7 -0.643203 44.043
    endloop
  endfacet
  facet normal 0 -0.195121 -0.980779
    outer loop
      vertex 14.7 -7.48232 41.7215
      vertex 18.7 -6.64842 41.5556
      vertex 18.7 -7.48232 41.7215
    endloop
  endfacet
  facet normal -0 -0.195121 -0.980779
    outer loop
      vertex 18.7 -6.64842 41.5556
      vertex 14.7 -7.48232 41.7215
      vertex 14.7 -6.64842 41.5556
    endloop
  endfacet
  facet normal 0 0.946927 0.321447
    outer loop
      vertex 18.7 0.478518 49.6823
      vertex 14.7 0.205216 50.4874
      vertex 18.7 0.205216 50.4874
    endloop
  endfacet
  facet normal 0 0.946927 0.321447
    outer loop
      vertex 14.7 0.205216 50.4874
      vertex 18.7 0.478518 49.6823
      vertex 14.7 0.478518 49.6823
    endloop
  endfacet
  facet normal 0 0.751871 0.65931
    outer loop
      vertex 18.7 -0.643203 51.9569
      vertex 14.7 -1.2038 52.5962
      vertex 18.7 -1.2038 52.5962
    endloop
  endfacet
  facet normal 0 0.751871 0.65931
    outer loop
      vertex 14.7 -1.2038 52.5962
      vertex 18.7 -0.643203 51.9569
      vertex 14.7 -0.643203 51.9569
    endloop
  endfacet
  facet normal 1 0 0
    outer loop
      vertex 18.7 -4.35 48
      vertex 18.7 0.7 48
      vertex 18.7 0.644391 48.8484
    endloop
  endfacet
  facet normal 1 0 0
    outer loop
      vertex 18.7 -4.3624 48.1893
      vertex 18.7 0.644391 48.8484
      vertex 18.7 0.478518 49.6823
    endloop
  endfacet
  facet normal 1 0 0
    outer loop
      vertex 18.7 0.7 48
      vertex 18.7 -4.35 48
      vertex 18.7 0.644391 47.1516
    endloop
  endfacet
  facet normal 1 0 0
    outer loop
      vertex 18.7 -4.39941 48.3753
      vertex 18.7 0.478518 49.6823
      vertex 18.7 0.205216 50.4874
    endloop
  endfacet
  facet normal 1 -0 0
    outer loop
      vertex 18.7 -4.3624 47.8107
      vertex 18.7 0.644391 47.1516
      vertex 18.7 -4.35 48
    endloop
  endfacet
  facet normal 1 0 0
    outer loop
      vertex 18.7 -4.46037 48.5549
      vertex 18.7 0.205216 50.4874
      vertex 18.7 -0.170835 51.25
    endloop
  endfacet
  facet normal 1 0 0
    outer loop
      vertex 18.7 0.644391 47.1516
      vertex 18.7 -4.3624 47.8107
      vertex 18.7 0.478518 46.3177
    endloop
  endfacet
  facet normal 1 0 0
    outer loop
      vertex 18.7 -4.54426 48.725
      vertex 18.7 -0.170835 51.25
      vertex 18.7 -0.643203 51.9569
    endloop
  endfacet
  facet normal 1 -0 0
    outer loop
      vertex 18.7 -4.39941 47.6247
      vertex 18.7 0.478518 46.3177
      vertex 18.7 -4.3624 47.8107
    endloop
  endfacet
  facet normal 1 0 0
    outer loop
      vertex 18.7 -4.64964 48.8827
      vertex 18.7 -0.643203 51.9569
      vertex 18.7 -1.2038 52.5962
    endloop
  endfacet
  facet normal 1 0 0
    outer loop
      vertex 18.7 0.478518 46.3177
      vertex 18.7 -4.39941 47.6247
      vertex 18.7 0.205216 45.5126
    endloop
  endfacet
  facet normal 1 0 0
    outer loop
      vertex 18.7 -4.77469 49.0253
      vertex 18.7 -1.2038 52.5962
      vertex 18.7 -1.84305 53.1568
    endloop
  endfacet
  facet normal 1 -0 0
    outer loop
      vertex 18.7 -4.46037 47.4451
      vertex 18.7 0.205216 45.5126
      vertex 18.7 -4.39941 47.6247
    endloop
  endfacet
  facet normal 1 0 0
    outer loop
      vertex 18.7 -4.9173 49.1504
      vertex 18.7 -1.84305 53.1568
      vertex 18.7 -2.55 53.6292
    endloop
  endfacet
  facet normal 1 0 0
    outer loop
      vertex 18.7 0.205216 45.5126
      vertex 18.7 -4.46037 47.4451
      vertex 18.7 -0.170835 44.75
    endloop
  endfacet
  facet normal 1 0 0
    outer loop
      vertex 18.7 -5.075 49.2557
      vertex 18.7 -2.55 53.6292
      vertex 18.7 -3.31256 54.0052
    endloop
  endfacet
  facet normal 1 -0 0
    outer loop
      vertex 18.7 -4.54426 47.275
      vertex 18.7 -0.170835 44.75
      vertex 18.7 -4.46037 47.4451
    endloop
  endfacet
  facet normal 1 0 0
    outer loop
      vertex 18.7 -5.24511 49.3396
      vertex 18.7 -3.31256 54.0052
      vertex 18.7 -4.11768 54.2785
    endloop
  endfacet
  facet normal 1 0 0
    outer loop
      vertex 18.7 -0.170835 44.75
      vertex 18.7 -4.54426 47.275
      vertex 18.7 -0.643203 44.043
    endloop
  endfacet
  facet normal 1 -0 0
    outer loop
      vertex 18.7 -4.64964 47.1173
      vertex 18.7 -0.643203 44.043
      vertex 18.7 -4.54426 47.275
    endloop
  endfacet
  facet normal 1 0 0
    outer loop
      vertex 18.7 0.644391 48.8484
      vertex 18.7 -4.3624 48.1893
      vertex 18.7 -4.35 48
    endloop
  endfacet
  facet normal 1 0 0
    outer loop
      vertex 18.7 0.478518 49.6823
      vertex 18.7 -4.39941 48.3753
      vertex 18.7 -4.3624 48.1893
    endloop
  endfacet
  facet normal 1 0 0
    outer loop
      vertex 18.7 0.205216 50.4874
      vertex 18.7 -4.46037 48.5549
      vertex 18.7 -4.39941 48.3753
    endloop
  endfacet
  facet normal 1 0 0
    outer loop
      vertex 18.7 -0.170835 51.25
      vertex 18.7 -4.54426 48.725
      vertex 18.7 -4.46037 48.5549
    endloop
  endfacet
  facet normal 1 0 0
    outer loop
      vertex 18.7 -0.643203 51.9569
      vertex 18.7 -4.64964 48.8827
      vertex 18.7 -4.54426 48.725
    endloop
  endfacet
  facet normal 1 0 0
    outer loop
      vertex 18.7 -1.2038 52.5962
      vertex 18.7 -4.77469 49.0253
      vertex 18.7 -4.64964 48.8827
    endloop
  endfacet
  facet normal 1 0 0
    outer loop
      vertex 18.7 -1.84305 53.1568
      vertex 18.7 -4.9173 49.1504
      vertex 18.7 -4.77469 49.0253
    endloop
  endfacet
  facet normal 1 0 0
    outer loop
      vertex 18.7 -5.42471 49.4006
      vertex 18.7 -4.11768 54.2785
      vertex 18.7 -4.95158 54.4444
    endloop
  endfacet
  facet normal 1 0 0
    outer loop
      vertex 18.7 -2.55 53.6292
      vertex 18.7 -5.075 49.2557
      vertex 18.7 -4.9173 49.1504
    endloop
  endfacet
  facet normal 1 0 0
    outer loop
      vertex 18.7 -3.31256 54.0052
      vertex 18.7 -5.24511 49.3396
      vertex 18.7 -5.075 49.2557
    endloop
  endfacet
  facet normal 1 0 0
    outer loop
      vertex 18.7 -4.11768 54.2785
      vertex 18.7 -5.42471 49.4006
      vertex 18.7 -5.24511 49.3396
    endloop
  endfacet
  facet normal 1 0 0
    outer loop
      vertex 18.7 -4.95158 54.4444
      vertex 18.7 -5.61074 49.4376
      vertex 18.7 -5.42471 49.4006
    endloop
  endfacet
  facet normal 1 0 0
    outer loop
      vertex 18.7 -5.8 54.5
      vertex 18.7 -5.61074 49.4376
      vertex 18.7 -4.95158 54.4444
    endloop
  endfacet
  facet normal 1 0 0
    outer loop
      vertex 18.7 -5.8 54.5
      vertex 18.7 -5.8 49.45
      vertex 18.7 -5.61074 49.4376
    endloop
  endfacet
  facet normal 1 0 0
    outer loop
      vertex 18.7 -5.8 54.5
      vertex 18.7 -5.98926 49.4376
      vertex 18.7 -5.8 49.45
    endloop
  endfacet
  facet normal 1 -0 0
    outer loop
      vertex 18.7 -6.64842 54.4444
      vertex 18.7 -5.98926 49.4376
      vertex 18.7 -5.8 54.5
    endloop
  endfacet
  facet normal 1 0 0
    outer loop
      vertex 18.7 -5.98926 49.4376
      vertex 18.7 -6.64842 54.4444
      vertex 18.7 -6.17529 49.4006
    endloop
  endfacet
  facet normal 1 -0 0
    outer loop
      vertex 18.7 -7.48232 54.2785
      vertex 18.7 -6.17529 49.4006
      vertex 18.7 -6.64842 54.4444
    endloop
  endfacet
  facet normal 1 0 0
    outer loop
      vertex 18.7 -6.17529 49.4006
      vertex 18.7 -7.48232 54.2785
      vertex 18.7 -6.35489 49.3396
    endloop
  endfacet
  facet normal 1 -0 0
    outer loop
      vertex 18.7 -8.28744 54.0052
      vertex 18.7 -6.35489 49.3396
      vertex 18.7 -7.48232 54.2785
    endloop
  endfacet
  facet normal 1 -0 0
    outer loop
      vertex 18.7 -8.99758 53.655
      vertex 18.7 -6.35489 49.3396
      vertex 18.7 -8.28744 54.0052
    endloop
  endfacet
  facet normal 1 0 0
    outer loop
      vertex 18.7 -6.35489 49.3396
      vertex 18.7 -8.99758 53.655
      vertex 18.7 -6.525 49.2557
    endloop
  endfacet
  facet normal 1 0 0
    outer loop
      vertex 18.7 -6.525 49.2557
      vertex 18.7 -8.99758 53.655
      vertex 18.7 -6.6827 49.1504
    endloop
  endfacet
  facet normal 1 0 0
    outer loop
      vertex 18.7 -6.6827 49.1504
      vertex 18.7 -8.99758 53.655
      vertex 18.7 -6.8253 49.0253
    endloop
  endfacet
  facet normal 1 0 0
    outer loop
      vertex 18.7 -6.8253 49.0253
      vertex 18.7 -8.99758 53.655
      vertex 18.7 -6.95036 48.8827
    endloop
  endfacet
  facet normal 1 0 0
    outer loop
      vertex 18.7 -6.95036 48.8827
      vertex 18.7 -8.99758 53.655
      vertex 18.7 -7.05574 48.725
    endloop
  endfacet
  facet normal 1 0 0
    outer loop
      vertex 18.7 -7.13962 48.5549
      vertex 18.7 -8.99758 53.655
      vertex 18.7 -7.20059 48.3753
    endloop
  endfacet
  facet normal 1 0 0
    outer loop
      vertex 18.7 -7.05574 48.725
      vertex 18.7 -8.99758 53.655
      vertex 18.7 -7.13962 48.5549
    endloop
  endfacet
  facet normal 1 0 0
    outer loop
      vertex 18.7 -0.643203 44.043
      vertex 18.7 -4.64964 47.1173
      vertex 18.7 -1.2038 43.4038
    endloop
  endfacet
  facet normal 1 -0 0
    outer loop
      vertex 18.7 -4.77469 46.9747
      vertex 18.7 -1.2038 43.4038
      vertex 18.7 -4.64964 47.1173
    endloop
  endfacet
  facet normal 1 0 0
    outer loop
      vertex 18.7 -1.2038 43.4038
      vertex 18.7 -4.77469 46.9747
      vertex 18.7 -1.84305 42.8432
    endloop
  endfacet
  facet normal 1 -0 0
    outer loop
      vertex 18.7 -4.9173 46.8496
      vertex 18.7 -1.84305 42.8432
      vertex 18.7 -4.77469 46.9747
    endloop
  endfacet
  facet normal 1 0 0
    outer loop
      vertex 18.7 -1.84305 42.8432
      vertex 18.7 -4.9173 46.8496
      vertex 18.7 -2.55 42.3708
    endloop
  endfacet
  facet normal 1 -0 0
    outer loop
      vertex 18.7 -5.075 46.7443
      vertex 18.7 -2.55 42.3708
      vertex 18.7 -4.9173 46.8496
    endloop
  endfacet
  facet normal 1 0 0
    outer loop
      vertex 18.7 -2.55 42.3708
      vertex 18.7 -5.075 46.7443
      vertex 18.7 -3.31256 41.9948
    endloop
  endfacet
  facet normal 1 -0 0
    outer loop
      vertex 18.7 -5.24511 46.6604
      vertex 18.7 -3.31256 41.9948
      vertex 18.7 -5.075 46.7443
    endloop
  endfacet
  facet normal 1 0 0
    outer loop
      vertex 18.7 -3.31256 41.9948
      vertex 18.7 -5.24511 46.6604
      vertex 18.7 -4.11768 41.7215
    endloop
  endfacet
  facet normal 1 -0 0
    outer loop
      vertex 18.7 -5.42471 46.5994
      vertex 18.7 -4.11768 41.7215
      vertex 18.7 -5.24511 46.6604
    endloop
  endfacet
  facet normal 1 0 0
    outer loop
      vertex 18.7 -4.11768 41.7215
      vertex 18.7 -5.42471 46.5994
      vertex 18.7 -4.95158 41.5556
    endloop
  endfacet
  facet normal 1 -0 0
    outer loop
      vertex 18.7 -5.61074 46.5624
      vertex 18.7 -4.95158 41.5556
      vertex 18.7 -5.42471 46.5994
    endloop
  endfacet
  facet normal 1 -0 0
    outer loop
      vertex 18.7 -5.8 46.55
      vertex 18.7 -4.95158 41.5556
      vertex 18.7 -5.61074 46.5624
    endloop
  endfacet
  facet normal 1 0 0
    outer loop
      vertex 18.7 -5.8 46.55
      vertex 18.7 -5.8 41.5
      vertex 18.7 -4.95158 41.5556
    endloop
  endfacet
  facet normal 1 0 0
    outer loop
      vertex 18.7 -5.98926 46.5624
      vertex 18.7 -5.8 41.5
      vertex 18.7 -5.8 46.55
    endloop
  endfacet
  facet normal 1 0 0
    outer loop
      vertex 18.7 -6.64842 41.5556
      vertex 18.7 -5.98926 46.5624
      vertex 18.7 -6.17529 46.5994
    endloop
  endfacet
  facet normal 1 0 0
    outer loop
      vertex 18.7 -7.48232 41.7215
      vertex 18.7 -6.17529 46.5994
      vertex 18.7 -6.35489 46.6604
    endloop
  endfacet
  facet normal 1 0 0
    outer loop
      vertex 18.7 -8.28744 41.9948
      vertex 18.7 -6.35489 46.6604
      vertex 18.7 -6.525 46.7443
    endloop
  endfacet
  facet normal 1 0 0
    outer loop
      vertex 18.7 -5.98926 46.5624
      vertex 18.7 -6.64842 41.5556
      vertex 18.7 -5.8 41.5
    endloop
  endfacet
  facet normal 1 0 0
    outer loop
      vertex 18.7 -9.05 42.3708
      vertex 18.7 -6.525 46.7443
      vertex 18.7 -6.6827 46.8496
    endloop
  endfacet
  facet normal 1 0 0
    outer loop
      vertex 18.7 -9.75695 42.8432
      vertex 18.7 -6.6827 46.8496
      vertex 18.7 -6.8253 46.9747
    endloop
  endfacet
  facet normal 1 0 0
    outer loop
      vertex 18.7 -10.6828 43.7306
      vertex 18.7 -6.8253 46.9747
      vertex 18.7 -6.95036 47.1173
    endloop
  endfacet
  facet normal 1 0 0
    outer loop
      vertex 18.7 -10.6828 43.7306
      vertex 18.7 -6.95036 47.1173
      vertex 18.7 -7.05574 47.275
    endloop
  endfacet
  facet normal 1 0 0
    outer loop
      vertex 18.7 -10.6828 43.7306
      vertex 18.7 -7.05574 47.275
      vertex 18.7 -7.13962 47.4451
    endloop
  endfacet
  facet normal 1 0 0
    outer loop
      vertex 18.7 -10.6828 43.7306
      vertex 18.7 -7.13962 47.4451
      vertex 18.7 -7.20059 47.6247
    endloop
  endfacet
  facet normal 1 0 0
    outer loop
      vertex 18.7 -10.6828 43.7306
      vertex 18.7 -7.20059 47.6247
      vertex 18.7 -7.23759 47.8107
    endloop
  endfacet
  facet normal 1 0 0
    outer loop
      vertex 18.7 -6.17529 46.5994
      vertex 18.7 -7.48232 41.7215
      vertex 18.7 -6.64842 41.5556
    endloop
  endfacet
  facet normal 1 0 0
    outer loop
      vertex 18.7 -10.6828 43.7306
      vertex 18.7 -7.23759 47.8107
      vertex 18.7 -7.25 48
    endloop
  endfacet
  facet normal 1 0 0
    outer loop
      vertex 18.7 -7.20059 48.3753
      vertex 18.7 -8.99758 53.655
      vertex 18.7 -7.23759 48.1893
    endloop
  endfacet
  facet normal 1 0 0
    outer loop
      vertex 18.7 -10.6828 43.7306
      vertex 18.7 -7.23759 48.1893
      vertex 18.7 -8.99758 53.655
    endloop
  endfacet
  facet normal 1 0 0
    outer loop
      vertex 18.7 -6.35489 46.6604
      vertex 18.7 -8.28744 41.9948
      vertex 18.7 -7.48232 41.7215
    endloop
  endfacet
  facet normal 1 0 0
    outer loop
      vertex 18.7 -7.23759 48.1893
      vertex 18.7 -10.6828 43.7306
      vertex 18.7 -7.25 48
    endloop
  endfacet
  facet normal 1 0 0
    outer loop
      vertex 18.7 -6.525 46.7443
      vertex 18.7 -9.05 42.3708
      vertex 18.7 -8.28744 41.9948
    endloop
  endfacet
  facet normal 1 0 0
    outer loop
      vertex 18.7 -6.8253 46.9747
      vertex 18.7 -10.6828 43.7306
      vertex 18.7 -10.3962 43.4038
    endloop
  endfacet
  facet normal 1 0 0
    outer loop
      vertex 18.7 -6.6827 46.8496
      vertex 18.7 -9.75695 42.8432
      vertex 18.7 -9.05 42.3708
    endloop
  endfacet
  facet normal 1 0 0
    outer loop
      vertex 18.7 -6.8253 46.9747
      vertex 18.7 -10.3962 43.4038
      vertex 18.7 -9.75695 42.8432
    endloop
  endfacet
  facet normal 1 0 0
    outer loop
      vertex 18.7 -17.3 55.5
      vertex 18.7 -10.6828 43.7306
      vertex 18.7 -8.99758 53.655
    endloop
  endfacet
  facet normal 1 0 0
    outer loop
      vertex 18.7 -19.6 44.444
      vertex 18.7 -17.3 55.5
      vertex 18.7 -19.6 55.5
    endloop
  endfacet
  facet normal 1 0 0
    outer loop
      vertex 18.7 -17.3 55.5
      vertex 18.7 -19.6 44.444
      vertex 18.7 -10.6828 43.7306
    endloop
  endfacet
  facet normal 0 0.831452 0.555597
    outer loop
      vertex 18.7 -0.170835 51.25
      vertex 14.7 -0.643203 51.9569
      vertex 18.7 -0.643203 51.9569
    endloop
  endfacet
  facet normal 0 0.831452 0.555597
    outer loop
      vertex 14.7 -0.643203 51.9569
      vertex 18.7 -0.170835 51.25
      vertex 14.7 -0.170835 51.25
    endloop
  endfacet
  facet normal 0 -0.321438 0.946931
    outer loop
      vertex 14.7 -7.48232 54.2785
      vertex 18.7 -8.28744 54.0052
      vertex 18.7 -7.48232 54.2785
    endloop
  endfacet
  facet normal 0 -0.321438 0.946931
    outer loop
      vertex 18.7 -8.28744 54.0052
      vertex 14.7 -7.48232 54.2785
      vertex 14.7 -8.28744 54.0052
    endloop
  endfacet
  facet normal 0 0.980785 0.19509
    outer loop
      vertex 18.7 0.644391 48.8484
      vertex 14.7 0.478518 49.6823
      vertex 18.7 0.478518 49.6823
    endloop
  endfacet
  facet normal 0 0.980785 0.19509
    outer loop
      vertex 14.7 0.478518 49.6823
      vertex 18.7 0.644391 48.8484
      vertex 14.7 0.644391 48.8484
    endloop
  endfacet
  facet normal 0 0.997859 -0.0654054
    outer loop
      vertex 18.7 0.644391 47.1516
      vertex 14.7 0.7 48
      vertex 18.7 0.7 48
    endloop
  endfacet
  facet normal 0 0.997859 -0.0654054
    outer loop
      vertex 14.7 0.7 48
      vertex 18.7 0.644391 47.1516
      vertex 14.7 0.644391 47.1516
    endloop
  endfacet
  facet normal 0 0.659341 -0.751844
    outer loop
      vertex 14.7 -1.84305 42.8432
      vertex 18.7 -1.2038 43.4038
      vertex 18.7 -1.84305 42.8432
    endloop
  endfacet
  facet normal 0 0.659341 -0.751844
    outer loop
      vertex 18.7 -1.2038 43.4038
      vertex 14.7 -1.84305 42.8432
      vertex 14.7 -1.2038 43.4038
    endloop
  endfacet
  facet normal -0 0.555596 0.831453
    outer loop
      vertex 14.7 -1.84305 53.1568
      vertex 18.7 -2.55 53.6292
      vertex 18.7 -1.84305 53.1568
    endloop
  endfacet
  facet normal 0 0.555596 0.831453
    outer loop
      vertex 18.7 -2.55 53.6292
      vertex 14.7 -1.84305 53.1568
      vertex 14.7 -2.55 53.6292
    endloop
  endfacet
  facet normal 0 0.321438 -0.946931
    outer loop
      vertex 14.7 -4.11768 41.7215
      vertex 18.7 -3.31256 41.9948
      vertex 18.7 -4.11768 41.7215
    endloop
  endfacet
  facet normal 0 0.321438 -0.946931
    outer loop
      vertex 18.7 -3.31256 41.9948
      vertex 14.7 -4.11768 41.7215
      vertex 14.7 -3.31256 41.9948
    endloop
  endfacet
  facet normal -0 0.442239 0.896897
    outer loop
      vertex 14.7 -2.55 53.6292
      vertex 18.7 -3.31256 54.0052
      vertex 18.7 -2.55 53.6292
    endloop
  endfacet
  facet normal 0 0.442239 0.896897
    outer loop
      vertex 18.7 -3.31256 54.0052
      vertex 14.7 -2.55 53.6292
      vertex 14.7 -3.31256 54.0052
    endloop
  endfacet
  facet normal -0 0.195121 0.980779
    outer loop
      vertex 14.7 -4.11768 54.2785
      vertex 18.7 -4.95158 54.4444
      vertex 18.7 -4.11768 54.2785
    endloop
  endfacet
  facet normal 0 0.195121 0.980779
    outer loop
      vertex 18.7 -4.95158 54.4444
      vertex 14.7 -4.11768 54.2785
      vertex 14.7 -4.95158 54.4444
    endloop
  endfacet
  facet normal -1 0 0
    outer loop
      vertex 14.7 -4.35 48
      vertex 14.7 0.7 48
      vertex 14.7 0.644391 47.1516
    endloop
  endfacet
  facet normal -1 0 0
    outer loop
      vertex 14.7 -4.3624 47.8107
      vertex 14.7 0.644391 47.1516
      vertex 14.7 0.478518 46.3177
    endloop
  endfacet
  facet normal -1 0 0
    outer loop
      vertex 14.7 0.7 48
      vertex 14.7 -4.35 48
      vertex 14.7 0.644391 48.8484
    endloop
  endfacet
  facet normal -1 0 0
    outer loop
      vertex 14.7 -4.39941 47.6247
      vertex 14.7 0.478518 46.3177
      vertex 14.7 0.205216 45.5126
    endloop
  endfacet
  facet normal -1 0 0
    outer loop
      vertex 14.7 -4.3624 48.1893
      vertex 14.7 0.644391 48.8484
      vertex 14.7 -4.35 48
    endloop
  endfacet
  facet normal -1 0 0
    outer loop
      vertex 14.7 -4.46037 47.4451
      vertex 14.7 0.205216 45.5126
      vertex 14.7 -0.170835 44.75
    endloop
  endfacet
  facet normal -1 -0 0
    outer loop
      vertex 14.7 0.644391 48.8484
      vertex 14.7 -4.3624 48.1893
      vertex 14.7 0.478518 49.6823
    endloop
  endfacet
  facet normal -1 0 0
    outer loop
      vertex 14.7 -4.54426 47.275
      vertex 14.7 -0.170835 44.75
      vertex 14.7 -0.643203 44.043
    endloop
  endfacet
  facet normal -1 0 0
    outer loop
      vertex 14.7 -4.39941 48.3753
      vertex 14.7 0.478518 49.6823
      vertex 14.7 -4.3624 48.1893
    endloop
  endfacet
  facet normal -1 0 0
    outer loop
      vertex 14.7 -4.64964 47.1173
      vertex 14.7 -0.643203 44.043
      vertex 14.7 -1.2038 43.4038
    endloop
  endfacet
  facet normal -1 -0 0
    outer loop
      vertex 14.7 0.478518 49.6823
      vertex 14.7 -4.39941 48.3753
      vertex 14.7 0.205216 50.4874
    endloop
  endfacet
  facet normal -1 0 0
    outer loop
      vertex 14.7 -4.77469 46.9747
      vertex 14.7 -1.2038 43.4038
      vertex 14.7 -1.84305 42.8432
    endloop
  endfacet
  facet normal -1 0 0
    outer loop
      vertex 14.7 -4.46037 48.5549
      vertex 14.7 0.205216 50.4874
      vertex 14.7 -4.39941 48.3753
    endloop
  endfacet
  facet normal -1 0 0
    outer loop
      vertex 14.7 -4.9173 46.8496
      vertex 14.7 -1.84305 42.8432
      vertex 14.7 -2.55 42.3708
    endloop
  endfacet
  facet normal -1 -0 0
    outer loop
      vertex 14.7 0.205216 50.4874
      vertex 14.7 -4.46037 48.5549
      vertex 14.7 -0.170835 51.25
    endloop
  endfacet
  facet normal -1 0 0
    outer loop
      vertex 14.7 -5.075 46.7443
      vertex 14.7 -2.55 42.3708
      vertex 14.7 -3.31256 41.9948
    endloop
  endfacet
  facet normal -1 0 0
    outer loop
      vertex 14.7 -4.54426 48.725
      vertex 14.7 -0.170835 51.25
      vertex 14.7 -4.46037 48.5549
    endloop
  endfacet
  facet normal -1 0 0
    outer loop
      vertex 14.7 -5.24511 46.6604
      vertex 14.7 -3.31256 41.9948
      vertex 14.7 -4.11768 41.7215
    endloop
  endfacet
  facet normal -1 -0 0
    outer loop
      vertex 14.7 -0.170835 51.25
      vertex 14.7 -4.54426 48.725
      vertex 14.7 -0.643203 51.9569
    endloop
  endfacet
  facet normal -1 0 0
    outer loop
      vertex 14.7 -4.64964 48.8827
      vertex 14.7 -0.643203 51.9569
      vertex 14.7 -4.54426 48.725
    endloop
  endfacet
  facet normal -1 0 0
    outer loop
      vertex 14.7 0.644391 47.1516
      vertex 14.7 -4.3624 47.8107
      vertex 14.7 -4.35 48
    endloop
  endfacet
  facet normal -1 0 0
    outer loop
      vertex 14.7 0.478518 46.3177
      vertex 14.7 -4.39941 47.6247
      vertex 14.7 -4.3624 47.8107
    endloop
  endfacet
  facet normal -1 0 0
    outer loop
      vertex 14.7 0.205216 45.5126
      vertex 14.7 -4.46037 47.4451
      vertex 14.7 -4.39941 47.6247
    endloop
  endfacet
  facet normal -1 0 0
    outer loop
      vertex 14.7 -0.170835 44.75
      vertex 14.7 -4.54426 47.275
      vertex 14.7 -4.46037 47.4451
    endloop
  endfacet
  facet normal -1 0 0
    outer loop
      vertex 14.7 -0.643203 44.043
      vertex 14.7 -4.64964 47.1173
      vertex 14.7 -4.54426 47.275
    endloop
  endfacet
  facet normal -1 0 0
    outer loop
      vertex 14.7 -1.2038 43.4038
      vertex 14.7 -4.77469 46.9747
      vertex 14.7 -4.64964 47.1173
    endloop
  endfacet
  facet normal -1 0 0
    outer loop
      vertex 14.7 -1.84305 42.8432
      vertex 14.7 -4.9173 46.8496
      vertex 14.7 -4.77469 46.9747
    endloop
  endfacet
  facet normal -1 0 0
    outer loop
      vertex 14.7 -5.42471 46.5994
      vertex 14.7 -4.11768 41.7215
      vertex 14.7 -4.95158 41.5556
    endloop
  endfacet
  facet normal -1 0 0
    outer loop
      vertex 14.7 -2.55 42.3708
      vertex 14.7 -5.075 46.7443
      vertex 14.7 -4.9173 46.8496
    endloop
  endfacet
  facet normal -1 0 0
    outer loop
      vertex 14.7 -3.31256 41.9948
      vertex 14.7 -5.24511 46.6604
      vertex 14.7 -5.075 46.7443
    endloop
  endfacet
  facet normal -1 0 0
    outer loop
      vertex 14.7 -4.11768 41.7215
      vertex 14.7 -5.42471 46.5994
      vertex 14.7 -5.24511 46.6604
    endloop
  endfacet
  facet normal -1 0 0
    outer loop
      vertex 14.7 -4.95158 41.5556
      vertex 14.7 -5.61074 46.5624
      vertex 14.7 -5.42471 46.5994
    endloop
  endfacet
  facet normal -1 0 0
    outer loop
      vertex 14.7 -5.8 41.5
      vertex 14.7 -5.61074 46.5624
      vertex 14.7 -4.95158 41.5556
    endloop
  endfacet
  facet normal -1 0 0
    outer loop
      vertex 14.7 -5.8 41.5
      vertex 14.7 -5.8 46.55
      vertex 14.7 -5.61074 46.5624
    endloop
  endfacet
  facet normal -1 0 0
    outer loop
      vertex 14.7 -5.8 41.5
      vertex 14.7 -5.98926 46.5624
      vertex 14.7 -5.8 46.55
    endloop
  endfacet
  facet normal -1 0 0
    outer loop
      vertex 14.7 -6.64842 41.5556
      vertex 14.7 -5.98926 46.5624
      vertex 14.7 -5.8 41.5
    endloop
  endfacet
  facet normal -1 -0 0
    outer loop
      vertex 14.7 -5.98926 46.5624
      vertex 14.7 -6.64842 41.5556
      vertex 14.7 -6.17529 46.5994
    endloop
  endfacet
  facet normal -1 0 0
    outer loop
      vertex 14.7 -7.48232 41.7215
      vertex 14.7 -6.17529 46.5994
      vertex 14.7 -6.64842 41.5556
    endloop
  endfacet
  facet normal -1 -0 0
    outer loop
      vertex 14.7 -6.17529 46.5994
      vertex 14.7 -7.48232 41.7215
      vertex 14.7 -6.35489 46.6604
    endloop
  endfacet
  facet normal -1 0 0
    outer loop
      vertex 14.7 -8.28744 41.9948
      vertex 14.7 -6.35489 46.6604
      vertex 14.7 -7.48232 41.7215
    endloop
  endfacet
  facet normal -1 -0 0
    outer loop
      vertex 14.7 -6.35489 46.6604
      vertex 14.7 -8.28744 41.9948
      vertex 14.7 -6.525 46.7443
    endloop
  endfacet
  facet normal -1 0 0
    outer loop
      vertex 14.7 -9.05 42.3708
      vertex 14.7 -6.525 46.7443
      vertex 14.7 -8.28744 41.9948
    endloop
  endfacet
  facet normal -1 -0 0
    outer loop
      vertex 14.7 -6.525 46.7443
      vertex 14.7 -9.05 42.3708
      vertex 14.7 -6.6827 46.8496
    endloop
  endfacet
  facet normal -1 0 0
    outer loop
      vertex 14.7 -9.75695 42.8432
      vertex 14.7 -6.6827 46.8496
      vertex 14.7 -9.05 42.3708
    endloop
  endfacet
  facet normal -1 -0 0
    outer loop
      vertex 14.7 -6.6827 46.8496
      vertex 14.7 -9.75695 42.8432
      vertex 14.7 -6.8253 46.9747
    endloop
  endfacet
  facet normal -1 0 0
    outer loop
      vertex 14.7 -10.3962 43.4038
      vertex 14.7 -6.8253 46.9747
      vertex 14.7 -9.75695 42.8432
    endloop
  endfacet
  facet normal -1 -0 0
    outer loop
      vertex 14.7 -6.8253 46.9747
      vertex 14.7 -10.6828 43.7306
      vertex 14.7 -6.95036 47.1173
    endloop
  endfacet
  facet normal -1 0 0
    outer loop
      vertex 14.7 -10.6828 43.7306
      vertex 14.7 -6.8253 46.9747
      vertex 14.7 -10.3962 43.4038
    endloop
  endfacet
  facet normal -1 -0 0
    outer loop
      vertex 14.7 -0.643203 51.9569
      vertex 14.7 -4.64964 48.8827
      vertex 14.7 -1.2038 52.5962
    endloop
  endfacet
  facet normal -1 0 0
    outer loop
      vertex 14.7 -4.77469 49.0253
      vertex 14.7 -1.2038 52.5962
      vertex 14.7 -4.64964 48.8827
    endloop
  endfacet
  facet normal -1 -0 0
    outer loop
      vertex 14.7 -1.2038 52.5962
      vertex 14.7 -4.77469 49.0253
      vertex 14.7 -1.84305 53.1568
    endloop
  endfacet
  facet normal -1 0 0
    outer loop
      vertex 14.7 -4.9173 49.1504
      vertex 14.7 -1.84305 53.1568
      vertex 14.7 -4.77469 49.0253
    endloop
  endfacet
  facet normal -1 -0 0
    outer loop
      vertex 14.7 -1.84305 53.1568
      vertex 14.7 -4.9173 49.1504
      vertex 14.7 -2.55 53.6292
    endloop
  endfacet
  facet normal -1 0 0
    outer loop
      vertex 14.7 -5.075 49.2557
      vertex 14.7 -2.55 53.6292
      vertex 14.7 -4.9173 49.1504
    endloop
  endfacet
  facet normal -1 -0 0
    outer loop
      vertex 14.7 -2.55 53.6292
      vertex 14.7 -5.075 49.2557
      vertex 14.7 -3.31256 54.0052
    endloop
  endfacet
  facet normal -1 0 0
    outer loop
      vertex 14.7 -5.24511 49.3396
      vertex 14.7 -3.31256 54.0052
      vertex 14.7 -5.075 49.2557
    endloop
  endfacet
  facet normal -1 -0 0
    outer loop
      vertex 14.7 -3.31256 54.0052
      vertex 14.7 -5.24511 49.3396
      vertex 14.7 -4.11768 54.2785
    endloop
  endfacet
  facet normal -1 0 0
    outer loop
      vertex 14.7 -5.42471 49.4006
      vertex 14.7 -4.11768 54.2785
      vertex 14.7 -5.24511 49.3396
    endloop
  endfacet
  facet normal -1 -0 0
    outer loop
      vertex 14.7 -4.11768 54.2785
      vertex 14.7 -5.42471 49.4006
      vertex 14.7 -4.95158 54.4444
    endloop
  endfacet
  facet normal -1 0 0
    outer loop
      vertex 14.7 -5.61074 49.4376
      vertex 14.7 -4.95158 54.4444
      vertex 14.7 -5.42471 49.4006
    endloop
  endfacet
  facet normal -1 0 0
    outer loop
      vertex 14.7 -5.8 49.45
      vertex 14.7 -4.95158 54.4444
      vertex 14.7 -5.61074 49.4376
    endloop
  endfacet
  facet normal -1 0 0
    outer loop
      vertex 14.7 -5.8 49.45
      vertex 14.7 -5.8 54.5
      vertex 14.7 -4.95158 54.4444
    endloop
  endfacet
  facet normal -1 0 0
    outer loop
      vertex 14.7 -5.98926 49.4376
      vertex 14.7 -5.8 54.5
      vertex 14.7 -5.8 49.45
    endloop
  endfacet
  facet normal -1 0 0
    outer loop
      vertex 14.7 -6.64842 54.4444
      vertex 14.7 -5.98926 49.4376
      vertex 14.7 -6.17529 49.4006
    endloop
  endfacet
  facet normal -1 0 0
    outer loop
      vertex 14.7 -7.48232 54.2785
      vertex 14.7 -6.17529 49.4006
      vertex 14.7 -6.35489 49.3396
    endloop
  endfacet
  facet normal -1 0 0
    outer loop
      vertex 14.7 -8.99758 53.655
      vertex 14.7 -6.35489 49.3396
      vertex 14.7 -6.525 49.2557
    endloop
  endfacet
  facet normal -1 0 0
    outer loop
      vertex 14.7 -5.98926 49.4376
      vertex 14.7 -6.64842 54.4444
      vertex 14.7 -5.8 54.5
    endloop
  endfacet
  facet normal -1 0 0
    outer loop
      vertex 14.7 -8.99758 53.655
      vertex 14.7 -6.525 49.2557
      vertex 14.7 -6.6827 49.1504
    endloop
  endfacet
  facet normal -1 0 0
    outer loop
      vertex 14.7 -8.99758 53.655
      vertex 14.7 -6.6827 49.1504
      vertex 14.7 -6.8253 49.0253
    endloop
  endfacet
  facet normal -1 0 0
    outer loop
      vertex 14.7 -8.99758 53.655
      vertex 14.7 -6.8253 49.0253
      vertex 14.7 -6.95036 48.8827
    endloop
  endfacet
  facet normal -1 0 0
    outer loop
      vertex 14.7 -8.99758 53.655
      vertex 14.7 -6.95036 48.8827
      vertex 14.7 -7.05574 48.725
    endloop
  endfacet
  facet normal -1 0 0
    outer loop
      vertex 14.7 -8.99758 53.655
      vertex 14.7 -7.05574 48.725
      vertex 14.7 -7.13962 48.5549
    endloop
  endfacet
  facet normal -1 0 0
    outer loop
      vertex 14.7 -8.99758 53.655
      vertex 14.7 -7.13962 48.5549
      vertex 14.7 -7.20059 48.3753
    endloop
  endfacet
  facet normal -1 0 0
    outer loop
      vertex 14.7 -8.99758 53.655
      vertex 14.7 -7.20059 48.3753
      vertex 14.7 -7.23759 48.1893
    endloop
  endfacet
  facet normal -1 0 0
    outer loop
      vertex 14.7 -6.17529 49.4006
      vertex 14.7 -7.48232 54.2785
      vertex 14.7 -6.64842 54.4444
    endloop
  endfacet
  facet normal -1 0 0
    outer loop
      vertex 14.7 -10.6828 43.7306
      vertex 14.7 -7.23759 48.1893
      vertex 14.7 -7.25 48
    endloop
  endfacet
  facet normal -1 -0 0
    outer loop
      vertex 14.7 -6.95036 47.1173
      vertex 14.7 -10.6828 43.7306
      vertex 14.7 -7.05574 47.275
    endloop
  endfacet
  facet normal -1 -0 0
    outer loop
      vertex 14.7 -7.05574 47.275
      vertex 14.7 -10.6828 43.7306
      vertex 14.7 -7.13962 47.4451
    endloop
  endfacet
  facet normal -1 0 0
    outer loop
      vertex 14.7 -6.35489 49.3396
      vertex 14.7 -8.28744 54.0052
      vertex 14.7 -7.48232 54.2785
    endloop
  endfacet
  facet normal -1 0 0
    outer loop
      vertex 14.7 -6.35489 49.3396
      vertex 14.7 -8.99758 53.655
      vertex 14.7 -8.28744 54.0052
    endloop
  endfacet
  facet normal -1 -0 0
    outer loop
      vertex 14.7 -7.13962 47.4451
      vertex 14.7 -10.6828 43.7306
      vertex 14.7 -7.20059 47.6247
    endloop
  endfacet
  facet normal -1 -0 0
    outer loop
      vertex 14.7 -7.20059 47.6247
      vertex 14.7 -10.6828 43.7306
      vertex 14.7 -7.23759 47.8107
    endloop
  endfacet
  facet normal -1 -0 0
    outer loop
      vertex 14.7 -7.23759 47.8107
      vertex 14.7 -10.6828 43.7306
      vertex 14.7 -7.25 48
    endloop
  endfacet
  facet normal -1 -0 0
    outer loop
      vertex 14.7 -7.23759 48.1893
      vertex 14.7 -10.6828 43.7306
      vertex 14.7 -8.99758 53.655
    endloop
  endfacet
  facet normal -1 0 0
    outer loop
      vertex 14.7 -10.6828 43.7306
      vertex 14.7 -17.3 55.5
      vertex 14.7 -8.99758 53.655
    endloop
  endfacet
  facet normal -1 0 0
    outer loop
      vertex 14.7 -19.6 44.444
      vertex 14.7 -17.3 55.5
      vertex 14.7 -10.6828 43.7306
    endloop
  endfacet
  facet normal -1 -0 0
    outer loop
      vertex 14.7 -17.3 55.5
      vertex 14.7 -19.6 44.444
      vertex 14.7 -19.6 55.5
    endloop
  endfacet
  facet normal 0 -0.0797479 -0.996815
    outer loop
      vertex 14.7 -19.6 44.444
      vertex 18.7 -10.6828 43.7306
      vertex 18.7 -19.6 44.444
    endloop
  endfacet
  facet normal -0 -0.0797479 -0.996815
    outer loop
      vertex 18.7 -10.6828 43.7306
      vertex 14.7 -19.6 44.444
      vertex 14.7 -10.6828 43.7306
    endloop
  endfacet
  facet normal -0 0.216932 0.976187
    outer loop
      vertex 14.7 -8.99758 53.655
      vertex 18.7 -17.3 55.5
      vertex 18.7 -8.99758 53.655
    endloop
  endfacet
  facet normal 0 0.216932 0.976187
    outer loop
      vertex 18.7 -17.3 55.5
      vertex 14.7 -8.99758 53.655
      vertex 14.7 -17.3 55.5
    endloop
  endfacet
  facet normal -0 0 1
    outer loop
      vertex 14.7 -17.3 55.5
      vertex 18.7 -19.6 55.5
      vertex 18.7 -17.3 55.5
    endloop
  endfacet
  facet normal 0 0 1
    outer loop
      vertex 18.7 -19.6 55.5
      vertex 14.7 -17.3 55.5
      vertex 14.7 -19.6 55.5
    endloop
  endfacet
  facet normal 0 0.997858 0.0654169
    outer loop
      vertex 18.7 -7.23759 47.8107
      vertex 14.7 -7.25 48
      vertex 18.7 -7.25 48
    endloop
  endfacet
  facet normal 0 0.997858 0.0654169
    outer loop
      vertex 14.7 -7.25 48
      vertex 18.7 -7.23759 47.8107
      vertex 14.7 -7.23759 47.8107
    endloop
  endfacet
  facet normal -0 0.442335 0.89685
    outer loop
      vertex 14.7 -6.35489 46.6604
      vertex 18.7 -6.525 46.7443
      vertex 18.7 -6.35489 46.6604
    endloop
  endfacet
  facet normal 0 0.442335 0.89685
    outer loop
      vertex 18.7 -6.525 46.7443
      vertex 14.7 -6.35489 46.6604
      vertex 14.7 -6.525 46.7443
    endloop
  endfacet
  facet normal 0 -0.94694 0.321411
    outer loop
      vertex 14.7 -4.46037 47.4451
      vertex 18.7 -4.39941 47.6247
      vertex 14.7 -4.39941 47.6247
    endloop
  endfacet
  facet normal 0 -0.94694 0.321411
    outer loop
      vertex 18.7 -4.39941 47.6247
      vertex 14.7 -4.46037 47.4451
      vertex 18.7 -4.46037 47.4451
    endloop
  endfacet
  facet normal 0 -0.0653782 0.997861
    outer loop
      vertex 14.7 -5.61074 46.5624
      vertex 18.7 -5.8 46.55
      vertex 18.7 -5.61074 46.5624
    endloop
  endfacet
  facet normal 0 -0.0653782 0.997861
    outer loop
      vertex 18.7 -5.8 46.55
      vertex 14.7 -5.61074 46.5624
      vertex 14.7 -5.8 46.55
    endloop
  endfacet
  facet normal 0 0.3216 -0.946876
    outer loop
      vertex 14.7 -6.35489 49.3396
      vertex 18.7 -6.17529 49.4006
      vertex 18.7 -6.35489 49.3396
    endloop
  endfacet
  facet normal 0 0.3216 -0.946876
    outer loop
      vertex 18.7 -6.17529 49.4006
      vertex 14.7 -6.35489 49.3396
      vertex 14.7 -6.17529 49.4006
    endloop
  endfacet
  facet normal 0 -0.659448 0.75175
    outer loop
      vertex 14.7 -4.77469 46.9747
      vertex 18.7 -4.9173 46.8496
      vertex 18.7 -4.77469 46.9747
    endloop
  endfacet
  facet normal 0 -0.659448 0.75175
    outer loop
      vertex 18.7 -4.9173 46.8496
      vertex 14.7 -4.77469 46.9747
      vertex 14.7 -4.9173 46.8496
    endloop
  endfacet
  facet normal -0 0.659474 0.751727
    outer loop
      vertex 14.7 -6.6827 46.8496
      vertex 18.7 -6.8253 46.9747
      vertex 18.7 -6.6827 46.8496
    endloop
  endfacet
  facet normal 0 0.659474 0.751727
    outer loop
      vertex 18.7 -6.8253 46.9747
      vertex 14.7 -6.6827 46.8496
      vertex 14.7 -6.8253 46.9747
    endloop
  endfacet
  facet normal -0 0.0653782 0.997861
    outer loop
      vertex 14.7 -5.8 46.55
      vertex 18.7 -5.98926 46.5624
      vertex 18.7 -5.8 46.55
    endloop
  endfacet
  facet normal 0 0.0653782 0.997861
    outer loop
      vertex 18.7 -5.98926 46.5624
      vertex 14.7 -5.8 46.55
      vertex 14.7 -5.98926 46.5624
    endloop
  endfacet
  facet normal 0 -0.442335 0.89685
    outer loop
      vertex 14.7 -5.075 46.7443
      vertex 18.7 -5.24511 46.6604
      vertex 18.7 -5.075 46.7443
    endloop
  endfacet
  facet normal 0 -0.442335 0.89685
    outer loop
      vertex 18.7 -5.24511 46.6604
      vertex 14.7 -5.075 46.7443
      vertex 14.7 -5.24511 46.6604
    endloop
  endfacet
  facet normal 0 -0.0653782 -0.997861
    outer loop
      vertex 14.7 -5.8 49.45
      vertex 18.7 -5.61074 49.4376
      vertex 18.7 -5.8 49.45
    endloop
  endfacet
  facet normal -0 -0.0653782 -0.997861
    outer loop
      vertex 18.7 -5.61074 49.4376
      vertex 14.7 -5.8 49.45
      vertex 14.7 -5.61074 49.4376
    endloop
  endfacet
  facet normal 0 0.946924 -0.321458
    outer loop
      vertex 18.7 -7.20059 48.3753
      vertex 14.7 -7.13962 48.5549
      vertex 18.7 -7.13962 48.5549
    endloop
  endfacet
  facet normal 0 0.946924 -0.321458
    outer loop
      vertex 14.7 -7.13962 48.5549
      vertex 18.7 -7.20059 48.3753
      vertex 14.7 -7.20059 48.3753
    endloop
  endfacet
  facet normal 0 0.659474 -0.751727
    outer loop
      vertex 14.7 -6.8253 49.0253
      vertex 18.7 -6.6827 49.1504
      vertex 18.7 -6.8253 49.0253
    endloop
  endfacet
  facet normal 0 0.659474 -0.751727
    outer loop
      vertex 18.7 -6.6827 49.1504
      vertex 14.7 -6.8253 49.0253
      vertex 14.7 -6.6827 49.1504
    endloop
  endfacet
  facet normal -0 0.3216 0.946876
    outer loop
      vertex 14.7 -6.17529 46.5994
      vertex 18.7 -6.35489 46.6604
      vertex 18.7 -6.17529 46.5994
    endloop
  endfacet
  facet normal 0 0.3216 0.946876
    outer loop
      vertex 18.7 -6.35489 46.6604
      vertex 14.7 -6.17529 46.5994
      vertex 14.7 -6.35489 46.6604
    endloop
  endfacet
  facet normal 0 -0.997861 0.0653644
    outer loop
      vertex 14.7 -4.3624 47.8107
      vertex 18.7 -4.35 48
      vertex 14.7 -4.35 48
    endloop
  endfacet
  facet normal 0 -0.997861 0.0653644
    outer loop
      vertex 18.7 -4.35 48
      vertex 14.7 -4.3624 47.8107
      vertex 18.7 -4.3624 47.8107
    endloop
  endfacet
  facet normal 0 -0.195072 0.980789
    outer loop
      vertex 14.7 -5.42471 46.5994
      vertex 18.7 -5.61074 46.5624
      vertex 18.7 -5.42471 46.5994
    endloop
  endfacet
  facet normal 0 -0.195072 0.980789
    outer loop
      vertex 18.7 -5.61074 46.5624
      vertex 14.7 -5.42471 46.5994
      vertex 14.7 -5.61074 46.5624
    endloop
  endfacet
  facet normal 0 -0.83145 0.5556
    outer loop
      vertex 14.7 -4.64964 47.1173
      vertex 18.7 -4.54426 47.275
      vertex 14.7 -4.54426 47.275
    endloop
  endfacet
  facet normal 0 -0.83145 0.5556
    outer loop
      vertex 18.7 -4.54426 47.275
      vertex 14.7 -4.64964 47.1173
      vertex 18.7 -4.64964 47.1173
    endloop
  endfacet
  facet normal 0 0.946924 0.321458
    outer loop
      vertex 18.7 -7.13962 47.4451
      vertex 14.7 -7.20059 47.6247
      vertex 18.7 -7.20059 47.6247
    endloop
  endfacet
  facet normal 0 0.946924 0.321458
    outer loop
      vertex 14.7 -7.20059 47.6247
      vertex 18.7 -7.13962 47.4451
      vertex 14.7 -7.13962 47.4451
    endloop
  endfacet
  facet normal 0 -0.195072 -0.980789
    outer loop
      vertex 14.7 -5.61074 49.4376
      vertex 18.7 -5.42471 49.4006
      vertex 18.7 -5.61074 49.4376
    endloop
  endfacet
  facet normal -0 -0.195072 -0.980789
    outer loop
      vertex 18.7 -5.42471 49.4006
      vertex 14.7 -5.61074 49.4376
      vertex 14.7 -5.42471 49.4006
    endloop
  endfacet
  facet normal 0 -0.555309 0.831644
    outer loop
      vertex 14.7 -4.9173 46.8496
      vertex 18.7 -5.075 46.7443
      vertex 18.7 -4.9173 46.8496
    endloop
  endfacet
  facet normal 0 -0.555309 0.831644
    outer loop
      vertex 18.7 -5.075 46.7443
      vertex 14.7 -4.9173 46.8496
      vertex 14.7 -5.075 46.7443
    endloop
  endfacet
  facet normal 0 -0.659448 -0.75175
    outer loop
      vertex 14.7 -4.9173 49.1504
      vertex 18.7 -4.77469 49.0253
      vertex 18.7 -4.9173 49.1504
    endloop
  endfacet
  facet normal -0 -0.659448 -0.75175
    outer loop
      vertex 18.7 -4.77469 49.0253
      vertex 14.7 -4.9173 49.1504
      vertex 14.7 -4.77469 49.0253
    endloop
  endfacet
  facet normal 0 -0.751858 -0.659325
    outer loop
      vertex 14.7 -4.64964 48.8827
      vertex 18.7 -4.77469 49.0253
      vertex 14.7 -4.77469 49.0253
    endloop
  endfacet
  facet normal 0 -0.751858 -0.659325
    outer loop
      vertex 18.7 -4.77469 49.0253
      vertex 14.7 -4.64964 48.8827
      vertex 18.7 -4.64964 48.8827
    endloop
  endfacet
  facet normal 0 0.896881 0.442272
    outer loop
      vertex 18.7 -7.05574 47.275
      vertex 14.7 -7.13962 47.4451
      vertex 18.7 -7.13962 47.4451
    endloop
  endfacet
  facet normal 0 0.896881 0.442272
    outer loop
      vertex 14.7 -7.13962 47.4451
      vertex 18.7 -7.05574 47.275
      vertex 14.7 -7.05574 47.275
    endloop
  endfacet
  facet normal 0 0.0653782 -0.997861
    outer loop
      vertex 14.7 -5.98926 49.4376
      vertex 18.7 -5.8 49.45
      vertex 18.7 -5.98926 49.4376
    endloop
  endfacet
  facet normal 0 0.0653782 -0.997861
    outer loop
      vertex 18.7 -5.8 49.45
      vertex 14.7 -5.98926 49.4376
      vertex 14.7 -5.8 49.45
    endloop
  endfacet
  facet normal 0 0.83145 0.5556
    outer loop
      vertex 18.7 -6.95036 47.1173
      vertex 14.7 -7.05574 47.275
      vertex 18.7 -7.05574 47.275
    endloop
  endfacet
  facet normal 0 0.83145 0.5556
    outer loop
      vertex 14.7 -7.05574 47.275
      vertex 18.7 -6.95036 47.1173
      vertex 14.7 -6.95036 47.1173
    endloop
  endfacet
  facet normal 0 -0.83145 -0.5556
    outer loop
      vertex 14.7 -4.54426 48.725
      vertex 18.7 -4.64964 48.8827
      vertex 14.7 -4.64964 48.8827
    endloop
  endfacet
  facet normal 0 -0.83145 -0.5556
    outer loop
      vertex 18.7 -4.64964 48.8827
      vertex 14.7 -4.54426 48.725
      vertex 18.7 -4.54426 48.725
    endloop
  endfacet
  facet normal 0 0.980783 -0.195102
    outer loop
      vertex 18.7 -7.23759 48.1893
      vertex 14.7 -7.20059 48.3753
      vertex 18.7 -7.20059 48.3753
    endloop
  endfacet
  facet normal 0 0.980783 -0.195102
    outer loop
      vertex 14.7 -7.20059 48.3753
      vertex 18.7 -7.23759 48.1893
      vertex 14.7 -7.23759 48.1893
    endloop
  endfacet
  facet normal 0 0.751832 -0.659355
    outer loop
      vertex 18.7 -6.95036 48.8827
      vertex 14.7 -6.8253 49.0253
      vertex 18.7 -6.8253 49.0253
    endloop
  endfacet
  facet normal 0 0.751832 -0.659355
    outer loop
      vertex 14.7 -6.8253 49.0253
      vertex 18.7 -6.95036 48.8827
      vertex 14.7 -6.95036 48.8827
    endloop
  endfacet
  facet normal 0 -0.751858 0.659325
    outer loop
      vertex 14.7 -4.77469 46.9747
      vertex 18.7 -4.64964 47.1173
      vertex 14.7 -4.64964 47.1173
    endloop
  endfacet
  facet normal 0 -0.751858 0.659325
    outer loop
      vertex 18.7 -4.64964 47.1173
      vertex 14.7 -4.77469 46.9747
      vertex 18.7 -4.77469 46.9747
    endloop
  endfacet
  facet normal 0 -0.89686 0.442314
    outer loop
      vertex 14.7 -4.54426 47.275
      vertex 18.7 -4.46037 47.4451
      vertex 14.7 -4.46037 47.4451
    endloop
  endfacet
  facet normal 0 -0.89686 0.442314
    outer loop
      vertex 18.7 -4.46037 47.4451
      vertex 14.7 -4.54426 47.275
      vertex 18.7 -4.54426 47.275
    endloop
  endfacet
  facet normal 0 -0.94694 -0.321411
    outer loop
      vertex 14.7 -4.39941 48.3753
      vertex 18.7 -4.46037 48.5549
      vertex 14.7 -4.46037 48.5549
    endloop
  endfacet
  facet normal 0 -0.94694 -0.321411
    outer loop
      vertex 18.7 -4.46037 48.5549
      vertex 14.7 -4.39941 48.3753
      vertex 18.7 -4.39941 48.3753
    endloop
  endfacet
  facet normal 0 0.980783 0.195102
    outer loop
      vertex 18.7 -7.20059 47.6247
      vertex 14.7 -7.23759 47.8107
      vertex 18.7 -7.23759 47.8107
    endloop
  endfacet
  facet normal 0 0.980783 0.195102
    outer loop
      vertex 14.7 -7.23759 47.8107
      vertex 18.7 -7.20059 47.6247
      vertex 14.7 -7.20059 47.6247
    endloop
  endfacet
  facet normal 0 0.896881 -0.442272
    outer loop
      vertex 18.7 -7.13962 48.5549
      vertex 14.7 -7.05574 48.725
      vertex 18.7 -7.05574 48.725
    endloop
  endfacet
  facet normal 0 0.896881 -0.442272
    outer loop
      vertex 14.7 -7.05574 48.725
      vertex 18.7 -7.13962 48.5549
      vertex 14.7 -7.13962 48.5549
    endloop
  endfacet
  facet normal -0 0.555309 0.831644
    outer loop
      vertex 14.7 -6.525 46.7443
      vertex 18.7 -6.6827 46.8496
      vertex 18.7 -6.525 46.7443
    endloop
  endfacet
  facet normal 0 0.555309 0.831644
    outer loop
      vertex 18.7 -6.6827 46.8496
      vertex 14.7 -6.525 46.7443
      vertex 14.7 -6.6827 46.8496
    endloop
  endfacet
  facet normal -0 0.195072 0.980789
    outer loop
      vertex 14.7 -5.98926 46.5624
      vertex 18.7 -6.17529 46.5994
      vertex 18.7 -5.98926 46.5624
    endloop
  endfacet
  facet normal 0 0.195072 0.980789
    outer loop
      vertex 18.7 -6.17529 46.5994
      vertex 14.7 -5.98926 46.5624
      vertex 14.7 -6.17529 46.5994
    endloop
  endfacet
  facet normal 0 -0.89686 -0.442314
    outer loop
      vertex 14.7 -4.46037 48.5549
      vertex 18.7 -4.54426 48.725
      vertex 14.7 -4.54426 48.725
    endloop
  endfacet
  facet normal 0 -0.89686 -0.442314
    outer loop
      vertex 18.7 -4.54426 48.725
      vertex 14.7 -4.46037 48.5549
      vertex 18.7 -4.46037 48.5549
    endloop
  endfacet
  facet normal 0 -0.555309 -0.831644
    outer loop
      vertex 14.7 -5.075 49.2557
      vertex 18.7 -4.9173 49.1504
      vertex 18.7 -5.075 49.2557
    endloop
  endfacet
  facet normal -0 -0.555309 -0.831644
    outer loop
      vertex 18.7 -4.9173 49.1504
      vertex 14.7 -5.075 49.2557
      vertex 14.7 -4.9173 49.1504
    endloop
  endfacet
  facet normal 0 -0.3216 -0.946876
    outer loop
      vertex 14.7 -5.42471 49.4006
      vertex 18.7 -5.24511 49.3396
      vertex 18.7 -5.42471 49.4006
    endloop
  endfacet
  facet normal -0 -0.3216 -0.946876
    outer loop
      vertex 18.7 -5.24511 49.3396
      vertex 14.7 -5.42471 49.4006
      vertex 14.7 -5.24511 49.3396
    endloop
  endfacet
  facet normal 0 -0.442335 -0.89685
    outer loop
      vertex 14.7 -5.24511 49.3396
      vertex 18.7 -5.075 49.2557
      vertex 18.7 -5.24511 49.3396
    endloop
  endfacet
  facet normal -0 -0.442335 -0.89685
    outer loop
      vertex 18.7 -5.075 49.2557
      vertex 14.7 -5.24511 49.3396
      vertex 14.7 -5.075 49.2557
    endloop
  endfacet
  facet normal 0 0.555309 -0.831644
    outer loop
      vertex 14.7 -6.6827 49.1504
      vertex 18.7 -6.525 49.2557
      vertex 18.7 -6.6827 49.1504
    endloop
  endfacet
  facet normal 0 0.555309 -0.831644
    outer loop
      vertex 18.7 -6.525 49.2557
      vertex 14.7 -6.6827 49.1504
      vertex 14.7 -6.525 49.2557
    endloop
  endfacet
  facet normal 0 -0.997861 -0.0653644
    outer loop
      vertex 14.7 -4.35 48
      vertex 18.7 -4.3624 48.1893
      vertex 14.7 -4.3624 48.1893
    endloop
  endfacet
  facet normal 0 -0.997861 -0.0653644
    outer loop
      vertex 18.7 -4.3624 48.1893
      vertex 14.7 -4.35 48
      vertex 18.7 -4.35 48
    endloop
  endfacet
  facet normal 0 0.195072 -0.980789
    outer loop
      vertex 14.7 -6.17529 49.4006
      vertex 18.7 -5.98926 49.4376
      vertex 18.7 -6.17529 49.4006
    endloop
  endfacet
  facet normal 0 0.195072 -0.980789
    outer loop
      vertex 18.7 -5.98926 49.4376
      vertex 14.7 -6.17529 49.4006
      vertex 14.7 -5.98926 49.4376
    endloop
  endfacet
  facet normal 0 -0.3216 0.946876
    outer loop
      vertex 14.7 -5.24511 46.6604
      vertex 18.7 -5.42471 46.5994
      vertex 18.7 -5.24511 46.6604
    endloop
  endfacet
  facet normal 0 -0.3216 0.946876
    outer loop
      vertex 18.7 -5.42471 46.5994
      vertex 14.7 -5.24511 46.6604
      vertex 14.7 -5.42471 46.5994
    endloop
  endfacet
  facet normal 0 -0.980773 -0.195153
    outer loop
      vertex 14.7 -4.3624 48.1893
      vertex 18.7 -4.39941 48.3753
      vertex 14.7 -4.39941 48.3753
    endloop
  endfacet
  facet normal 0 -0.980773 -0.195153
    outer loop
      vertex 18.7 -4.39941 48.3753
      vertex 14.7 -4.3624 48.1893
      vertex 18.7 -4.3624 48.1893
    endloop
  endfacet
  facet normal 0 0.83145 -0.5556
    outer loop
      vertex 18.7 -7.05574 48.725
      vertex 14.7 -6.95036 48.8827
      vertex 18.7 -6.95036 48.8827
    endloop
  endfacet
  facet normal 0 0.83145 -0.5556
    outer loop
      vertex 14.7 -6.95036 48.8827
      vertex 18.7 -7.05574 48.725
      vertex 14.7 -7.05574 48.725
    endloop
  endfacet
  facet normal 0 0.997858 -0.0654169
    outer loop
      vertex 18.7 -7.25 48
      vertex 14.7 -7.23759 48.1893
      vertex 18.7 -7.23759 48.1893
    endloop
  endfacet
  facet normal 0 0.997858 -0.0654169
    outer loop
      vertex 14.7 -7.23759 48.1893
      vertex 18.7 -7.25 48
      vertex 14.7 -7.25 48
    endloop
  endfacet
  facet normal 0 0.442335 -0.89685
    outer loop
      vertex 14.7 -6.525 49.2557
      vertex 18.7 -6.35489 49.3396
      vertex 18.7 -6.525 49.2557
    endloop
  endfacet
  facet normal 0 0.442335 -0.89685
    outer loop
      vertex 18.7 -6.35489 49.3396
      vertex 14.7 -6.525 49.2557
      vertex 14.7 -6.35489 49.3396
    endloop
  endfacet
  facet normal 0 0.751832 0.659355
    outer loop
      vertex 18.7 -6.8253 46.9747
      vertex 14.7 -6.95036 47.1173
      vertex 18.7 -6.95036 47.1173
    endloop
  endfacet
  facet normal 0 0.751832 0.659355
    outer loop
      vertex 14.7 -6.95036 47.1173
      vertex 18.7 -6.8253 46.9747
      vertex 14.7 -6.8253 46.9747
    endloop
  endfacet
  facet normal 0 -0.980773 0.195153
    outer loop
      vertex 14.7 -4.39941 47.6247
      vertex 18.7 -4.3624 47.8107
      vertex 14.7 -4.3624 47.8107
    endloop
  endfacet
  facet normal 0 -0.980773 0.195153
    outer loop
      vertex 18.7 -4.3624 47.8107
      vertex 14.7 -4.39941 47.6247
      vertex 18.7 -4.39941 47.6247
    endloop
  endfacet
  facet normal 0.0653439 0 -0.997863
    outer loop
      vertex -20 -19.6 -75.75
      vertex -19.38 -0.3 -75.7094
      vertex -19.38 -19.6 -75.7094
    endloop
  endfacet
  facet normal 0.0653439 0 -0.997863
    outer loop
      vertex -19.38 -0.3 -75.7094
      vertex -20 -19.6 -75.75
      vertex -20 -0.3 -75.75
    endloop
  endfacet
  facet normal 0.98076 -0 0.195219
    outer loop
      vertex -15.4119 -19.6 -69.7706
      vertex -15.2906 -0.3 -70.38
      vertex -15.4119 -0.3 -69.7706
    endloop
  endfacet
  facet normal 0.98076 0 0.195219
    outer loop
      vertex -15.2906 -0.3 -70.38
      vertex -15.4119 -19.6 -69.7706
      vertex -15.2906 -19.6 -70.38
    endloop
  endfacet
  facet normal 0.997863 -0 0.0653439
    outer loop
      vertex -15.2906 -19.6 -70.38
      vertex -15.25 -0.3 -71
      vertex -15.2906 -0.3 -70.38
    endloop
  endfacet
  facet normal 0.997863 0 0.0653439
    outer loop
      vertex -15.25 -0.3 -71
      vertex -15.2906 -19.6 -70.38
      vertex -15.25 -19.6 -71
    endloop
  endfacet
  facet normal 0.659234 0 0.751938
    outer loop
      vertex -17.1084 -0.3 -67.2316
      vertex -16.6412 -19.6 -67.6412
      vertex -16.6412 -0.3 -67.6412
    endloop
  endfacet
  facet normal 0.659234 0 0.751938
    outer loop
      vertex -16.6412 -19.6 -67.6412
      vertex -17.1084 -0.3 -67.2316
      vertex -17.1084 -19.6 -67.2316
    endloop
  endfacet
  facet normal 0.896892 0 -0.44225
    outer loop
      vertex -15.6116 -19.6 -72.8177
      vertex -15.8864 -0.3 -73.375
      vertex -15.6116 -0.3 -72.8177
    endloop
  endfacet
  facet normal 0.896892 0 -0.44225
    outer loop
      vertex -15.8864 -0.3 -73.375
      vertex -15.6116 -19.6 -72.8177
      vertex -15.8864 -19.6 -73.375
    endloop
  endfacet
  facet normal -0.44225 0 -0.896892
    outer loop
      vertex -22.375 -19.6 -75.1136
      vertex -21.8177 -0.3 -75.3884
      vertex -21.8177 -19.6 -75.3884
    endloop
  endfacet
  facet normal -0.44225 0 -0.896892
    outer loop
      vertex -21.8177 -0.3 -75.3884
      vertex -22.375 -19.6 -75.1136
      vertex -22.375 -0.3 -75.1136
    endloop
  endfacet
  facet normal -0.0653439 0 -0.997863
    outer loop
      vertex -20.62 -19.6 -75.7094
      vertex -20 -0.3 -75.75
      vertex -20 -19.6 -75.75
    endloop
  endfacet
  facet normal -0.0653439 0 -0.997863
    outer loop
      vertex -20 -0.3 -75.75
      vertex -20.62 -19.6 -75.7094
      vertex -20.62 -0.3 -75.7094
    endloop
  endfacet
  facet normal 0.321582 0 0.946882
    outer loop
      vertex -18.7706 -0.3 -66.4118
      vertex -18.1823 -19.6 -66.6116
      vertex -18.1823 -0.3 -66.6116
    endloop
  endfacet
  facet normal 0.321582 0 0.946882
    outer loop
      vertex -18.1823 -19.6 -66.6116
      vertex -18.7706 -0.3 -66.4118
      vertex -18.7706 -19.6 -66.4118
    endloop
  endfacet
  facet normal -0.997863 0 -0.0653439
    outer loop
      vertex -24.7094 -19.6 -71.62
      vertex -24.75 -0.3 -71
      vertex -24.7094 -0.3 -71.62
    endloop
  endfacet
  facet normal -0.997863 -0 -0.0653439
    outer loop
      vertex -24.75 -0.3 -71
      vertex -24.7094 -19.6 -71.62
      vertex -24.75 -19.6 -71
    endloop
  endfacet
  facet normal -0.659234 0 -0.751938
    outer loop
      vertex -23.3588 -19.6 -74.3588
      vertex -22.8916 -0.3 -74.7684
      vertex -22.8916 -19.6 -74.7684
    endloop
  endfacet
  facet normal -0.659234 0 -0.751938
    outer loop
      vertex -22.8916 -0.3 -74.7684
      vertex -23.3588 -19.6 -74.3588
      vertex -23.3588 -0.3 -74.3588
    endloop
  endfacet
  facet normal 0.946931 -0 0.321438
    outer loop
      vertex -15.6116 -19.6 -69.1823
      vertex -15.4119 -0.3 -69.7706
      vertex -15.6116 -0.3 -69.1823
    endloop
  endfacet
  facet normal 0.946931 0 0.321438
    outer loop
      vertex -15.4119 -0.3 -69.7706
      vertex -15.6116 -19.6 -69.1823
      vertex -15.4119 -19.6 -69.7706
    endloop
  endfacet
  facet normal 0.659234 0 -0.751938
    outer loop
      vertex -17.1084 -19.6 -74.7684
      vertex -16.6412 -0.3 -74.3588
      vertex -16.6412 -19.6 -74.3588
    endloop
  endfacet
  facet normal 0.659234 0 -0.751938
    outer loop
      vertex -16.6412 -0.3 -74.3588
      vertex -17.1084 -19.6 -74.7684
      vertex -17.1084 -0.3 -74.7684
    endloop
  endfacet
  facet normal -0.659234 0 0.751938
    outer loop
      vertex -23.3588 -0.3 -67.6412
      vertex -22.8916 -19.6 -67.2316
      vertex -22.8916 -0.3 -67.2316
    endloop
  endfacet
  facet normal -0.659234 0 0.751938
    outer loop
      vertex -22.8916 -19.6 -67.2316
      vertex -23.3588 -0.3 -67.6412
      vertex -23.3588 -19.6 -67.6412
    endloop
  endfacet
  facet normal -0.997863 0 0.0653439
    outer loop
      vertex -24.75 -19.6 -71
      vertex -24.7094 -0.3 -70.38
      vertex -24.75 -0.3 -71
    endloop
  endfacet
  facet normal -0.997863 0 0.0653439
    outer loop
      vertex -24.7094 -0.3 -70.38
      vertex -24.75 -19.6 -71
      vertex -24.7094 -19.6 -70.38
    endloop
  endfacet
  facet normal -0.896892 0 -0.44225
    outer loop
      vertex -24.1136 -19.6 -73.375
      vertex -24.3884 -0.3 -72.8177
      vertex -24.1136 -0.3 -73.375
    endloop
  endfacet
  facet normal -0.896892 -0 -0.44225
    outer loop
      vertex -24.3884 -0.3 -72.8177
      vertex -24.1136 -19.6 -73.375
      vertex -24.3884 -19.6 -72.8177
    endloop
  endfacet
  facet normal 0.44225 0 0.896892
    outer loop
      vertex -18.1823 -0.3 -66.6116
      vertex -17.625 -19.6 -66.8864
      vertex -17.625 -0.3 -66.8864
    endloop
  endfacet
  facet normal 0.44225 0 0.896892
    outer loop
      vertex -17.625 -19.6 -66.8864
      vertex -18.1823 -0.3 -66.6116
      vertex -18.1823 -19.6 -66.6116
    endloop
  endfacet
  facet normal 0.321582 0 -0.946882
    outer loop
      vertex -18.7706 -19.6 -75.5882
      vertex -18.1823 -0.3 -75.3884
      vertex -18.1823 -19.6 -75.3884
    endloop
  endfacet
  facet normal 0.321582 0 -0.946882
    outer loop
      vertex -18.1823 -0.3 -75.3884
      vertex -18.7706 -19.6 -75.5882
      vertex -18.7706 -0.3 -75.5882
    endloop
  endfacet
  facet normal -0.98076 0 0.195219
    outer loop
      vertex -24.7094 -19.6 -70.38
      vertex -24.5881 -0.3 -69.7706
      vertex -24.7094 -0.3 -70.38
    endloop
  endfacet
  facet normal -0.98076 0 0.195219
    outer loop
      vertex -24.5881 -0.3 -69.7706
      vertex -24.7094 -19.6 -70.38
      vertex -24.5881 -19.6 -69.7706
    endloop
  endfacet
  facet normal -0.44225 0 0.896892
    outer loop
      vertex -22.375 -0.3 -66.8864
      vertex -21.8177 -19.6 -66.6116
      vertex -21.8177 -0.3 -66.6116
    endloop
  endfacet
  facet normal -0.44225 0 0.896892
    outer loop
      vertex -21.8177 -19.6 -66.6116
      vertex -22.375 -0.3 -66.8864
      vertex -22.375 -19.6 -66.8864
    endloop
  endfacet
  facet normal -0.98076 0 -0.195219
    outer loop
      vertex -24.5881 -19.6 -72.2294
      vertex -24.7094 -0.3 -71.62
      vertex -24.5881 -0.3 -72.2294
    endloop
  endfacet
  facet normal -0.98076 -0 -0.195219
    outer loop
      vertex -24.7094 -0.3 -71.62
      vertex -24.5881 -19.6 -72.2294
      vertex -24.7094 -19.6 -71.62
    endloop
  endfacet
  facet normal 0.896892 -0 0.44225
    outer loop
      vertex -15.8864 -19.6 -68.625
      vertex -15.6116 -0.3 -69.1823
      vertex -15.8864 -0.3 -68.625
    endloop
  endfacet
  facet normal 0.896892 0 0.44225
    outer loop
      vertex -15.6116 -0.3 -69.1823
      vertex -15.8864 -19.6 -68.625
      vertex -15.6116 -19.6 -69.1823
    endloop
  endfacet
  facet normal 0.831456 0 -0.555591
    outer loop
      vertex -15.8864 -19.6 -73.375
      vertex -16.2316 -0.3 -73.8916
      vertex -15.8864 -0.3 -73.375
    endloop
  endfacet
  facet normal 0.831456 0 -0.555591
    outer loop
      vertex -16.2316 -0.3 -73.8916
      vertex -15.8864 -19.6 -73.375
      vertex -16.2316 -19.6 -73.8916
    endloop
  endfacet
  facet normal 0.195064 0 -0.980791
    outer loop
      vertex -19.38 -19.6 -75.7094
      vertex -18.7706 -0.3 -75.5882
      vertex -18.7706 -19.6 -75.5882
    endloop
  endfacet
  facet normal 0.195064 0 -0.980791
    outer loop
      vertex -18.7706 -0.3 -75.5882
      vertex -19.38 -19.6 -75.7094
      vertex -19.38 -0.3 -75.7094
    endloop
  endfacet
  facet normal 0.98076 0 -0.195219
    outer loop
      vertex -15.2906 -19.6 -71.62
      vertex -15.4119 -0.3 -72.2294
      vertex -15.2906 -0.3 -71.62
    endloop
  endfacet
  facet normal 0.98076 0 -0.195219
    outer loop
      vertex -15.4119 -0.3 -72.2294
      vertex -15.2906 -19.6 -71.62
      vertex -15.4119 -19.6 -72.2294
    endloop
  endfacet
  facet normal -0.555591 0 0.831456
    outer loop
      vertex -22.8916 -0.3 -67.2316
      vertex -22.375 -19.6 -66.8864
      vertex -22.375 -0.3 -66.8864
    endloop
  endfacet
  facet normal -0.555591 0 0.831456
    outer loop
      vertex -22.375 -19.6 -66.8864
      vertex -22.8916 -0.3 -67.2316
      vertex -22.8916 -19.6 -67.2316
    endloop
  endfacet
  facet normal 0.751938 0 -0.659234
    outer loop
      vertex -16.2316 -19.6 -73.8916
      vertex -16.6412 -0.3 -74.3588
      vertex -16.2316 -0.3 -73.8916
    endloop
  endfacet
  facet normal 0.751938 0 -0.659234
    outer loop
      vertex -16.6412 -0.3 -74.3588
      vertex -16.2316 -19.6 -73.8916
      vertex -16.6412 -19.6 -74.3588
    endloop
  endfacet
  facet normal 0.44225 0 -0.896892
    outer loop
      vertex -18.1823 -19.6 -75.3884
      vertex -17.625 -0.3 -75.1136
      vertex -17.625 -19.6 -75.1136
    endloop
  endfacet
  facet normal 0.44225 0 -0.896892
    outer loop
      vertex -17.625 -0.3 -75.1136
      vertex -18.1823 -19.6 -75.3884
      vertex -18.1823 -0.3 -75.3884
    endloop
  endfacet
  facet normal -0.0653439 0 0.997863
    outer loop
      vertex -20.62 -0.3 -66.2906
      vertex -20 -19.6 -66.25
      vertex -20 -0.3 -66.25
    endloop
  endfacet
  facet normal -0.0653439 0 0.997863
    outer loop
      vertex -20 -19.6 -66.25
      vertex -20.62 -0.3 -66.2906
      vertex -20.62 -19.6 -66.2906
    endloop
  endfacet
  facet normal -0.195064 0 -0.980791
    outer loop
      vertex -21.2294 -19.6 -75.5882
      vertex -20.62 -0.3 -75.7094
      vertex -20.62 -19.6 -75.7094
    endloop
  endfacet
  facet normal -0.195064 0 -0.980791
    outer loop
      vertex -20.62 -0.3 -75.7094
      vertex -21.2294 -19.6 -75.5882
      vertex -21.2294 -0.3 -75.5882
    endloop
  endfacet
  facet normal 0.0653439 0 0.997863
    outer loop
      vertex -20 -0.3 -66.25
      vertex -19.38 -19.6 -66.2906
      vertex -19.38 -0.3 -66.2906
    endloop
  endfacet
  facet normal 0.0653439 0 0.997863
    outer loop
      vertex -19.38 -19.6 -66.2906
      vertex -20 -0.3 -66.25
      vertex -20 -19.6 -66.25
    endloop
  endfacet
  facet normal 0.195064 0 0.980791
    outer loop
      vertex -19.38 -0.3 -66.2906
      vertex -18.7706 -19.6 -66.4118
      vertex -18.7706 -0.3 -66.4118
    endloop
  endfacet
  facet normal 0.195064 0 0.980791
    outer loop
      vertex -18.7706 -19.6 -66.4118
      vertex -19.38 -0.3 -66.2906
      vertex -19.38 -19.6 -66.2906
    endloop
  endfacet
  facet normal 0.555591 0 0.831456
    outer loop
      vertex -17.625 -0.3 -66.8864
      vertex -17.1084 -19.6 -67.2316
      vertex -17.1084 -0.3 -67.2316
    endloop
  endfacet
  facet normal 0.555591 0 0.831456
    outer loop
      vertex -17.1084 -19.6 -67.2316
      vertex -17.625 -0.3 -66.8864
      vertex -17.625 -19.6 -66.8864
    endloop
  endfacet
  facet normal -0.321582 0 -0.946882
    outer loop
      vertex -21.8177 -19.6 -75.3884
      vertex -21.2294 -0.3 -75.5882
      vertex -21.2294 -19.6 -75.5882
    endloop
  endfacet
  facet normal -0.321582 0 -0.946882
    outer loop
      vertex -21.2294 -0.3 -75.5882
      vertex -21.8177 -19.6 -75.3884
      vertex -21.8177 -0.3 -75.3884
    endloop
  endfacet
  facet normal 0.946931 0 -0.321438
    outer loop
      vertex -15.4119 -19.6 -72.2294
      vertex -15.6116 -0.3 -72.8177
      vertex -15.4119 -0.3 -72.2294
    endloop
  endfacet
  facet normal 0.946931 0 -0.321438
    outer loop
      vertex -15.6116 -0.3 -72.8177
      vertex -15.4119 -19.6 -72.2294
      vertex -15.6116 -19.6 -72.8177
    endloop
  endfacet
  facet normal 0.751938 -0 0.659234
    outer loop
      vertex -16.6412 -19.6 -67.6412
      vertex -16.2316 -0.3 -68.1084
      vertex -16.6412 -0.3 -67.6412
    endloop
  endfacet
  facet normal 0.751938 0 0.659234
    outer loop
      vertex -16.2316 -0.3 -68.1084
      vertex -16.6412 -19.6 -67.6412
      vertex -16.2316 -19.6 -68.1084
    endloop
  endfacet
  facet normal 0.831456 -0 0.555591
    outer loop
      vertex -16.2316 -19.6 -68.1084
      vertex -15.8864 -0.3 -68.625
      vertex -16.2316 -0.3 -68.1084
    endloop
  endfacet
  facet normal 0.831456 0 0.555591
    outer loop
      vertex -15.8864 -0.3 -68.625
      vertex -16.2316 -19.6 -68.1084
      vertex -15.8864 -19.6 -68.625
    endloop
  endfacet
  facet normal -0.946931 0 0.321438
    outer loop
      vertex -24.5881 -19.6 -69.7706
      vertex -24.3884 -0.3 -69.1823
      vertex -24.5881 -0.3 -69.7706
    endloop
  endfacet
  facet normal -0.946931 0 0.321438
    outer loop
      vertex -24.3884 -0.3 -69.1823
      vertex -24.5881 -19.6 -69.7706
      vertex -24.3884 -19.6 -69.1823
    endloop
  endfacet
  facet normal -0.831456 0 -0.555591
    outer loop
      vertex -23.7684 -19.6 -73.8916
      vertex -24.1136 -0.3 -73.375
      vertex -23.7684 -0.3 -73.8916
    endloop
  endfacet
  facet normal -0.831456 -0 -0.555591
    outer loop
      vertex -24.1136 -0.3 -73.375
      vertex -23.7684 -19.6 -73.8916
      vertex -24.1136 -19.6 -73.375
    endloop
  endfacet
  facet normal 0 1 0
    outer loop
      vertex -20 -0.3 -68.9
      vertex -20 -0.3 -66.25
      vertex -19.38 -0.3 -66.2906
    endloop
  endfacet
  facet normal 0 1 0
    outer loop
      vertex -19.7259 -0.3 -68.918
      vertex -19.38 -0.3 -66.2906
      vertex -18.7706 -0.3 -66.4118
    endloop
  endfacet
  facet normal 0 1 0
    outer loop
      vertex -20 -0.3 -66.25
      vertex -20 -0.3 -68.9
      vertex -20.62 -0.3 -66.2906
    endloop
  endfacet
  facet normal 0 1 0
    outer loop
      vertex -19.4565 -0.3 -68.9716
      vertex -18.7706 -0.3 -66.4118
      vertex -18.1823 -0.3 -66.6116
    endloop
  endfacet
  facet normal 0 1 -0
    outer loop
      vertex -20.2741 -0.3 -68.918
      vertex -20.62 -0.3 -66.2906
      vertex -20 -0.3 -68.9
    endloop
  endfacet
  facet normal 0 1 0
    outer loop
      vertex -19.1964 -0.3 -69.0599
      vertex -18.1823 -0.3 -66.6116
      vertex -17.625 -0.3 -66.8864
    endloop
  endfacet
  facet normal 0 1 0
    outer loop
      vertex -20.62 -0.3 -66.2906
      vertex -20.2741 -0.3 -68.918
      vertex -21.2294 -0.3 -66.4118
    endloop
  endfacet
  facet normal 0 1 0
    outer loop
      vertex -18.95 -0.3 -69.1814
      vertex -17.625 -0.3 -66.8864
      vertex -17.1084 -0.3 -67.2316
    endloop
  endfacet
  facet normal 0 1 -0
    outer loop
      vertex -20.5435 -0.3 -68.9716
      vertex -21.2294 -0.3 -66.4118
      vertex -20.2741 -0.3 -68.918
    endloop
  endfacet
  facet normal 0 1 0
    outer loop
      vertex -18.7216 -0.3 -69.334
      vertex -17.1084 -0.3 -67.2316
      vertex -16.6412 -0.3 -67.6412
    endloop
  endfacet
  facet normal 0 1 0
    outer loop
      vertex -21.2294 -0.3 -66.4118
      vertex -20.5435 -0.3 -68.9716
      vertex -21.8177 -0.3 -66.6116
    endloop
  endfacet
  facet normal 0 1 0
    outer loop
      vertex -18.5151 -0.3 -69.5151
      vertex -16.6412 -0.3 -67.6412
      vertex -16.2316 -0.3 -68.1084
    endloop
  endfacet
  facet normal 0 1 -0
    outer loop
      vertex -20.8036 -0.3 -69.0599
      vertex -21.8177 -0.3 -66.6116
      vertex -20.5435 -0.3 -68.9716
    endloop
  endfacet
  facet normal 0 1 0
    outer loop
      vertex -18.334 -0.3 -69.7216
      vertex -16.2316 -0.3 -68.1084
      vertex -15.8864 -0.3 -68.625
    endloop
  endfacet
  facet normal 0 1 0
    outer loop
      vertex -21.8177 -0.3 -66.6116
      vertex -20.8036 -0.3 -69.0599
      vertex -22.375 -0.3 -66.8864
    endloop
  endfacet
  facet normal 0 1 -0
    outer loop
      vertex -21.05 -0.3 -69.1814
      vertex -22.375 -0.3 -66.8864
      vertex -20.8036 -0.3 -69.0599
    endloop
  endfacet
  facet normal 0 1 0
    outer loop
      vertex -19.38 -0.3 -66.2906
      vertex -19.7259 -0.3 -68.918
      vertex -20 -0.3 -68.9
    endloop
  endfacet
  facet normal 0 1 0
    outer loop
      vertex -18.7706 -0.3 -66.4118
      vertex -19.4565 -0.3 -68.9716
      vertex -19.7259 -0.3 -68.918
    endloop
  endfacet
  facet normal 0 1 0
    outer loop
      vertex -18.1823 -0.3 -66.6116
      vertex -19.1964 -0.3 -69.0599
      vertex -19.4565 -0.3 -68.9716
    endloop
  endfacet
  facet normal 0 1 0
    outer loop
      vertex -17.625 -0.3 -66.8864
      vertex -18.95 -0.3 -69.1814
      vertex -19.1964 -0.3 -69.0599
    endloop
  endfacet
  facet normal 0 1 0
    outer loop
      vertex -18.1813 -0.3 -69.95
      vertex -15.8864 -0.3 -68.625
      vertex -15.6116 -0.3 -69.1823
    endloop
  endfacet
  facet normal 0 1 0
    outer loop
      vertex -17.1084 -0.3 -67.2316
      vertex -18.7216 -0.3 -69.334
      vertex -18.95 -0.3 -69.1814
    endloop
  endfacet
  facet normal 0 1 0
    outer loop
      vertex -16.6412 -0.3 -67.6412
      vertex -18.5151 -0.3 -69.5151
      vertex -18.7216 -0.3 -69.334
    endloop
  endfacet
  facet normal 0 1 0
    outer loop
      vertex -16.2316 -0.3 -68.1084
      vertex -18.334 -0.3 -69.7216
      vertex -18.5151 -0.3 -69.5151
    endloop
  endfacet
  facet normal 0 1 0
    outer loop
      vertex -18.0599 -0.3 -70.1964
      vertex -15.6116 -0.3 -69.1823
      vertex -15.4119 -0.3 -69.7706
    endloop
  endfacet
  facet normal 0 1 0
    outer loop
      vertex -15.8864 -0.3 -68.625
      vertex -18.1813 -0.3 -69.95
      vertex -18.334 -0.3 -69.7216
    endloop
  endfacet
  facet normal 0 1 0
    outer loop
      vertex -15.6116 -0.3 -69.1823
      vertex -18.0599 -0.3 -70.1964
      vertex -18.1813 -0.3 -69.95
    endloop
  endfacet
  facet normal 0 1 0
    outer loop
      vertex -17.9716 -0.3 -70.4565
      vertex -15.4119 -0.3 -69.7706
      vertex -15.2906 -0.3 -70.38
    endloop
  endfacet
  facet normal 0 1 0
    outer loop
      vertex -15.4119 -0.3 -69.7706
      vertex -17.9716 -0.3 -70.4565
      vertex -18.0599 -0.3 -70.1964
    endloop
  endfacet
  facet normal 0 1 0
    outer loop
      vertex -15.2906 -0.3 -70.38
      vertex -17.918 -0.3 -70.7259
      vertex -17.9716 -0.3 -70.4565
    endloop
  endfacet
  facet normal 0 1 0
    outer loop
      vertex -15.25 -0.3 -71
      vertex -17.918 -0.3 -70.7259
      vertex -15.2906 -0.3 -70.38
    endloop
  endfacet
  facet normal 0 1 0
    outer loop
      vertex -15.25 -0.3 -71
      vertex -17.9 -0.3 -71
      vertex -17.918 -0.3 -70.7259
    endloop
  endfacet
  facet normal 0 1 0
    outer loop
      vertex -15.25 -0.3 -71
      vertex -17.918 -0.3 -71.2741
      vertex -17.9 -0.3 -71
    endloop
  endfacet
  facet normal 0 1 -0
    outer loop
      vertex -15.2906 -0.3 -71.62
      vertex -17.918 -0.3 -71.2741
      vertex -15.25 -0.3 -71
    endloop
  endfacet
  facet normal 0 1 0
    outer loop
      vertex -17.918 -0.3 -71.2741
      vertex -15.2906 -0.3 -71.62
      vertex -17.9716 -0.3 -71.5435
    endloop
  endfacet
  facet normal 0 1 -0
    outer loop
      vertex -15.4119 -0.3 -72.2294
      vertex -17.9716 -0.3 -71.5435
      vertex -15.2906 -0.3 -71.62
    endloop
  endfacet
  facet normal 0 1 0
    outer loop
      vertex -17.9716 -0.3 -71.5435
      vertex -15.4119 -0.3 -72.2294
      vertex -18.0599 -0.3 -71.8036
    endloop
  endfacet
  facet normal 0 1 -0
    outer loop
      vertex -15.6116 -0.3 -72.8177
      vertex -18.0599 -0.3 -71.8036
      vertex -15.4119 -0.3 -72.2294
    endloop
  endfacet
  facet normal 0 1 0
    outer loop
      vertex -18.0599 -0.3 -71.8036
      vertex -15.6116 -0.3 -72.8177
      vertex -18.1813 -0.3 -72.05
    endloop
  endfacet
  facet normal 0 1 -0
    outer loop
      vertex -15.8864 -0.3 -73.375
      vertex -18.1813 -0.3 -72.05
      vertex -15.6116 -0.3 -72.8177
    endloop
  endfacet
  facet normal 0 1 0
    outer loop
      vertex -18.1813 -0.3 -72.05
      vertex -15.8864 -0.3 -73.375
      vertex -18.334 -0.3 -72.2784
    endloop
  endfacet
  facet normal 0 1 -0
    outer loop
      vertex -16.2316 -0.3 -73.8916
      vertex -18.334 -0.3 -72.2784
      vertex -15.8864 -0.3 -73.375
    endloop
  endfacet
  facet normal 0 1 0
    outer loop
      vertex -18.334 -0.3 -72.2784
      vertex -16.2316 -0.3 -73.8916
      vertex -18.5151 -0.3 -72.4849
    endloop
  endfacet
  facet normal 0 1 -0
    outer loop
      vertex -16.6412 -0.3 -74.3588
      vertex -18.5151 -0.3 -72.4849
      vertex -16.2316 -0.3 -73.8916
    endloop
  endfacet
  facet normal 0 1 0
    outer loop
      vertex -18.5151 -0.3 -72.4849
      vertex -16.6412 -0.3 -74.3588
      vertex -18.7216 -0.3 -72.666
    endloop
  endfacet
  facet normal 0 1 -0
    outer loop
      vertex -17.1084 -0.3 -74.7684
      vertex -18.7216 -0.3 -72.666
      vertex -16.6412 -0.3 -74.3588
    endloop
  endfacet
  facet normal 0 1 0
    outer loop
      vertex -18.7216 -0.3 -72.666
      vertex -17.1084 -0.3 -74.7684
      vertex -18.95 -0.3 -72.8186
    endloop
  endfacet
  facet normal 0 1 -0
    outer loop
      vertex -17.625 -0.3 -75.1136
      vertex -18.95 -0.3 -72.8186
      vertex -17.1084 -0.3 -74.7684
    endloop
  endfacet
  facet normal 0 1 0
    outer loop
      vertex -22.375 -0.3 -66.8864
      vertex -21.05 -0.3 -69.1814
      vertex -22.8916 -0.3 -67.2316
    endloop
  endfacet
  facet normal 0 1 -0
    outer loop
      vertex -21.2784 -0.3 -69.334
      vertex -22.8916 -0.3 -67.2316
      vertex -21.05 -0.3 -69.1814
    endloop
  endfacet
  facet normal 0 1 0
    outer loop
      vertex -22.8916 -0.3 -67.2316
      vertex -21.2784 -0.3 -69.334
      vertex -23.3588 -0.3 -67.6412
    endloop
  endfacet
  facet normal 0 1 -0
    outer loop
      vertex -21.4849 -0.3 -69.5151
      vertex -23.3588 -0.3 -67.6412
      vertex -21.2784 -0.3 -69.334
    endloop
  endfacet
  facet normal 0 1 0
    outer loop
      vertex -23.3588 -0.3 -67.6412
      vertex -21.4849 -0.3 -69.5151
      vertex -23.7684 -0.3 -68.1084
    endloop
  endfacet
  facet normal 0 1 -0
    outer loop
      vertex -21.666 -0.3 -69.7216
      vertex -23.7684 -0.3 -68.1084
      vertex -21.4849 -0.3 -69.5151
    endloop
  endfacet
  facet normal 0 1 0
    outer loop
      vertex -23.7684 -0.3 -68.1084
      vertex -21.666 -0.3 -69.7216
      vertex -24.1136 -0.3 -68.625
    endloop
  endfacet
  facet normal 0 1 -0
    outer loop
      vertex -21.8187 -0.3 -69.95
      vertex -24.1136 -0.3 -68.625
      vertex -21.666 -0.3 -69.7216
    endloop
  endfacet
  facet normal 0 1 0
    outer loop
      vertex -24.1136 -0.3 -68.625
      vertex -21.8187 -0.3 -69.95
      vertex -24.3884 -0.3 -69.1823
    endloop
  endfacet
  facet normal 0 1 -0
    outer loop
      vertex -21.9401 -0.3 -70.1964
      vertex -24.3884 -0.3 -69.1823
      vertex -21.8187 -0.3 -69.95
    endloop
  endfacet
  facet normal 0 1 0
    outer loop
      vertex -24.3884 -0.3 -69.1823
      vertex -21.9401 -0.3 -70.1964
      vertex -24.5881 -0.3 -69.7706
    endloop
  endfacet
  facet normal 0 1 -0
    outer loop
      vertex -22.0284 -0.3 -70.4565
      vertex -24.5881 -0.3 -69.7706
      vertex -21.9401 -0.3 -70.1964
    endloop
  endfacet
  facet normal 0 1 0
    outer loop
      vertex -24.5881 -0.3 -69.7706
      vertex -22.0284 -0.3 -70.4565
      vertex -24.7094 -0.3 -70.38
    endloop
  endfacet
  facet normal 0 1 -0
    outer loop
      vertex -22.082 -0.3 -70.7259
      vertex -24.7094 -0.3 -70.38
      vertex -22.0284 -0.3 -70.4565
    endloop
  endfacet
  facet normal 0 1 -0
    outer loop
      vertex -22.1 -0.3 -71
      vertex -24.7094 -0.3 -70.38
      vertex -22.082 -0.3 -70.7259
    endloop
  endfacet
  facet normal 0 1 0
    outer loop
      vertex -22.1 -0.3 -71
      vertex -24.75 -0.3 -71
      vertex -24.7094 -0.3 -70.38
    endloop
  endfacet
  facet normal 0 1 0
    outer loop
      vertex -22.082 -0.3 -71.2741
      vertex -24.75 -0.3 -71
      vertex -22.1 -0.3 -71
    endloop
  endfacet
  facet normal 0 1 0
    outer loop
      vertex -24.7094 -0.3 -71.62
      vertex -22.082 -0.3 -71.2741
      vertex -22.0284 -0.3 -71.5435
    endloop
  endfacet
  facet normal 0 1 0
    outer loop
      vertex -22.082 -0.3 -71.2741
      vertex -24.7094 -0.3 -71.62
      vertex -24.75 -0.3 -71
    endloop
  endfacet
  facet normal 0 1 0
    outer loop
      vertex -24.5881 -0.3 -72.2294
      vertex -22.0284 -0.3 -71.5435
      vertex -21.9401 -0.3 -71.8036
    endloop
  endfacet
  facet normal 0 1 0
    outer loop
      vertex -24.3884 -0.3 -72.8177
      vertex -21.9401 -0.3 -71.8036
      vertex -21.8187 -0.3 -72.05
    endloop
  endfacet
  facet normal 0 1 0
    outer loop
      vertex -22.0284 -0.3 -71.5435
      vertex -24.5881 -0.3 -72.2294
      vertex -24.7094 -0.3 -71.62
    endloop
  endfacet
  facet normal 0 1 0
    outer loop
      vertex -24.1136 -0.3 -73.375
      vertex -21.8187 -0.3 -72.05
      vertex -21.666 -0.3 -72.2784
    endloop
  endfacet
  facet normal 0 1 0
    outer loop
      vertex -23.7684 -0.3 -73.8916
      vertex -21.666 -0.3 -72.2784
      vertex -21.4849 -0.3 -72.4849
    endloop
  endfacet
  facet normal 0 1 0
    outer loop
      vertex -23.3588 -0.3 -74.3588
      vertex -21.4849 -0.3 -72.4849
      vertex -21.2784 -0.3 -72.666
    endloop
  endfacet
  facet normal 0 1 0
    outer loop
      vertex -21.9401 -0.3 -71.8036
      vertex -24.3884 -0.3 -72.8177
      vertex -24.5881 -0.3 -72.2294
    endloop
  endfacet
  facet normal 0 1 0
    outer loop
      vertex -22.8916 -0.3 -74.7684
      vertex -21.2784 -0.3 -72.666
      vertex -21.05 -0.3 -72.8186
    endloop
  endfacet
  facet normal 0 1 0
    outer loop
      vertex -22.375 -0.3 -75.1136
      vertex -21.05 -0.3 -72.8186
      vertex -20.8036 -0.3 -72.9401
    endloop
  endfacet
  facet normal 0 1 0
    outer loop
      vertex -21.8177 -0.3 -75.3884
      vertex -20.8036 -0.3 -72.9401
      vertex -20.5435 -0.3 -73.0284
    endloop
  endfacet
  facet normal 0 1 0
    outer loop
      vertex -21.2294 -0.3 -75.5882
      vertex -20.5435 -0.3 -73.0284
      vertex -20.2741 -0.3 -73.082
    endloop
  endfacet
  facet normal 0 1 0
    outer loop
      vertex -20.62 -0.3 -75.7094
      vertex -20.2741 -0.3 -73.082
      vertex -20 -0.3 -73.1
    endloop
  endfacet
  facet normal 0 1 0
    outer loop
      vertex -18.95 -0.3 -72.8186
      vertex -17.625 -0.3 -75.1136
      vertex -19.1964 -0.3 -72.9401
    endloop
  endfacet
  facet normal 0 1 0
    outer loop
      vertex -21.8187 -0.3 -72.05
      vertex -24.1136 -0.3 -73.375
      vertex -24.3884 -0.3 -72.8177
    endloop
  endfacet
  facet normal 0 1 -0
    outer loop
      vertex -18.1823 -0.3 -75.3884
      vertex -19.1964 -0.3 -72.9401
      vertex -17.625 -0.3 -75.1136
    endloop
  endfacet
  facet normal 0 1 0
    outer loop
      vertex -21.666 -0.3 -72.2784
      vertex -23.7684 -0.3 -73.8916
      vertex -24.1136 -0.3 -73.375
    endloop
  endfacet
  facet normal 0 1 0
    outer loop
      vertex -19.1964 -0.3 -72.9401
      vertex -18.1823 -0.3 -75.3884
      vertex -19.4565 -0.3 -73.0284
    endloop
  endfacet
  facet normal 0 1 0
    outer loop
      vertex -21.4849 -0.3 -72.4849
      vertex -23.3588 -0.3 -74.3588
      vertex -23.7684 -0.3 -73.8916
    endloop
  endfacet
  facet normal 0 1 -0
    outer loop
      vertex -18.7706 -0.3 -75.5882
      vertex -19.4565 -0.3 -73.0284
      vertex -18.1823 -0.3 -75.3884
    endloop
  endfacet
  facet normal 0 1 0
    outer loop
      vertex -21.2784 -0.3 -72.666
      vertex -22.8916 -0.3 -74.7684
      vertex -23.3588 -0.3 -74.3588
    endloop
  endfacet
  facet normal 0 1 0
    outer loop
      vertex -19.4565 -0.3 -73.0284
      vertex -18.7706 -0.3 -75.5882
      vertex -19.7259 -0.3 -73.082
    endloop
  endfacet
  facet normal 0 1 0
    outer loop
      vertex -21.05 -0.3 -72.8186
      vertex -22.375 -0.3 -75.1136
      vertex -22.8916 -0.3 -74.7684
    endloop
  endfacet
  facet normal 0 1 -0
    outer loop
      vertex -19.38 -0.3 -75.7094
      vertex -19.7259 -0.3 -73.082
      vertex -18.7706 -0.3 -75.5882
    endloop
  endfacet
  facet normal 0 1 0
    outer loop
      vertex -20.8036 -0.3 -72.9401
      vertex -21.8177 -0.3 -75.3884
      vertex -22.375 -0.3 -75.1136
    endloop
  endfacet
  facet normal 0 1 0
    outer loop
      vertex -19.7259 -0.3 -73.082
      vertex -19.38 -0.3 -75.7094
      vertex -20 -0.3 -73.1
    endloop
  endfacet
  facet normal 0 1 0
    outer loop
      vertex -20.5435 -0.3 -73.0284
      vertex -21.2294 -0.3 -75.5882
      vertex -21.8177 -0.3 -75.3884
    endloop
  endfacet
  facet normal 0 1 0
    outer loop
      vertex -20 -0.3 -75.75
      vertex -20 -0.3 -73.1
      vertex -19.38 -0.3 -75.7094
    endloop
  endfacet
  facet normal 0 1 0
    outer loop
      vertex -20.2741 -0.3 -73.082
      vertex -20.62 -0.3 -75.7094
      vertex -21.2294 -0.3 -75.5882
    endloop
  endfacet
  facet normal 0 1 0
    outer loop
      vertex -20 -0.3 -73.1
      vertex -20 -0.3 -75.75
      vertex -20.62 -0.3 -75.7094
    endloop
  endfacet
  facet normal -0.321582 0 0.946882
    outer loop
      vertex -21.8177 -0.3 -66.6116
      vertex -21.2294 -19.6 -66.4118
      vertex -21.2294 -0.3 -66.4118
    endloop
  endfacet
  facet normal -0.321582 0 0.946882
    outer loop
      vertex -21.2294 -19.6 -66.4118
      vertex -21.8177 -0.3 -66.6116
      vertex -21.8177 -19.6 -66.6116
    endloop
  endfacet
  facet normal -0.946931 0 -0.321438
    outer loop
      vertex -24.3884 -19.6 -72.8177
      vertex -24.5881 -0.3 -72.2294
      vertex -24.3884 -0.3 -72.8177
    endloop
  endfacet
  facet normal -0.946931 -0 -0.321438
    outer loop
      vertex -24.5881 -0.3 -72.2294
      vertex -24.3884 -19.6 -72.8177
      vertex -24.5881 -19.6 -72.2294
    endloop
  endfacet
  facet normal 0.997863 0 -0.0653439
    outer loop
      vertex -15.25 -19.6 -71
      vertex -15.2906 -0.3 -71.62
      vertex -15.25 -0.3 -71
    endloop
  endfacet
  facet normal 0.997863 0 -0.0653439
    outer loop
      vertex -15.2906 -0.3 -71.62
      vertex -15.25 -19.6 -71
      vertex -15.2906 -19.6 -71.62
    endloop
  endfacet
  facet normal -0.195064 0 0.980791
    outer loop
      vertex -21.2294 -0.3 -66.4118
      vertex -20.62 -19.6 -66.2906
      vertex -20.62 -0.3 -66.2906
    endloop
  endfacet
  facet normal -0.195064 0 0.980791
    outer loop
      vertex -20.62 -19.6 -66.2906
      vertex -21.2294 -0.3 -66.4118
      vertex -21.2294 -19.6 -66.4118
    endloop
  endfacet
  facet normal 0.555591 0 -0.831456
    outer loop
      vertex -17.625 -19.6 -75.1136
      vertex -17.1084 -0.3 -74.7684
      vertex -17.1084 -19.6 -74.7684
    endloop
  endfacet
  facet normal 0.555591 0 -0.831456
    outer loop
      vertex -17.1084 -0.3 -74.7684
      vertex -17.625 -19.6 -75.1136
      vertex -17.625 -0.3 -75.1136
    endloop
  endfacet
  facet normal -0.751938 0 -0.659234
    outer loop
      vertex -23.3588 -19.6 -74.3588
      vertex -23.7684 -0.3 -73.8916
      vertex -23.3588 -0.3 -74.3588
    endloop
  endfacet
  facet normal -0.751938 -0 -0.659234
    outer loop
      vertex -23.7684 -0.3 -73.8916
      vertex -23.3588 -19.6 -74.3588
      vertex -23.7684 -19.6 -73.8916
    endloop
  endfacet
  facet normal -0.555591 0 -0.831456
    outer loop
      vertex -22.8916 -19.6 -74.7684
      vertex -22.375 -0.3 -75.1136
      vertex -22.375 -19.6 -75.1136
    endloop
  endfacet
  facet normal -0.555591 0 -0.831456
    outer loop
      vertex -22.375 -0.3 -75.1136
      vertex -22.8916 -19.6 -74.7684
      vertex -22.8916 -0.3 -74.7684
    endloop
  endfacet
  facet normal -0.896892 0 0.44225
    outer loop
      vertex -24.3884 -19.6 -69.1823
      vertex -24.1136 -0.3 -68.625
      vertex -24.3884 -0.3 -69.1823
    endloop
  endfacet
  facet normal -0.896892 0 0.44225
    outer loop
      vertex -24.1136 -0.3 -68.625
      vertex -24.3884 -19.6 -69.1823
      vertex -24.1136 -19.6 -68.625
    endloop
  endfacet
  facet normal -0.751938 0 0.659234
    outer loop
      vertex -23.7684 -19.6 -68.1084
      vertex -23.3588 -0.3 -67.6412
      vertex -23.7684 -0.3 -68.1084
    endloop
  endfacet
  facet normal -0.751938 0 0.659234
    outer loop
      vertex -23.3588 -0.3 -67.6412
      vertex -23.7684 -19.6 -68.1084
      vertex -23.3588 -19.6 -67.6412
    endloop
  endfacet
  facet normal -0.831456 0 0.555591
    outer loop
      vertex -24.1136 -19.6 -68.625
      vertex -23.7684 -0.3 -68.1084
      vertex -24.1136 -0.3 -68.625
    endloop
  endfacet
  facet normal -0.831456 0 0.555591
    outer loop
      vertex -23.7684 -0.3 -68.1084
      vertex -24.1136 -19.6 -68.625
      vertex -23.7684 -19.6 -68.1084
    endloop
  endfacet
  facet normal 0.0655283 0 -0.997851
    outer loop
      vertex -20.2741 -14.3 -68.918
      vertex -20 -0.3 -68.9
      vertex -20 -14.3 -68.9
    endloop
  endfacet
  facet normal 0.0655283 0 -0.997851
    outer loop
      vertex -20 -0.3 -68.9
      vertex -20.2741 -14.3 -68.918
      vertex -20.2741 -0.3 -68.918
    endloop
  endfacet
  facet normal -0.751832 0 0.659355
    outer loop
      vertex -18.5151 -14.3 -72.4849
      vertex -18.334 -0.3 -72.2784
      vertex -18.5151 -0.3 -72.4849
    endloop
  endfacet
  facet normal -0.751832 0 0.659355
    outer loop
      vertex -18.334 -0.3 -72.2784
      vertex -18.5151 -14.3 -72.4849
      vertex -18.334 -14.3 -72.2784
    endloop
  endfacet
  facet normal -0.980776 0 -0.195136
    outer loop
      vertex -17.918 -14.3 -70.7259
      vertex -17.9716 -0.3 -70.4565
      vertex -17.918 -0.3 -70.7259
    endloop
  endfacet
  facet normal -0.980776 -0 -0.195136
    outer loop
      vertex -17.9716 -0.3 -70.4565
      vertex -17.918 -14.3 -70.7259
      vertex -17.9716 -14.3 -70.4565
    endloop
  endfacet
  facet normal -0.997851 0 -0.0655283
    outer loop
      vertex -17.9 -14.3 -71
      vertex -17.918 -0.3 -70.7259
      vertex -17.9 -0.3 -71
    endloop
  endfacet
  facet normal -0.997851 -0 -0.0655283
    outer loop
      vertex -17.918 -0.3 -70.7259
      vertex -17.9 -14.3 -71
      vertex -17.918 -14.3 -70.7259
    endloop
  endfacet
  facet normal -0.946921 0 -0.321465
    outer loop
      vertex -17.9716 -14.3 -70.4565
      vertex -18.0599 -0.3 -70.1964
      vertex -17.9716 -0.3 -70.4565
    endloop
  endfacet
  facet normal -0.946921 -0 -0.321465
    outer loop
      vertex -18.0599 -0.3 -70.1964
      vertex -17.9716 -14.3 -70.4565
      vertex -18.0599 -14.3 -70.1964
    endloop
  endfacet
  facet normal 0.0655283 0 0.997851
    outer loop
      vertex -20.2741 -0.3 -73.082
      vertex -20 -14.3 -73.1
      vertex -20 -0.3 -73.1
    endloop
  endfacet
  facet normal 0.0655283 0 0.997851
    outer loop
      vertex -20 -14.3 -73.1
      vertex -20.2741 -0.3 -73.082
      vertex -20.2741 -14.3 -73.082
    endloop
  endfacet
  facet normal -0.195136 0 -0.980776
    outer loop
      vertex -19.7259 -14.3 -68.918
      vertex -19.4565 -0.3 -68.9716
      vertex -19.4565 -14.3 -68.9716
    endloop
  endfacet
  facet normal -0.195136 0 -0.980776
    outer loop
      vertex -19.4565 -0.3 -68.9716
      vertex -19.7259 -14.3 -68.918
      vertex -19.7259 -0.3 -68.918
    endloop
  endfacet
  facet normal 0.980776 0 -0.195136
    outer loop
      vertex -22.0284 -14.3 -70.4565
      vertex -22.082 -0.3 -70.7259
      vertex -22.0284 -0.3 -70.4565
    endloop
  endfacet
  facet normal 0.980776 0 -0.195136
    outer loop
      vertex -22.082 -0.3 -70.7259
      vertex -22.0284 -14.3 -70.4565
      vertex -22.082 -14.3 -70.7259
    endloop
  endfacet
  facet normal 0.946921 -0 0.321465
    outer loop
      vertex -22.0284 -14.3 -71.5435
      vertex -21.9401 -0.3 -71.8036
      vertex -22.0284 -0.3 -71.5435
    endloop
  endfacet
  facet normal 0.946921 0 0.321465
    outer loop
      vertex -21.9401 -0.3 -71.8036
      vertex -22.0284 -14.3 -71.5435
      vertex -21.9401 -14.3 -71.8036
    endloop
  endfacet
  facet normal 0.659355 0 0.751832
    outer loop
      vertex -21.4849 -0.3 -72.4849
      vertex -21.2784 -14.3 -72.666
      vertex -21.2784 -0.3 -72.666
    endloop
  endfacet
  facet normal 0.659355 0 0.751832
    outer loop
      vertex -21.2784 -14.3 -72.666
      vertex -21.4849 -0.3 -72.4849
      vertex -21.4849 -14.3 -72.4849
    endloop
  endfacet
  facet normal -0.55554 0 0.83149
    outer loop
      vertex -18.95 -0.3 -72.8186
      vertex -18.7216 -14.3 -72.666
      vertex -18.7216 -0.3 -72.666
    endloop
  endfacet
  facet normal -0.55554 0 0.83149
    outer loop
      vertex -18.7216 -14.3 -72.666
      vertex -18.95 -0.3 -72.8186
      vertex -18.95 -14.3 -72.8186
    endloop
  endfacet
  facet normal -0.980776 0 0.195136
    outer loop
      vertex -17.9716 -14.3 -71.5435
      vertex -17.918 -0.3 -71.2741
      vertex -17.9716 -0.3 -71.5435
    endloop
  endfacet
  facet normal -0.980776 0 0.195136
    outer loop
      vertex -17.918 -0.3 -71.2741
      vertex -17.9716 -14.3 -71.5435
      vertex -17.918 -14.3 -71.2741
    endloop
  endfacet
  facet normal -0.897033 0 0.441964
    outer loop
      vertex -18.1813 -14.3 -72.05
      vertex -18.0599 -0.3 -71.8036
      vertex -18.1813 -0.3 -72.05
    endloop
  endfacet
  facet normal -0.897033 0 0.441964
    outer loop
      vertex -18.0599 -0.3 -71.8036
      vertex -18.1813 -14.3 -72.05
      vertex -18.0599 -14.3 -71.8036
    endloop
  endfacet
  facet normal -0.442256 0 -0.896889
    outer loop
      vertex -19.1964 -14.3 -69.0599
      vertex -18.95 -0.3 -69.1814
      vertex -18.95 -14.3 -69.1814
    endloop
  endfacet
  facet normal -0.442256 0 -0.896889
    outer loop
      vertex -18.95 -0.3 -69.1814
      vertex -19.1964 -14.3 -69.0599
      vertex -19.1964 -0.3 -69.0599
    endloop
  endfacet
  facet normal -0.897033 0 -0.441964
    outer loop
      vertex -18.0599 -14.3 -70.1964
      vertex -18.1813 -0.3 -69.95
      vertex -18.0599 -0.3 -70.1964
    endloop
  endfacet
  facet normal -0.897033 -0 -0.441964
    outer loop
      vertex -18.1813 -0.3 -69.95
      vertex -18.0599 -14.3 -70.1964
      vertex -18.1813 -14.3 -69.95
    endloop
  endfacet
  facet normal -0.831322 0 0.555792
    outer loop
      vertex -18.334 -14.3 -72.2784
      vertex -18.1813 -0.3 -72.05
      vertex -18.334 -0.3 -72.2784
    endloop
  endfacet
  facet normal -0.831322 0 0.555792
    outer loop
      vertex -18.1813 -0.3 -72.05
      vertex -18.334 -14.3 -72.2784
      vertex -18.1813 -14.3 -72.05
    endloop
  endfacet
  facet normal -0.442256 0 0.896889
    outer loop
      vertex -19.1964 -0.3 -72.9401
      vertex -18.95 -14.3 -72.8186
      vertex -18.95 -0.3 -72.8186
    endloop
  endfacet
  facet normal -0.442256 0 0.896889
    outer loop
      vertex -18.95 -14.3 -72.8186
      vertex -19.1964 -0.3 -72.9401
      vertex -19.1964 -14.3 -72.9401
    endloop
  endfacet
  facet normal 0.831322 0 -0.555792
    outer loop
      vertex -21.666 -14.3 -69.7216
      vertex -21.8187 -0.3 -69.95
      vertex -21.666 -0.3 -69.7216
    endloop
  endfacet
  facet normal 0.831322 0 -0.555792
    outer loop
      vertex -21.8187 -0.3 -69.95
      vertex -21.666 -14.3 -69.7216
      vertex -21.8187 -14.3 -69.95
    endloop
  endfacet
  facet normal 0.55554 0 -0.83149
    outer loop
      vertex -21.2784 -14.3 -69.334
      vertex -21.05 -0.3 -69.1814
      vertex -21.05 -14.3 -69.1814
    endloop
  endfacet
  facet normal 0.55554 0 -0.83149
    outer loop
      vertex -21.05 -0.3 -69.1814
      vertex -21.2784 -14.3 -69.334
      vertex -21.2784 -0.3 -69.334
    endloop
  endfacet
  facet normal 0 1 0
    outer loop
      vertex -19.7259 -14.3 -68.918
      vertex -20.2741 -14.3 -68.918
      vertex -20 -14.3 -68.9
    endloop
  endfacet
  facet normal 0 1 0
    outer loop
      vertex -19.4565 -14.3 -68.9716
      vertex -20.2741 -14.3 -68.918
      vertex -19.7259 -14.3 -68.918
    endloop
  endfacet
  facet normal 0 1 0
    outer loop
      vertex -19.4565 -14.3 -68.9716
      vertex -20.5435 -14.3 -68.9716
      vertex -20.2741 -14.3 -68.918
    endloop
  endfacet
  facet normal 0 1 0
    outer loop
      vertex -19.1964 -14.3 -69.0599
      vertex -20.5435 -14.3 -68.9716
      vertex -19.4565 -14.3 -68.9716
    endloop
  endfacet
  facet normal 0 1 0
    outer loop
      vertex -19.1964 -14.3 -69.0599
      vertex -20.8036 -14.3 -69.0599
      vertex -20.5435 -14.3 -68.9716
    endloop
  endfacet
  facet normal 0 1 0
    outer loop
      vertex -18.95 -14.3 -69.1814
      vertex -20.8036 -14.3 -69.0599
      vertex -19.1964 -14.3 -69.0599
    endloop
  endfacet
  facet normal 0 1 0
    outer loop
      vertex -18.95 -14.3 -69.1814
      vertex -21.05 -14.3 -69.1814
      vertex -20.8036 -14.3 -69.0599
    endloop
  endfacet
  facet normal 0 1 0
    outer loop
      vertex -18.7216 -14.3 -69.334
      vertex -21.05 -14.3 -69.1814
      vertex -18.95 -14.3 -69.1814
    endloop
  endfacet
  facet normal 0 1 0
    outer loop
      vertex -18.7216 -14.3 -69.334
      vertex -21.2784 -14.3 -69.334
      vertex -21.05 -14.3 -69.1814
    endloop
  endfacet
  facet normal 0 1 0
    outer loop
      vertex -18.5151 -14.3 -69.5151
      vertex -21.2784 -14.3 -69.334
      vertex -18.7216 -14.3 -69.334
    endloop
  endfacet
  facet normal 0 1 0
    outer loop
      vertex -18.5151 -14.3 -69.5151
      vertex -21.4849 -14.3 -69.5151
      vertex -21.2784 -14.3 -69.334
    endloop
  endfacet
  facet normal 0 1 0
    outer loop
      vertex -18.334 -14.3 -69.7216
      vertex -21.4849 -14.3 -69.5151
      vertex -18.5151 -14.3 -69.5151
    endloop
  endfacet
  facet normal 0 1 0
    outer loop
      vertex -18.334 -14.3 -69.7216
      vertex -21.666 -14.3 -69.7216
      vertex -21.4849 -14.3 -69.5151
    endloop
  endfacet
  facet normal 0 1 0
    outer loop
      vertex -18.1813 -14.3 -69.95
      vertex -21.666 -14.3 -69.7216
      vertex -18.334 -14.3 -69.7216
    endloop
  endfacet
  facet normal 0 1 0
    outer loop
      vertex -18.1813 -14.3 -69.95
      vertex -21.8187 -14.3 -69.95
      vertex -21.666 -14.3 -69.7216
    endloop
  endfacet
  facet normal 0 1 0
    outer loop
      vertex -18.0599 -14.3 -70.1964
      vertex -21.8187 -14.3 -69.95
      vertex -18.1813 -14.3 -69.95
    endloop
  endfacet
  facet normal 0 1 0
    outer loop
      vertex -18.0599 -14.3 -70.1964
      vertex -21.9401 -14.3 -70.1964
      vertex -21.8187 -14.3 -69.95
    endloop
  endfacet
  facet normal 0 1 0
    outer loop
      vertex -17.9716 -14.3 -70.4565
      vertex -21.9401 -14.3 -70.1964
      vertex -18.0599 -14.3 -70.1964
    endloop
  endfacet
  facet normal 0 1 0
    outer loop
      vertex -17.9716 -14.3 -70.4565
      vertex -22.0284 -14.3 -70.4565
      vertex -21.9401 -14.3 -70.1964
    endloop
  endfacet
  facet normal 0 1 0
    outer loop
      vertex -17.918 -14.3 -70.7259
      vertex -22.0284 -14.3 -70.4565
      vertex -17.9716 -14.3 -70.4565
    endloop
  endfacet
  facet normal 0 1 0
    outer loop
      vertex -17.918 -14.3 -70.7259
      vertex -22.082 -14.3 -70.7259
      vertex -22.0284 -14.3 -70.4565
    endloop
  endfacet
  facet normal 0 1 0
    outer loop
      vertex -17.9 -14.3 -71
      vertex -22.082 -14.3 -70.7259
      vertex -17.918 -14.3 -70.7259
    endloop
  endfacet
  facet normal 0 1 0
    outer loop
      vertex -17.9 -14.3 -71
      vertex -22.1 -14.3 -71
      vertex -22.082 -14.3 -70.7259
    endloop
  endfacet
  facet normal 0 1 -0
    outer loop
      vertex -17.918 -14.3 -71.2741
      vertex -22.1 -14.3 -71
      vertex -17.9 -14.3 -71
    endloop
  endfacet
  facet normal 0 1 0
    outer loop
      vertex -17.918 -14.3 -71.2741
      vertex -22.082 -14.3 -71.2741
      vertex -22.1 -14.3 -71
    endloop
  endfacet
  facet normal 0 1 -0
    outer loop
      vertex -17.9716 -14.3 -71.5435
      vertex -22.082 -14.3 -71.2741
      vertex -17.918 -14.3 -71.2741
    endloop
  endfacet
  facet normal 0 1 0
    outer loop
      vertex -17.9716 -14.3 -71.5435
      vertex -22.0284 -14.3 -71.5435
      vertex -22.082 -14.3 -71.2741
    endloop
  endfacet
  facet normal 0 1 -0
    outer loop
      vertex -18.0599 -14.3 -71.8036
      vertex -22.0284 -14.3 -71.5435
      vertex -17.9716 -14.3 -71.5435
    endloop
  endfacet
  facet normal 0 1 0
    outer loop
      vertex -18.0599 -14.3 -71.8036
      vertex -21.9401 -14.3 -71.8036
      vertex -22.0284 -14.3 -71.5435
    endloop
  endfacet
  facet normal 0 1 -0
    outer loop
      vertex -18.1813 -14.3 -72.05
      vertex -21.9401 -14.3 -71.8036
      vertex -18.0599 -14.3 -71.8036
    endloop
  endfacet
  facet normal 0 1 0
    outer loop
      vertex -18.1813 -14.3 -72.05
      vertex -21.8187 -14.3 -72.05
      vertex -21.9401 -14.3 -71.8036
    endloop
  endfacet
  facet normal 0 1 -0
    outer loop
      vertex -18.334 -14.3 -72.2784
      vertex -21.8187 -14.3 -72.05
      vertex -18.1813 -14.3 -72.05
    endloop
  endfacet
  facet normal 0 1 0
    outer loop
      vertex -18.334 -14.3 -72.2784
      vertex -21.666 -14.3 -72.2784
      vertex -21.8187 -14.3 -72.05
    endloop
  endfacet
  facet normal 0 1 -0
    outer loop
      vertex -18.5151 -14.3 -72.4849
      vertex -21.666 -14.3 -72.2784
      vertex -18.334 -14.3 -72.2784
    endloop
  endfacet
  facet normal 0 1 0
    outer loop
      vertex -18.5151 -14.3 -72.4849
      vertex -21.4849 -14.3 -72.4849
      vertex -21.666 -14.3 -72.2784
    endloop
  endfacet
  facet normal 0 1 -0
    outer loop
      vertex -18.7216 -14.3 -72.666
      vertex -21.4849 -14.3 -72.4849
      vertex -18.5151 -14.3 -72.4849
    endloop
  endfacet
  facet normal 0 1 0
    outer loop
      vertex -18.7216 -14.3 -72.666
      vertex -21.2784 -14.3 -72.666
      vertex -21.4849 -14.3 -72.4849
    endloop
  endfacet
  facet normal 0 1 -0
    outer loop
      vertex -18.95 -14.3 -72.8186
      vertex -21.2784 -14.3 -72.666
      vertex -18.7216 -14.3 -72.666
    endloop
  endfacet
  facet normal 0 1 0
    outer loop
      vertex -18.95 -14.3 -72.8186
      vertex -21.05 -14.3 -72.8186
      vertex -21.2784 -14.3 -72.666
    endloop
  endfacet
  facet normal 0 1 -0
    outer loop
      vertex -19.1964 -14.3 -72.9401
      vertex -21.05 -14.3 -72.8186
      vertex -18.95 -14.3 -72.8186
    endloop
  endfacet
  facet normal 0 1 0
    outer loop
      vertex -19.1964 -14.3 -72.9401
      vertex -20.8036 -14.3 -72.9401
      vertex -21.05 -14.3 -72.8186
    endloop
  endfacet
  facet normal 0 1 -0
    outer loop
      vertex -19.4565 -14.3 -73.0284
      vertex -20.8036 -14.3 -72.9401
      vertex -19.1964 -14.3 -72.9401
    endloop
  endfacet
  facet normal 0 1 0
    outer loop
      vertex -19.4565 -14.3 -73.0284
      vertex -20.5435 -14.3 -73.0284
      vertex -20.8036 -14.3 -72.9401
    endloop
  endfacet
  facet normal 0 1 -0
    outer loop
      vertex -19.7259 -14.3 -73.082
      vertex -20.5435 -14.3 -73.0284
      vertex -19.4565 -14.3 -73.0284
    endloop
  endfacet
  facet normal 0 1 0
    outer loop
      vertex -19.7259 -14.3 -73.082
      vertex -20.2741 -14.3 -73.082
      vertex -20.5435 -14.3 -73.0284
    endloop
  endfacet
  facet normal -0 1 0
    outer loop
      vertex -20.2741 -14.3 -73.082
      vertex -19.7259 -14.3 -73.082
      vertex -20 -14.3 -73.1
    endloop
  endfacet
  facet normal 0.321465 0 -0.946921
    outer loop
      vertex -20.8036 -14.3 -69.0599
      vertex -20.5435 -0.3 -68.9716
      vertex -20.5435 -14.3 -68.9716
    endloop
  endfacet
  facet normal 0.321465 0 -0.946921
    outer loop
      vertex -20.5435 -0.3 -68.9716
      vertex -20.8036 -14.3 -69.0599
      vertex -20.8036 -0.3 -69.0599
    endloop
  endfacet
  facet normal -0.997851 0 0.0655283
    outer loop
      vertex -17.918 -14.3 -71.2741
      vertex -17.9 -0.3 -71
      vertex -17.918 -0.3 -71.2741
    endloop
  endfacet
  facet normal -0.997851 0 0.0655283
    outer loop
      vertex -17.9 -0.3 -71
      vertex -17.918 -14.3 -71.2741
      vertex -17.9 -14.3 -71
    endloop
  endfacet
  facet normal -0.831322 0 -0.555792
    outer loop
      vertex -18.1813 -14.3 -69.95
      vertex -18.334 -0.3 -69.7216
      vertex -18.1813 -0.3 -69.95
    endloop
  endfacet
  facet normal -0.831322 -0 -0.555792
    outer loop
      vertex -18.334 -0.3 -69.7216
      vertex -18.1813 -14.3 -69.95
      vertex -18.334 -14.3 -69.7216
    endloop
  endfacet
  facet normal -0.659355 0 0.751832
    outer loop
      vertex -18.7216 -0.3 -72.666
      vertex -18.5151 -14.3 -72.4849
      vertex -18.5151 -0.3 -72.4849
    endloop
  endfacet
  facet normal -0.659355 0 0.751832
    outer loop
      vertex -18.5151 -14.3 -72.4849
      vertex -18.7216 -0.3 -72.666
      vertex -18.7216 -14.3 -72.666
    endloop
  endfacet
  facet normal -0.195136 0 0.980776
    outer loop
      vertex -19.7259 -0.3 -73.082
      vertex -19.4565 -14.3 -73.0284
      vertex -19.4565 -0.3 -73.0284
    endloop
  endfacet
  facet normal -0.195136 0 0.980776
    outer loop
      vertex -19.4565 -14.3 -73.0284
      vertex -19.7259 -0.3 -73.082
      vertex -19.7259 -14.3 -73.082
    endloop
  endfacet
  facet normal 0.195136 0 -0.980776
    outer loop
      vertex -20.5435 -14.3 -68.9716
      vertex -20.2741 -0.3 -68.918
      vertex -20.2741 -14.3 -68.918
    endloop
  endfacet
  facet normal 0.195136 0 -0.980776
    outer loop
      vertex -20.2741 -0.3 -68.918
      vertex -20.5435 -14.3 -68.9716
      vertex -20.5435 -0.3 -68.9716
    endloop
  endfacet
  facet normal 0.751832 0 -0.659355
    outer loop
      vertex -21.4849 -14.3 -69.5151
      vertex -21.666 -0.3 -69.7216
      vertex -21.4849 -0.3 -69.5151
    endloop
  endfacet
  facet normal 0.751832 0 -0.659355
    outer loop
      vertex -21.666 -0.3 -69.7216
      vertex -21.4849 -14.3 -69.5151
      vertex -21.666 -14.3 -69.7216
    endloop
  endfacet
  facet normal -0.55554 0 -0.83149
    outer loop
      vertex -18.95 -14.3 -69.1814
      vertex -18.7216 -0.3 -69.334
      vertex -18.7216 -14.3 -69.334
    endloop
  endfacet
  facet normal -0.55554 0 -0.83149
    outer loop
      vertex -18.7216 -0.3 -69.334
      vertex -18.95 -14.3 -69.1814
      vertex -18.95 -0.3 -69.1814
    endloop
  endfacet
  facet normal -0.0655283 0 -0.997851
    outer loop
      vertex -20 -14.3 -68.9
      vertex -19.7259 -0.3 -68.918
      vertex -19.7259 -14.3 -68.918
    endloop
  endfacet
  facet normal -0.0655283 0 -0.997851
    outer loop
      vertex -19.7259 -0.3 -68.918
      vertex -20 -14.3 -68.9
      vertex -20 -0.3 -68.9
    endloop
  endfacet
  facet normal 0.442256 0 -0.896889
    outer loop
      vertex -21.05 -14.3 -69.1814
      vertex -20.8036 -0.3 -69.0599
      vertex -20.8036 -14.3 -69.0599
    endloop
  endfacet
  facet normal 0.442256 0 -0.896889
    outer loop
      vertex -20.8036 -0.3 -69.0599
      vertex -21.05 -14.3 -69.1814
      vertex -21.05 -0.3 -69.1814
    endloop
  endfacet
  facet normal -0.321465 0 0.946921
    outer loop
      vertex -19.4565 -0.3 -73.0284
      vertex -19.1964 -14.3 -72.9401
      vertex -19.1964 -0.3 -72.9401
    endloop
  endfacet
  facet normal -0.321465 0 0.946921
    outer loop
      vertex -19.1964 -14.3 -72.9401
      vertex -19.4565 -0.3 -73.0284
      vertex -19.4565 -14.3 -73.0284
    endloop
  endfacet
  facet normal 0.321465 0 0.946921
    outer loop
      vertex -20.8036 -0.3 -72.9401
      vertex -20.5435 -14.3 -73.0284
      vertex -20.5435 -0.3 -73.0284
    endloop
  endfacet
  facet normal 0.321465 0 0.946921
    outer loop
      vertex -20.5435 -14.3 -73.0284
      vertex -20.8036 -0.3 -72.9401
      vertex -20.8036 -14.3 -72.9401
    endloop
  endfacet
  facet normal -0.751832 0 -0.659355
    outer loop
      vertex -18.334 -14.3 -69.7216
      vertex -18.5151 -0.3 -69.5151
      vertex -18.334 -0.3 -69.7216
    endloop
  endfacet
  facet normal -0.751832 -0 -0.659355
    outer loop
      vertex -18.5151 -0.3 -69.5151
      vertex -18.334 -14.3 -69.7216
      vertex -18.5151 -14.3 -69.5151
    endloop
  endfacet
  facet normal 0.946921 0 -0.321465
    outer loop
      vertex -21.9401 -14.3 -70.1964
      vertex -22.0284 -0.3 -70.4565
      vertex -21.9401 -0.3 -70.1964
    endloop
  endfacet
  facet normal 0.946921 0 -0.321465
    outer loop
      vertex -22.0284 -0.3 -70.4565
      vertex -21.9401 -14.3 -70.1964
      vertex -22.0284 -14.3 -70.4565
    endloop
  endfacet
  facet normal 0.751832 -0 0.659355
    outer loop
      vertex -21.666 -14.3 -72.2784
      vertex -21.4849 -0.3 -72.4849
      vertex -21.666 -0.3 -72.2784
    endloop
  endfacet
  facet normal 0.751832 0 0.659355
    outer loop
      vertex -21.4849 -0.3 -72.4849
      vertex -21.666 -14.3 -72.2784
      vertex -21.4849 -14.3 -72.4849
    endloop
  endfacet
  facet normal -0.321465 0 -0.946921
    outer loop
      vertex -19.4565 -14.3 -68.9716
      vertex -19.1964 -0.3 -69.0599
      vertex -19.1964 -14.3 -69.0599
    endloop
  endfacet
  facet normal -0.321465 0 -0.946921
    outer loop
      vertex -19.1964 -0.3 -69.0599
      vertex -19.4565 -14.3 -68.9716
      vertex -19.4565 -0.3 -68.9716
    endloop
  endfacet
  facet normal -0.946921 0 0.321465
    outer loop
      vertex -18.0599 -14.3 -71.8036
      vertex -17.9716 -0.3 -71.5435
      vertex -18.0599 -0.3 -71.8036
    endloop
  endfacet
  facet normal -0.946921 0 0.321465
    outer loop
      vertex -17.9716 -0.3 -71.5435
      vertex -18.0599 -14.3 -71.8036
      vertex -17.9716 -14.3 -71.5435
    endloop
  endfacet
  facet normal 0.980776 -0 0.195136
    outer loop
      vertex -22.082 -14.3 -71.2741
      vertex -22.0284 -0.3 -71.5435
      vertex -22.082 -0.3 -71.2741
    endloop
  endfacet
  facet normal 0.980776 0 0.195136
    outer loop
      vertex -22.0284 -0.3 -71.5435
      vertex -22.082 -14.3 -71.2741
      vertex -22.0284 -14.3 -71.5435
    endloop
  endfacet
  facet normal 0.659355 0 -0.751832
    outer loop
      vertex -21.4849 -14.3 -69.5151
      vertex -21.2784 -0.3 -69.334
      vertex -21.2784 -14.3 -69.334
    endloop
  endfacet
  facet normal 0.659355 0 -0.751832
    outer loop
      vertex -21.2784 -0.3 -69.334
      vertex -21.4849 -14.3 -69.5151
      vertex -21.4849 -0.3 -69.5151
    endloop
  endfacet
  facet normal 0.442256 0 0.896889
    outer loop
      vertex -21.05 -0.3 -72.8186
      vertex -20.8036 -14.3 -72.9401
      vertex -20.8036 -0.3 -72.9401
    endloop
  endfacet
  facet normal 0.442256 0 0.896889
    outer loop
      vertex -20.8036 -14.3 -72.9401
      vertex -21.05 -0.3 -72.8186
      vertex -21.05 -14.3 -72.8186
    endloop
  endfacet
  facet normal 0.897033 -0 0.441964
    outer loop
      vertex -21.9401 -14.3 -71.8036
      vertex -21.8187 -0.3 -72.05
      vertex -21.9401 -0.3 -71.8036
    endloop
  endfacet
  facet normal 0.897033 0 0.441964
    outer loop
      vertex -21.8187 -0.3 -72.05
      vertex -21.9401 -14.3 -71.8036
      vertex -21.8187 -14.3 -72.05
    endloop
  endfacet
  facet normal -0.0655283 0 0.997851
    outer loop
      vertex -20 -0.3 -73.1
      vertex -19.7259 -14.3 -73.082
      vertex -19.7259 -0.3 -73.082
    endloop
  endfacet
  facet normal -0.0655283 0 0.997851
    outer loop
      vertex -19.7259 -14.3 -73.082
      vertex -20 -0.3 -73.1
      vertex -20 -14.3 -73.1
    endloop
  endfacet
  facet normal 0.897033 0 -0.441964
    outer loop
      vertex -21.8187 -14.3 -69.95
      vertex -21.9401 -0.3 -70.1964
      vertex -21.8187 -0.3 -69.95
    endloop
  endfacet
  facet normal 0.897033 0 -0.441964
    outer loop
      vertex -21.9401 -0.3 -70.1964
      vertex -21.8187 -14.3 -69.95
      vertex -21.9401 -14.3 -70.1964
    endloop
  endfacet
  facet normal 0.997851 0 -0.0655283
    outer loop
      vertex -22.082 -14.3 -70.7259
      vertex -22.1 -0.3 -71
      vertex -22.082 -0.3 -70.7259
    endloop
  endfacet
  facet normal 0.997851 0 -0.0655283
    outer loop
      vertex -22.1 -0.3 -71
      vertex -22.082 -14.3 -70.7259
      vertex -22.1 -14.3 -71
    endloop
  endfacet
  facet normal -0.659355 0 -0.751832
    outer loop
      vertex -18.7216 -14.3 -69.334
      vertex -18.5151 -0.3 -69.5151
      vertex -18.5151 -14.3 -69.5151
    endloop
  endfacet
  facet normal -0.659355 0 -0.751832
    outer loop
      vertex -18.5151 -0.3 -69.5151
      vertex -18.7216 -14.3 -69.334
      vertex -18.7216 -0.3 -69.334
    endloop
  endfacet
  facet normal 0.831322 -0 0.555792
    outer loop
      vertex -21.8187 -14.3 -72.05
      vertex -21.666 -0.3 -72.2784
      vertex -21.8187 -0.3 -72.05
    endloop
  endfacet
  facet normal 0.831322 0 0.555792
    outer loop
      vertex -21.666 -0.3 -72.2784
      vertex -21.8187 -14.3 -72.05
      vertex -21.666 -14.3 -72.2784
    endloop
  endfacet
  facet normal 0.997851 -0 0.0655283
    outer loop
      vertex -22.1 -14.3 -71
      vertex -22.082 -0.3 -71.2741
      vertex -22.1 -0.3 -71
    endloop
  endfacet
  facet normal 0.997851 0 0.0655283
    outer loop
      vertex -22.082 -0.3 -71.2741
      vertex -22.1 -14.3 -71
      vertex -22.082 -14.3 -71.2741
    endloop
  endfacet
  facet normal 0.55554 0 0.83149
    outer loop
      vertex -21.2784 -0.3 -72.666
      vertex -21.05 -14.3 -72.8186
      vertex -21.05 -0.3 -72.8186
    endloop
  endfacet
  facet normal 0.55554 0 0.83149
    outer loop
      vertex -21.05 -14.3 -72.8186
      vertex -21.2784 -0.3 -72.666
      vertex -21.2784 -14.3 -72.666
    endloop
  endfacet
  facet normal 0.195136 0 0.980776
    outer loop
      vertex -20.5435 -0.3 -73.0284
      vertex -20.2741 -14.3 -73.082
      vertex -20.2741 -0.3 -73.082
    endloop
  endfacet
  facet normal 0.195136 0 0.980776
    outer loop
      vertex -20.2741 -14.3 -73.082
      vertex -20.5435 -0.3 -73.0284
      vertex -20.5435 -14.3 -73.0284
    endloop
  endfacet
  facet normal 0.0653439 0 -0.997863
    outer loop
      vertex 20 -19.6 -75.75
      vertex 20.62 -0.3 -75.7094
      vertex 20.62 -19.6 -75.7094
    endloop
  endfacet
  facet normal 0.0653439 0 -0.997863
    outer loop
      vertex 20.62 -0.3 -75.7094
      vertex 20 -19.6 -75.75
      vertex 20 -0.3 -75.75
    endloop
  endfacet
  facet normal 0.98076 -0 0.195219
    outer loop
      vertex 24.5881 -19.6 -69.7706
      vertex 24.7094 -0.3 -70.38
      vertex 24.5881 -0.3 -69.7706
    endloop
  endfacet
  facet normal 0.98076 0 0.195219
    outer loop
      vertex 24.7094 -0.3 -70.38
      vertex 24.5881 -19.6 -69.7706
      vertex 24.7094 -19.6 -70.38
    endloop
  endfacet
  facet normal 0.997863 -0 0.0653439
    outer loop
      vertex 24.7094 -19.6 -70.38
      vertex 24.75 -0.3 -71
      vertex 24.7094 -0.3 -70.38
    endloop
  endfacet
  facet normal 0.997863 0 0.0653439
    outer loop
      vertex 24.75 -0.3 -71
      vertex 24.7094 -19.6 -70.38
      vertex 24.75 -19.6 -71
    endloop
  endfacet
  facet normal 0.659234 0 0.751938
    outer loop
      vertex 22.8916 -0.3 -67.2316
      vertex 23.3588 -19.6 -67.6412
      vertex 23.3588 -0.3 -67.6412
    endloop
  endfacet
  facet normal 0.659234 0 0.751938
    outer loop
      vertex 23.3588 -19.6 -67.6412
      vertex 22.8916 -0.3 -67.2316
      vertex 22.8916 -19.6 -67.2316
    endloop
  endfacet
  facet normal 0.896892 0 -0.44225
    outer loop
      vertex 24.3884 -19.6 -72.8177
      vertex 24.1136 -0.3 -73.375
      vertex 24.3884 -0.3 -72.8177
    endloop
  endfacet
  facet normal 0.896892 0 -0.44225
    outer loop
      vertex 24.1136 -0.3 -73.375
      vertex 24.3884 -19.6 -72.8177
      vertex 24.1136 -19.6 -73.375
    endloop
  endfacet
  facet normal -0.44225 0 -0.896892
    outer loop
      vertex 17.625 -19.6 -75.1136
      vertex 18.1823 -0.3 -75.3884
      vertex 18.1823 -19.6 -75.3884
    endloop
  endfacet
  facet normal -0.44225 0 -0.896892
    outer loop
      vertex 18.1823 -0.3 -75.3884
      vertex 17.625 -19.6 -75.1136
      vertex 17.625 -0.3 -75.1136
    endloop
  endfacet
  facet normal -0.0653439 0 -0.997863
    outer loop
      vertex 19.38 -19.6 -75.7094
      vertex 20 -0.3 -75.75
      vertex 20 -19.6 -75.75
    endloop
  endfacet
  facet normal -0.0653439 0 -0.997863
    outer loop
      vertex 20 -0.3 -75.75
      vertex 19.38 -19.6 -75.7094
      vertex 19.38 -0.3 -75.7094
    endloop
  endfacet
  facet normal 0.321582 0 0.946882
    outer loop
      vertex 21.2294 -0.3 -66.4118
      vertex 21.8177 -19.6 -66.6116
      vertex 21.8177 -0.3 -66.6116
    endloop
  endfacet
  facet normal 0.321582 0 0.946882
    outer loop
      vertex 21.8177 -19.6 -66.6116
      vertex 21.2294 -0.3 -66.4118
      vertex 21.2294 -19.6 -66.4118
    endloop
  endfacet
  facet normal -0.997863 0 -0.0653439
    outer loop
      vertex 15.2906 -19.6 -71.62
      vertex 15.25 -0.3 -71
      vertex 15.2906 -0.3 -71.62
    endloop
  endfacet
  facet normal -0.997863 -0 -0.0653439
    outer loop
      vertex 15.25 -0.3 -71
      vertex 15.2906 -19.6 -71.62
      vertex 15.25 -19.6 -71
    endloop
  endfacet
  facet normal -0.659234 0 -0.751938
    outer loop
      vertex 16.6412 -19.6 -74.3588
      vertex 17.1084 -0.3 -74.7684
      vertex 17.1084 -19.6 -74.7684
    endloop
  endfacet
  facet normal -0.659234 0 -0.751938
    outer loop
      vertex 17.1084 -0.3 -74.7684
      vertex 16.6412 -19.6 -74.3588
      vertex 16.6412 -0.3 -74.3588
    endloop
  endfacet
  facet normal 0.946931 -0 0.321438
    outer loop
      vertex 24.3884 -19.6 -69.1823
      vertex 24.5881 -0.3 -69.7706
      vertex 24.3884 -0.3 -69.1823
    endloop
  endfacet
  facet normal 0.946931 0 0.321438
    outer loop
      vertex 24.5881 -0.3 -69.7706
      vertex 24.3884 -19.6 -69.1823
      vertex 24.5881 -19.6 -69.7706
    endloop
  endfacet
  facet normal 0.659234 0 -0.751938
    outer loop
      vertex 22.8916 -19.6 -74.7684
      vertex 23.3588 -0.3 -74.3588
      vertex 23.3588 -19.6 -74.3588
    endloop
  endfacet
  facet normal 0.659234 0 -0.751938
    outer loop
      vertex 23.3588 -0.3 -74.3588
      vertex 22.8916 -19.6 -74.7684
      vertex 22.8916 -0.3 -74.7684
    endloop
  endfacet
  facet normal -0.659234 0 0.751938
    outer loop
      vertex 16.6412 -0.3 -67.6412
      vertex 17.1084 -19.6 -67.2316
      vertex 17.1084 -0.3 -67.2316
    endloop
  endfacet
  facet normal -0.659234 0 0.751938
    outer loop
      vertex 17.1084 -19.6 -67.2316
      vertex 16.6412 -0.3 -67.6412
      vertex 16.6412 -19.6 -67.6412
    endloop
  endfacet
  facet normal -0.997863 0 0.0653439
    outer loop
      vertex 15.25 -19.6 -71
      vertex 15.2906 -0.3 -70.38
      vertex 15.25 -0.3 -71
    endloop
  endfacet
  facet normal -0.997863 0 0.0653439
    outer loop
      vertex 15.2906 -0.3 -70.38
      vertex 15.25 -19.6 -71
      vertex 15.2906 -19.6 -70.38
    endloop
  endfacet
  facet normal -0.896892 0 -0.44225
    outer loop
      vertex 15.8864 -19.6 -73.375
      vertex 15.6116 -0.3 -72.8177
      vertex 15.8864 -0.3 -73.375
    endloop
  endfacet
  facet normal -0.896892 -0 -0.44225
    outer loop
      vertex 15.6116 -0.3 -72.8177
      vertex 15.8864 -19.6 -73.375
      vertex 15.6116 -19.6 -72.8177
    endloop
  endfacet
  facet normal 0.44225 0 0.896892
    outer loop
      vertex 21.8177 -0.3 -66.6116
      vertex 22.375 -19.6 -66.8864
      vertex 22.375 -0.3 -66.8864
    endloop
  endfacet
  facet normal 0.44225 0 0.896892
    outer loop
      vertex 22.375 -19.6 -66.8864
      vertex 21.8177 -0.3 -66.6116
      vertex 21.8177 -19.6 -66.6116
    endloop
  endfacet
  facet normal 0.321582 0 -0.946882
    outer loop
      vertex 21.2294 -19.6 -75.5882
      vertex 21.8177 -0.3 -75.3884
      vertex 21.8177 -19.6 -75.3884
    endloop
  endfacet
  facet normal 0.321582 0 -0.946882
    outer loop
      vertex 21.8177 -0.3 -75.3884
      vertex 21.2294 -19.6 -75.5882
      vertex 21.2294 -0.3 -75.5882
    endloop
  endfacet
  facet normal -0.98076 0 0.195219
    outer loop
      vertex 15.2906 -19.6 -70.38
      vertex 15.4119 -0.3 -69.7706
      vertex 15.2906 -0.3 -70.38
    endloop
  endfacet
  facet normal -0.98076 0 0.195219
    outer loop
      vertex 15.4119 -0.3 -69.7706
      vertex 15.2906 -19.6 -70.38
      vertex 15.4119 -19.6 -69.7706
    endloop
  endfacet
  facet normal -0.44225 0 0.896892
    outer loop
      vertex 17.625 -0.3 -66.8864
      vertex 18.1823 -19.6 -66.6116
      vertex 18.1823 -0.3 -66.6116
    endloop
  endfacet
  facet normal -0.44225 0 0.896892
    outer loop
      vertex 18.1823 -19.6 -66.6116
      vertex 17.625 -0.3 -66.8864
      vertex 17.625 -19.6 -66.8864
    endloop
  endfacet
  facet normal -0.98076 0 -0.195219
    outer loop
      vertex 15.4119 -19.6 -72.2294
      vertex 15.2906 -0.3 -71.62
      vertex 15.4119 -0.3 -72.2294
    endloop
  endfacet
  facet normal -0.98076 -0 -0.195219
    outer loop
      vertex 15.2906 -0.3 -71.62
      vertex 15.4119 -19.6 -72.2294
      vertex 15.2906 -19.6 -71.62
    endloop
  endfacet
  facet normal 0.896892 -0 0.44225
    outer loop
      vertex 24.1136 -19.6 -68.625
      vertex 24.3884 -0.3 -69.1823
      vertex 24.1136 -0.3 -68.625
    endloop
  endfacet
  facet normal 0.896892 0 0.44225
    outer loop
      vertex 24.3884 -0.3 -69.1823
      vertex 24.1136 -19.6 -68.625
      vertex 24.3884 -19.6 -69.1823
    endloop
  endfacet
  facet normal 0.831456 0 -0.555591
    outer loop
      vertex 24.1136 -19.6 -73.375
      vertex 23.7684 -0.3 -73.8916
      vertex 24.1136 -0.3 -73.375
    endloop
  endfacet
  facet normal 0.831456 0 -0.555591
    outer loop
      vertex 23.7684 -0.3 -73.8916
      vertex 24.1136 -19.6 -73.375
      vertex 23.7684 -19.6 -73.8916
    endloop
  endfacet
  facet normal 0.195064 0 -0.980791
    outer loop
      vertex 20.62 -19.6 -75.7094
      vertex 21.2294 -0.3 -75.5882
      vertex 21.2294 -19.6 -75.5882
    endloop
  endfacet
  facet normal 0.195064 0 -0.980791
    outer loop
      vertex 21.2294 -0.3 -75.5882
      vertex 20.62 -19.6 -75.7094
      vertex 20.62 -0.3 -75.7094
    endloop
  endfacet
  facet normal 0.98076 0 -0.195219
    outer loop
      vertex 24.7094 -19.6 -71.62
      vertex 24.5881 -0.3 -72.2294
      vertex 24.7094 -0.3 -71.62
    endloop
  endfacet
  facet normal 0.98076 0 -0.195219
    outer loop
      vertex 24.5881 -0.3 -72.2294
      vertex 24.7094 -19.6 -71.62
      vertex 24.5881 -19.6 -72.2294
    endloop
  endfacet
  facet normal -0.555591 0 0.831456
    outer loop
      vertex 17.1084 -0.3 -67.2316
      vertex 17.625 -19.6 -66.8864
      vertex 17.625 -0.3 -66.8864
    endloop
  endfacet
  facet normal -0.555591 0 0.831456
    outer loop
      vertex 17.625 -19.6 -66.8864
      vertex 17.1084 -0.3 -67.2316
      vertex 17.1084 -19.6 -67.2316
    endloop
  endfacet
  facet normal 0.751938 0 -0.659234
    outer loop
      vertex 23.7684 -19.6 -73.8916
      vertex 23.3588 -0.3 -74.3588
      vertex 23.7684 -0.3 -73.8916
    endloop
  endfacet
  facet normal 0.751938 0 -0.659234
    outer loop
      vertex 23.3588 -0.3 -74.3588
      vertex 23.7684 -19.6 -73.8916
      vertex 23.3588 -19.6 -74.3588
    endloop
  endfacet
  facet normal 0.44225 0 -0.896892
    outer loop
      vertex 21.8177 -19.6 -75.3884
      vertex 22.375 -0.3 -75.1136
      vertex 22.375 -19.6 -75.1136
    endloop
  endfacet
  facet normal 0.44225 0 -0.896892
    outer loop
      vertex 22.375 -0.3 -75.1136
      vertex 21.8177 -19.6 -75.3884
      vertex 21.8177 -0.3 -75.3884
    endloop
  endfacet
  facet normal -0.0653439 0 0.997863
    outer loop
      vertex 19.38 -0.3 -66.2906
      vertex 20 -19.6 -66.25
      vertex 20 -0.3 -66.25
    endloop
  endfacet
  facet normal -0.0653439 0 0.997863
    outer loop
      vertex 20 -19.6 -66.25
      vertex 19.38 -0.3 -66.2906
      vertex 19.38 -19.6 -66.2906
    endloop
  endfacet
  facet normal -0.195064 0 -0.980791
    outer loop
      vertex 18.7706 -19.6 -75.5882
      vertex 19.38 -0.3 -75.7094
      vertex 19.38 -19.6 -75.7094
    endloop
  endfacet
  facet normal -0.195064 0 -0.980791
    outer loop
      vertex 19.38 -0.3 -75.7094
      vertex 18.7706 -19.6 -75.5882
      vertex 18.7706 -0.3 -75.5882
    endloop
  endfacet
  facet normal 0.0653439 0 0.997863
    outer loop
      vertex 20 -0.3 -66.25
      vertex 20.62 -19.6 -66.2906
      vertex 20.62 -0.3 -66.2906
    endloop
  endfacet
  facet normal 0.0653439 0 0.997863
    outer loop
      vertex 20.62 -19.6 -66.2906
      vertex 20 -0.3 -66.25
      vertex 20 -19.6 -66.25
    endloop
  endfacet
  facet normal 0.195064 0 0.980791
    outer loop
      vertex 20.62 -0.3 -66.2906
      vertex 21.2294 -19.6 -66.4118
      vertex 21.2294 -0.3 -66.4118
    endloop
  endfacet
  facet normal 0.195064 0 0.980791
    outer loop
      vertex 21.2294 -19.6 -66.4118
      vertex 20.62 -0.3 -66.2906
      vertex 20.62 -19.6 -66.2906
    endloop
  endfacet
  facet normal 0.555591 0 0.831456
    outer loop
      vertex 22.375 -0.3 -66.8864
      vertex 22.8916 -19.6 -67.2316
      vertex 22.8916 -0.3 -67.2316
    endloop
  endfacet
  facet normal 0.555591 0 0.831456
    outer loop
      vertex 22.8916 -19.6 -67.2316
      vertex 22.375 -0.3 -66.8864
      vertex 22.375 -19.6 -66.8864
    endloop
  endfacet
  facet normal -0.321582 0 -0.946882
    outer loop
      vertex 18.1823 -19.6 -75.3884
      vertex 18.7706 -0.3 -75.5882
      vertex 18.7706 -19.6 -75.5882
    endloop
  endfacet
  facet normal -0.321582 0 -0.946882
    outer loop
      vertex 18.7706 -0.3 -75.5882
      vertex 18.1823 -19.6 -75.3884
      vertex 18.1823 -0.3 -75.3884
    endloop
  endfacet
  facet normal 0.946931 0 -0.321438
    outer loop
      vertex 24.5881 -19.6 -72.2294
      vertex 24.3884 -0.3 -72.8177
      vertex 24.5881 -0.3 -72.2294
    endloop
  endfacet
  facet normal 0.946931 0 -0.321438
    outer loop
      vertex 24.3884 -0.3 -72.8177
      vertex 24.5881 -19.6 -72.2294
      vertex 24.3884 -19.6 -72.8177
    endloop
  endfacet
  facet normal 0.751938 -0 0.659234
    outer loop
      vertex 23.3588 -19.6 -67.6412
      vertex 23.7684 -0.3 -68.1084
      vertex 23.3588 -0.3 -67.6412
    endloop
  endfacet
  facet normal 0.751938 0 0.659234
    outer loop
      vertex 23.7684 -0.3 -68.1084
      vertex 23.3588 -19.6 -67.6412
      vertex 23.7684 -19.6 -68.1084
    endloop
  endfacet
  facet normal 0.831456 -0 0.555591
    outer loop
      vertex 23.7684 -19.6 -68.1084
      vertex 24.1136 -0.3 -68.625
      vertex 23.7684 -0.3 -68.1084
    endloop
  endfacet
  facet normal 0.831456 0 0.555591
    outer loop
      vertex 24.1136 -0.3 -68.625
      vertex 23.7684 -19.6 -68.1084
      vertex 24.1136 -19.6 -68.625
    endloop
  endfacet
  facet normal -0.946931 0 0.321438
    outer loop
      vertex 15.4119 -19.6 -69.7706
      vertex 15.6116 -0.3 -69.1823
      vertex 15.4119 -0.3 -69.7706
    endloop
  endfacet
  facet normal -0.946931 0 0.321438
    outer loop
      vertex 15.6116 -0.3 -69.1823
      vertex 15.4119 -19.6 -69.7706
      vertex 15.6116 -19.6 -69.1823
    endloop
  endfacet
  facet normal -0.831456 0 -0.555591
    outer loop
      vertex 16.2316 -19.6 -73.8916
      vertex 15.8864 -0.3 -73.375
      vertex 16.2316 -0.3 -73.8916
    endloop
  endfacet
  facet normal -0.831456 -0 -0.555591
    outer loop
      vertex 15.8864 -0.3 -73.375
      vertex 16.2316 -19.6 -73.8916
      vertex 15.8864 -19.6 -73.375
    endloop
  endfacet
  facet normal 0 1 0
    outer loop
      vertex 20 -0.3 -68.9
      vertex 20 -0.3 -66.25
      vertex 20.62 -0.3 -66.2906
    endloop
  endfacet
  facet normal 0 1 0
    outer loop
      vertex 20.2741 -0.3 -68.918
      vertex 20.62 -0.3 -66.2906
      vertex 21.2294 -0.3 -66.4118
    endloop
  endfacet
  facet normal 0 1 0
    outer loop
      vertex 20 -0.3 -66.25
      vertex 20 -0.3 -68.9
      vertex 19.38 -0.3 -66.2906
    endloop
  endfacet
  facet normal 0 1 0
    outer loop
      vertex 20.5435 -0.3 -68.9716
      vertex 21.2294 -0.3 -66.4118
      vertex 21.8177 -0.3 -66.6116
    endloop
  endfacet
  facet normal 0 1 -0
    outer loop
      vertex 19.7259 -0.3 -68.918
      vertex 19.38 -0.3 -66.2906
      vertex 20 -0.3 -68.9
    endloop
  endfacet
  facet normal 0 1 0
    outer loop
      vertex 20.8036 -0.3 -69.0599
      vertex 21.8177 -0.3 -66.6116
      vertex 22.375 -0.3 -66.8864
    endloop
  endfacet
  facet normal 0 1 0
    outer loop
      vertex 19.38 -0.3 -66.2906
      vertex 19.7259 -0.3 -68.918
      vertex 18.7706 -0.3 -66.4118
    endloop
  endfacet
  facet normal 0 1 0
    outer loop
      vertex 21.05 -0.3 -69.1814
      vertex 22.375 -0.3 -66.8864
      vertex 22.8916 -0.3 -67.2316
    endloop
  endfacet
  facet normal 0 1 -0
    outer loop
      vertex 19.4565 -0.3 -68.9716
      vertex 18.7706 -0.3 -66.4118
      vertex 19.7259 -0.3 -68.918
    endloop
  endfacet
  facet normal 0 1 0
    outer loop
      vertex 21.2784 -0.3 -69.334
      vertex 22.8916 -0.3 -67.2316
      vertex 23.3588 -0.3 -67.6412
    endloop
  endfacet
  facet normal 0 1 0
    outer loop
      vertex 18.7706 -0.3 -66.4118
      vertex 19.4565 -0.3 -68.9716
      vertex 18.1823 -0.3 -66.6116
    endloop
  endfacet
  facet normal 0 1 0
    outer loop
      vertex 21.4849 -0.3 -69.5151
      vertex 23.3588 -0.3 -67.6412
      vertex 23.7684 -0.3 -68.1084
    endloop
  endfacet
  facet normal 0 1 -0
    outer loop
      vertex 19.1964 -0.3 -69.0599
      vertex 18.1823 -0.3 -66.6116
      vertex 19.4565 -0.3 -68.9716
    endloop
  endfacet
  facet normal 0 1 0
    outer loop
      vertex 21.666 -0.3 -69.7216
      vertex 23.7684 -0.3 -68.1084
      vertex 24.1136 -0.3 -68.625
    endloop
  endfacet
  facet normal 0 1 0
    outer loop
      vertex 18.1823 -0.3 -66.6116
      vertex 19.1964 -0.3 -69.0599
      vertex 17.625 -0.3 -66.8864
    endloop
  endfacet
  facet normal 0 1 -0
    outer loop
      vertex 18.95 -0.3 -69.1814
      vertex 17.625 -0.3 -66.8864
      vertex 19.1964 -0.3 -69.0599
    endloop
  endfacet
  facet normal 0 1 0
    outer loop
      vertex 20.62 -0.3 -66.2906
      vertex 20.2741 -0.3 -68.918
      vertex 20 -0.3 -68.9
    endloop
  endfacet
  facet normal 0 1 0
    outer loop
      vertex 21.2294 -0.3 -66.4118
      vertex 20.5435 -0.3 -68.9716
      vertex 20.2741 -0.3 -68.918
    endloop
  endfacet
  facet normal 0 1 0
    outer loop
      vertex 21.8177 -0.3 -66.6116
      vertex 20.8036 -0.3 -69.0599
      vertex 20.5435 -0.3 -68.9716
    endloop
  endfacet
  facet normal 0 1 0
    outer loop
      vertex 22.375 -0.3 -66.8864
      vertex 21.05 -0.3 -69.1814
      vertex 20.8036 -0.3 -69.0599
    endloop
  endfacet
  facet normal 0 1 0
    outer loop
      vertex 21.8187 -0.3 -69.95
      vertex 24.1136 -0.3 -68.625
      vertex 24.3884 -0.3 -69.1823
    endloop
  endfacet
  facet normal 0 1 0
    outer loop
      vertex 22.8916 -0.3 -67.2316
      vertex 21.2784 -0.3 -69.334
      vertex 21.05 -0.3 -69.1814
    endloop
  endfacet
  facet normal 0 1 0
    outer loop
      vertex 23.3588 -0.3 -67.6412
      vertex 21.4849 -0.3 -69.5151
      vertex 21.2784 -0.3 -69.334
    endloop
  endfacet
  facet normal 0 1 0
    outer loop
      vertex 23.7684 -0.3 -68.1084
      vertex 21.666 -0.3 -69.7216
      vertex 21.4849 -0.3 -69.5151
    endloop
  endfacet
  facet normal 0 1 0
    outer loop
      vertex 21.9401 -0.3 -70.1964
      vertex 24.3884 -0.3 -69.1823
      vertex 24.5881 -0.3 -69.7706
    endloop
  endfacet
  facet normal 0 1 0
    outer loop
      vertex 24.1136 -0.3 -68.625
      vertex 21.8187 -0.3 -69.95
      vertex 21.666 -0.3 -69.7216
    endloop
  endfacet
  facet normal 0 1 0
    outer loop
      vertex 24.3884 -0.3 -69.1823
      vertex 21.9401 -0.3 -70.1964
      vertex 21.8187 -0.3 -69.95
    endloop
  endfacet
  facet normal 0 1 0
    outer loop
      vertex 22.0284 -0.3 -70.4565
      vertex 24.5881 -0.3 -69.7706
      vertex 24.7094 -0.3 -70.38
    endloop
  endfacet
  facet normal 0 1 0
    outer loop
      vertex 24.5881 -0.3 -69.7706
      vertex 22.0284 -0.3 -70.4565
      vertex 21.9401 -0.3 -70.1964
    endloop
  endfacet
  facet normal 0 1 0
    outer loop
      vertex 24.7094 -0.3 -70.38
      vertex 22.082 -0.3 -70.7259
      vertex 22.0284 -0.3 -70.4565
    endloop
  endfacet
  facet normal 0 1 0
    outer loop
      vertex 24.75 -0.3 -71
      vertex 22.082 -0.3 -70.7259
      vertex 24.7094 -0.3 -70.38
    endloop
  endfacet
  facet normal 0 1 0
    outer loop
      vertex 24.75 -0.3 -71
      vertex 22.1 -0.3 -71
      vertex 22.082 -0.3 -70.7259
    endloop
  endfacet
  facet normal 0 1 0
    outer loop
      vertex 24.75 -0.3 -71
      vertex 22.082 -0.3 -71.2741
      vertex 22.1 -0.3 -71
    endloop
  endfacet
  facet normal 0 1 -0
    outer loop
      vertex 24.7094 -0.3 -71.62
      vertex 22.082 -0.3 -71.2741
      vertex 24.75 -0.3 -71
    endloop
  endfacet
  facet normal 0 1 0
    outer loop
      vertex 22.082 -0.3 -71.2741
      vertex 24.7094 -0.3 -71.62
      vertex 22.0284 -0.3 -71.5435
    endloop
  endfacet
  facet normal 0 1 -0
    outer loop
      vertex 24.5881 -0.3 -72.2294
      vertex 22.0284 -0.3 -71.5435
      vertex 24.7094 -0.3 -71.62
    endloop
  endfacet
  facet normal 0 1 0
    outer loop
      vertex 22.0284 -0.3 -71.5435
      vertex 24.5881 -0.3 -72.2294
      vertex 21.9401 -0.3 -71.8036
    endloop
  endfacet
  facet normal 0 1 -0
    outer loop
      vertex 24.3884 -0.3 -72.8177
      vertex 21.9401 -0.3 -71.8036
      vertex 24.5881 -0.3 -72.2294
    endloop
  endfacet
  facet normal 0 1 0
    outer loop
      vertex 21.9401 -0.3 -71.8036
      vertex 24.3884 -0.3 -72.8177
      vertex 21.8187 -0.3 -72.05
    endloop
  endfacet
  facet normal 0 1 -0
    outer loop
      vertex 24.1136 -0.3 -73.375
      vertex 21.8187 -0.3 -72.05
      vertex 24.3884 -0.3 -72.8177
    endloop
  endfacet
  facet normal 0 1 0
    outer loop
      vertex 21.8187 -0.3 -72.05
      vertex 24.1136 -0.3 -73.375
      vertex 21.666 -0.3 -72.2784
    endloop
  endfacet
  facet normal 0 1 -0
    outer loop
      vertex 23.7684 -0.3 -73.8916
      vertex 21.666 -0.3 -72.2784
      vertex 24.1136 -0.3 -73.375
    endloop
  endfacet
  facet normal 0 1 0
    outer loop
      vertex 21.666 -0.3 -72.2784
      vertex 23.7684 -0.3 -73.8916
      vertex 21.4849 -0.3 -72.4849
    endloop
  endfacet
  facet normal 0 1 -0
    outer loop
      vertex 23.3588 -0.3 -74.3588
      vertex 21.4849 -0.3 -72.4849
      vertex 23.7684 -0.3 -73.8916
    endloop
  endfacet
  facet normal 0 1 0
    outer loop
      vertex 21.4849 -0.3 -72.4849
      vertex 23.3588 -0.3 -74.3588
      vertex 21.2784 -0.3 -72.666
    endloop
  endfacet
  facet normal 0 1 -0
    outer loop
      vertex 22.8916 -0.3 -74.7684
      vertex 21.2784 -0.3 -72.666
      vertex 23.3588 -0.3 -74.3588
    endloop
  endfacet
  facet normal 0 1 0
    outer loop
      vertex 21.2784 -0.3 -72.666
      vertex 22.8916 -0.3 -74.7684
      vertex 21.05 -0.3 -72.8186
    endloop
  endfacet
  facet normal 0 1 -0
    outer loop
      vertex 22.375 -0.3 -75.1136
      vertex 21.05 -0.3 -72.8186
      vertex 22.8916 -0.3 -74.7684
    endloop
  endfacet
  facet normal 0 1 0
    outer loop
      vertex 17.625 -0.3 -66.8864
      vertex 18.95 -0.3 -69.1814
      vertex 17.1084 -0.3 -67.2316
    endloop
  endfacet
  facet normal 0 1 -0
    outer loop
      vertex 18.7216 -0.3 -69.334
      vertex 17.1084 -0.3 -67.2316
      vertex 18.95 -0.3 -69.1814
    endloop
  endfacet
  facet normal 0 1 0
    outer loop
      vertex 17.1084 -0.3 -67.2316
      vertex 18.7216 -0.3 -69.334
      vertex 16.6412 -0.3 -67.6412
    endloop
  endfacet
  facet normal 0 1 -0
    outer loop
      vertex 18.5151 -0.3 -69.5151
      vertex 16.6412 -0.3 -67.6412
      vertex 18.7216 -0.3 -69.334
    endloop
  endfacet
  facet normal 0 1 0
    outer loop
      vertex 16.6412 -0.3 -67.6412
      vertex 18.5151 -0.3 -69.5151
      vertex 16.2316 -0.3 -68.1084
    endloop
  endfacet
  facet normal 0 1 -0
    outer loop
      vertex 18.334 -0.3 -69.7216
      vertex 16.2316 -0.3 -68.1084
      vertex 18.5151 -0.3 -69.5151
    endloop
  endfacet
  facet normal 0 1 0
    outer loop
      vertex 16.2316 -0.3 -68.1084
      vertex 18.334 -0.3 -69.7216
      vertex 15.8864 -0.3 -68.625
    endloop
  endfacet
  facet normal 0 1 -0
    outer loop
      vertex 18.1813 -0.3 -69.95
      vertex 15.8864 -0.3 -68.625
      vertex 18.334 -0.3 -69.7216
    endloop
  endfacet
  facet normal 0 1 0
    outer loop
      vertex 15.8864 -0.3 -68.625
      vertex 18.1813 -0.3 -69.95
      vertex 15.6116 -0.3 -69.1823
    endloop
  endfacet
  facet normal 0 1 -0
    outer loop
      vertex 18.0599 -0.3 -70.1964
      vertex 15.6116 -0.3 -69.1823
      vertex 18.1813 -0.3 -69.95
    endloop
  endfacet
  facet normal 0 1 0
    outer loop
      vertex 15.6116 -0.3 -69.1823
      vertex 18.0599 -0.3 -70.1964
      vertex 15.4119 -0.3 -69.7706
    endloop
  endfacet
  facet normal 0 1 -0
    outer loop
      vertex 17.9716 -0.3 -70.4565
      vertex 15.4119 -0.3 -69.7706
      vertex 18.0599 -0.3 -70.1964
    endloop
  endfacet
  facet normal 0 1 0
    outer loop
      vertex 15.4119 -0.3 -69.7706
      vertex 17.9716 -0.3 -70.4565
      vertex 15.2906 -0.3 -70.38
    endloop
  endfacet
  facet normal 0 1 -0
    outer loop
      vertex 17.918 -0.3 -70.7259
      vertex 15.2906 -0.3 -70.38
      vertex 17.9716 -0.3 -70.4565
    endloop
  endfacet
  facet normal 0 1 -0
    outer loop
      vertex 17.9 -0.3 -71
      vertex 15.2906 -0.3 -70.38
      vertex 17.918 -0.3 -70.7259
    endloop
  endfacet
  facet normal 0 1 0
    outer loop
      vertex 17.9 -0.3 -71
      vertex 15.25 -0.3 -71
      vertex 15.2906 -0.3 -70.38
    endloop
  endfacet
  facet normal 0 1 0
    outer loop
      vertex 17.918 -0.3 -71.2741
      vertex 15.25 -0.3 -71
      vertex 17.9 -0.3 -71
    endloop
  endfacet
  facet normal 0 1 0
    outer loop
      vertex 15.2906 -0.3 -71.62
      vertex 17.918 -0.3 -71.2741
      vertex 17.9716 -0.3 -71.5435
    endloop
  endfacet
  facet normal 0 1 0
    outer loop
      vertex 17.918 -0.3 -71.2741
      vertex 15.2906 -0.3 -71.62
      vertex 15.25 -0.3 -71
    endloop
  endfacet
  facet normal 0 1 0
    outer loop
      vertex 15.4119 -0.3 -72.2294
      vertex 17.9716 -0.3 -71.5435
      vertex 18.0599 -0.3 -71.8036
    endloop
  endfacet
  facet normal 0 1 0
    outer loop
      vertex 15.6116 -0.3 -72.8177
      vertex 18.0599 -0.3 -71.8036
      vertex 18.1813 -0.3 -72.05
    endloop
  endfacet
  facet normal 0 1 0
    outer loop
      vertex 17.9716 -0.3 -71.5435
      vertex 15.4119 -0.3 -72.2294
      vertex 15.2906 -0.3 -71.62
    endloop
  endfacet
  facet normal 0 1 0
    outer loop
      vertex 15.8864 -0.3 -73.375
      vertex 18.1813 -0.3 -72.05
      vertex 18.334 -0.3 -72.2784
    endloop
  endfacet
  facet normal 0 1 0
    outer loop
      vertex 16.2316 -0.3 -73.8916
      vertex 18.334 -0.3 -72.2784
      vertex 18.5151 -0.3 -72.4849
    endloop
  endfacet
  facet normal 0 1 0
    outer loop
      vertex 16.6412 -0.3 -74.3588
      vertex 18.5151 -0.3 -72.4849
      vertex 18.7216 -0.3 -72.666
    endloop
  endfacet
  facet normal 0 1 0
    outer loop
      vertex 18.0599 -0.3 -71.8036
      vertex 15.6116 -0.3 -72.8177
      vertex 15.4119 -0.3 -72.2294
    endloop
  endfacet
  facet normal 0 1 0
    outer loop
      vertex 17.1084 -0.3 -74.7684
      vertex 18.7216 -0.3 -72.666
      vertex 18.95 -0.3 -72.8186
    endloop
  endfacet
  facet normal 0 1 0
    outer loop
      vertex 17.625 -0.3 -75.1136
      vertex 18.95 -0.3 -72.8186
      vertex 19.1964 -0.3 -72.9401
    endloop
  endfacet
  facet normal 0 1 0
    outer loop
      vertex 18.1823 -0.3 -75.3884
      vertex 19.1964 -0.3 -72.9401
      vertex 19.4565 -0.3 -73.0284
    endloop
  endfacet
  facet normal 0 1 0
    outer loop
      vertex 18.7706 -0.3 -75.5882
      vertex 19.4565 -0.3 -73.0284
      vertex 19.7259 -0.3 -73.082
    endloop
  endfacet
  facet normal 0 1 0
    outer loop
      vertex 19.38 -0.3 -75.7094
      vertex 19.7259 -0.3 -73.082
      vertex 20 -0.3 -73.1
    endloop
  endfacet
  facet normal 0 1 0
    outer loop
      vertex 21.05 -0.3 -72.8186
      vertex 22.375 -0.3 -75.1136
      vertex 20.8036 -0.3 -72.9401
    endloop
  endfacet
  facet normal 0 1 0
    outer loop
      vertex 18.1813 -0.3 -72.05
      vertex 15.8864 -0.3 -73.375
      vertex 15.6116 -0.3 -72.8177
    endloop
  endfacet
  facet normal 0 1 -0
    outer loop
      vertex 21.8177 -0.3 -75.3884
      vertex 20.8036 -0.3 -72.9401
      vertex 22.375 -0.3 -75.1136
    endloop
  endfacet
  facet normal 0 1 0
    outer loop
      vertex 18.334 -0.3 -72.2784
      vertex 16.2316 -0.3 -73.8916
      vertex 15.8864 -0.3 -73.375
    endloop
  endfacet
  facet normal 0 1 0
    outer loop
      vertex 20.8036 -0.3 -72.9401
      vertex 21.8177 -0.3 -75.3884
      vertex 20.5435 -0.3 -73.0284
    endloop
  endfacet
  facet normal 0 1 0
    outer loop
      vertex 18.5151 -0.3 -72.4849
      vertex 16.6412 -0.3 -74.3588
      vertex 16.2316 -0.3 -73.8916
    endloop
  endfacet
  facet normal 0 1 -0
    outer loop
      vertex 21.2294 -0.3 -75.5882
      vertex 20.5435 -0.3 -73.0284
      vertex 21.8177 -0.3 -75.3884
    endloop
  endfacet
  facet normal 0 1 0
    outer loop
      vertex 18.7216 -0.3 -72.666
      vertex 17.1084 -0.3 -74.7684
      vertex 16.6412 -0.3 -74.3588
    endloop
  endfacet
  facet normal 0 1 0
    outer loop
      vertex 20.5435 -0.3 -73.0284
      vertex 21.2294 -0.3 -75.5882
      vertex 20.2741 -0.3 -73.082
    endloop
  endfacet
  facet normal 0 1 0
    outer loop
      vertex 18.95 -0.3 -72.8186
      vertex 17.625 -0.3 -75.1136
      vertex 17.1084 -0.3 -74.7684
    endloop
  endfacet
  facet normal 0 1 -0
    outer loop
      vertex 20.62 -0.3 -75.7094
      vertex 20.2741 -0.3 -73.082
      vertex 21.2294 -0.3 -75.5882
    endloop
  endfacet
  facet normal 0 1 0
    outer loop
      vertex 19.1964 -0.3 -72.9401
      vertex 18.1823 -0.3 -75.3884
      vertex 17.625 -0.3 -75.1136
    endloop
  endfacet
  facet normal 0 1 0
    outer loop
      vertex 20.2741 -0.3 -73.082
      vertex 20.62 -0.3 -75.7094
      vertex 20 -0.3 -73.1
    endloop
  endfacet
  facet normal 0 1 0
    outer loop
      vertex 19.4565 -0.3 -73.0284
      vertex 18.7706 -0.3 -75.5882
      vertex 18.1823 -0.3 -75.3884
    endloop
  endfacet
  facet normal 0 1 0
    outer loop
      vertex 20 -0.3 -75.75
      vertex 20 -0.3 -73.1
      vertex 20.62 -0.3 -75.7094
    endloop
  endfacet
  facet normal 0 1 0
    outer loop
      vertex 19.7259 -0.3 -73.082
      vertex 19.38 -0.3 -75.7094
      vertex 18.7706 -0.3 -75.5882
    endloop
  endfacet
  facet normal 0 1 0
    outer loop
      vertex 20 -0.3 -73.1
      vertex 20 -0.3 -75.75
      vertex 19.38 -0.3 -75.7094
    endloop
  endfacet
  facet normal -0.321582 0 0.946882
    outer loop
      vertex 18.1823 -0.3 -66.6116
      vertex 18.7706 -19.6 -66.4118
      vertex 18.7706 -0.3 -66.4118
    endloop
  endfacet
  facet normal -0.321582 0 0.946882
    outer loop
      vertex 18.7706 -19.6 -66.4118
      vertex 18.1823 -0.3 -66.6116
      vertex 18.1823 -19.6 -66.6116
    endloop
  endfacet
  facet normal -0.946931 0 -0.321438
    outer loop
      vertex 15.6116 -19.6 -72.8177
      vertex 15.4119 -0.3 -72.2294
      vertex 15.6116 -0.3 -72.8177
    endloop
  endfacet
  facet normal -0.946931 -0 -0.321438
    outer loop
      vertex 15.4119 -0.3 -72.2294
      vertex 15.6116 -19.6 -72.8177
      vertex 15.4119 -19.6 -72.2294
    endloop
  endfacet
  facet normal 0.997863 0 -0.0653439
    outer loop
      vertex 24.75 -19.6 -71
      vertex 24.7094 -0.3 -71.62
      vertex 24.75 -0.3 -71
    endloop
  endfacet
  facet normal 0.997863 0 -0.0653439
    outer loop
      vertex 24.7094 -0.3 -71.62
      vertex 24.75 -19.6 -71
      vertex 24.7094 -19.6 -71.62
    endloop
  endfacet
  facet normal -0.195064 0 0.980791
    outer loop
      vertex 18.7706 -0.3 -66.4118
      vertex 19.38 -19.6 -66.2906
      vertex 19.38 -0.3 -66.2906
    endloop
  endfacet
  facet normal -0.195064 0 0.980791
    outer loop
      vertex 19.38 -19.6 -66.2906
      vertex 18.7706 -0.3 -66.4118
      vertex 18.7706 -19.6 -66.4118
    endloop
  endfacet
  facet normal 0.555591 0 -0.831456
    outer loop
      vertex 22.375 -19.6 -75.1136
      vertex 22.8916 -0.3 -74.7684
      vertex 22.8916 -19.6 -74.7684
    endloop
  endfacet
  facet normal 0.555591 0 -0.831456
    outer loop
      vertex 22.8916 -0.3 -74.7684
      vertex 22.375 -19.6 -75.1136
      vertex 22.375 -0.3 -75.1136
    endloop
  endfacet
  facet normal -0.751938 0 -0.659234
    outer loop
      vertex 16.6412 -19.6 -74.3588
      vertex 16.2316 -0.3 -73.8916
      vertex 16.6412 -0.3 -74.3588
    endloop
  endfacet
  facet normal -0.751938 -0 -0.659234
    outer loop
      vertex 16.2316 -0.3 -73.8916
      vertex 16.6412 -19.6 -74.3588
      vertex 16.2316 -19.6 -73.8916
    endloop
  endfacet
  facet normal -0.555591 0 -0.831456
    outer loop
      vertex 17.1084 -19.6 -74.7684
      vertex 17.625 -0.3 -75.1136
      vertex 17.625 -19.6 -75.1136
    endloop
  endfacet
  facet normal -0.555591 0 -0.831456
    outer loop
      vertex 17.625 -0.3 -75.1136
      vertex 17.1084 -19.6 -74.7684
      vertex 17.1084 -0.3 -74.7684
    endloop
  endfacet
  facet normal -0.896892 0 0.44225
    outer loop
      vertex 15.6116 -19.6 -69.1823
      vertex 15.8864 -0.3 -68.625
      vertex 15.6116 -0.3 -69.1823
    endloop
  endfacet
  facet normal -0.896892 0 0.44225
    outer loop
      vertex 15.8864 -0.3 -68.625
      vertex 15.6116 -19.6 -69.1823
      vertex 15.8864 -19.6 -68.625
    endloop
  endfacet
  facet normal -0.751938 0 0.659234
    outer loop
      vertex 16.2316 -19.6 -68.1084
      vertex 16.6412 -0.3 -67.6412
      vertex 16.2316 -0.3 -68.1084
    endloop
  endfacet
  facet normal -0.751938 0 0.659234
    outer loop
      vertex 16.6412 -0.3 -67.6412
      vertex 16.2316 -19.6 -68.1084
      vertex 16.6412 -19.6 -67.6412
    endloop
  endfacet
  facet normal -0.831456 0 0.555591
    outer loop
      vertex 15.8864 -19.6 -68.625
      vertex 16.2316 -0.3 -68.1084
      vertex 15.8864 -0.3 -68.625
    endloop
  endfacet
  facet normal -0.831456 0 0.555591
    outer loop
      vertex 16.2316 -0.3 -68.1084
      vertex 15.8864 -19.6 -68.625
      vertex 16.2316 -19.6 -68.1084
    endloop
  endfacet
  facet normal 0.0655283 0 -0.997851
    outer loop
      vertex 19.7259 -14.3 -68.918
      vertex 20 -0.3 -68.9
      vertex 20 -14.3 -68.9
    endloop
  endfacet
  facet normal 0.0655283 0 -0.997851
    outer loop
      vertex 20 -0.3 -68.9
      vertex 19.7259 -14.3 -68.918
      vertex 19.7259 -0.3 -68.918
    endloop
  endfacet
  facet normal -0.751832 0 0.659355
    outer loop
      vertex 21.4849 -14.3 -72.4849
      vertex 21.666 -0.3 -72.2784
      vertex 21.4849 -0.3 -72.4849
    endloop
  endfacet
  facet normal -0.751832 0 0.659355
    outer loop
      vertex 21.666 -0.3 -72.2784
      vertex 21.4849 -14.3 -72.4849
      vertex 21.666 -14.3 -72.2784
    endloop
  endfacet
  facet normal -0.980776 0 -0.195136
    outer loop
      vertex 22.082 -14.3 -70.7259
      vertex 22.0284 -0.3 -70.4565
      vertex 22.082 -0.3 -70.7259
    endloop
  endfacet
  facet normal -0.980776 -0 -0.195136
    outer loop
      vertex 22.0284 -0.3 -70.4565
      vertex 22.082 -14.3 -70.7259
      vertex 22.0284 -14.3 -70.4565
    endloop
  endfacet
  facet normal -0.997851 0 -0.0655283
    outer loop
      vertex 22.1 -14.3 -71
      vertex 22.082 -0.3 -70.7259
      vertex 22.1 -0.3 -71
    endloop
  endfacet
  facet normal -0.997851 -0 -0.0655283
    outer loop
      vertex 22.082 -0.3 -70.7259
      vertex 22.1 -14.3 -71
      vertex 22.082 -14.3 -70.7259
    endloop
  endfacet
  facet normal -0.946921 0 -0.321465
    outer loop
      vertex 22.0284 -14.3 -70.4565
      vertex 21.9401 -0.3 -70.1964
      vertex 22.0284 -0.3 -70.4565
    endloop
  endfacet
  facet normal -0.946921 -0 -0.321465
    outer loop
      vertex 21.9401 -0.3 -70.1964
      vertex 22.0284 -14.3 -70.4565
      vertex 21.9401 -14.3 -70.1964
    endloop
  endfacet
  facet normal 0.0655283 0 0.997851
    outer loop
      vertex 19.7259 -0.3 -73.082
      vertex 20 -14.3 -73.1
      vertex 20 -0.3 -73.1
    endloop
  endfacet
  facet normal 0.0655283 0 0.997851
    outer loop
      vertex 20 -14.3 -73.1
      vertex 19.7259 -0.3 -73.082
      vertex 19.7259 -14.3 -73.082
    endloop
  endfacet
  facet normal -0.195136 0 -0.980776
    outer loop
      vertex 20.2741 -14.3 -68.918
      vertex 20.5435 -0.3 -68.9716
      vertex 20.5435 -14.3 -68.9716
    endloop
  endfacet
  facet normal -0.195136 0 -0.980776
    outer loop
      vertex 20.5435 -0.3 -68.9716
      vertex 20.2741 -14.3 -68.918
      vertex 20.2741 -0.3 -68.918
    endloop
  endfacet
  facet normal 0.980776 0 -0.195136
    outer loop
      vertex 17.9716 -14.3 -70.4565
      vertex 17.918 -0.3 -70.7259
      vertex 17.9716 -0.3 -70.4565
    endloop
  endfacet
  facet normal 0.980776 0 -0.195136
    outer loop
      vertex 17.918 -0.3 -70.7259
      vertex 17.9716 -14.3 -70.4565
      vertex 17.918 -14.3 -70.7259
    endloop
  endfacet
  facet normal 0.946921 -0 0.321465
    outer loop
      vertex 17.9716 -14.3 -71.5435
      vertex 18.0599 -0.3 -71.8036
      vertex 17.9716 -0.3 -71.5435
    endloop
  endfacet
  facet normal 0.946921 0 0.321465
    outer loop
      vertex 18.0599 -0.3 -71.8036
      vertex 17.9716 -14.3 -71.5435
      vertex 18.0599 -14.3 -71.8036
    endloop
  endfacet
  facet normal 0.659355 0 0.751832
    outer loop
      vertex 18.5151 -0.3 -72.4849
      vertex 18.7216 -14.3 -72.666
      vertex 18.7216 -0.3 -72.666
    endloop
  endfacet
  facet normal 0.659355 0 0.751832
    outer loop
      vertex 18.7216 -14.3 -72.666
      vertex 18.5151 -0.3 -72.4849
      vertex 18.5151 -14.3 -72.4849
    endloop
  endfacet
  facet normal -0.55554 0 0.83149
    outer loop
      vertex 21.05 -0.3 -72.8186
      vertex 21.2784 -14.3 -72.666
      vertex 21.2784 -0.3 -72.666
    endloop
  endfacet
  facet normal -0.55554 0 0.83149
    outer loop
      vertex 21.2784 -14.3 -72.666
      vertex 21.05 -0.3 -72.8186
      vertex 21.05 -14.3 -72.8186
    endloop
  endfacet
  facet normal -0.980776 0 0.195136
    outer loop
      vertex 22.0284 -14.3 -71.5435
      vertex 22.082 -0.3 -71.2741
      vertex 22.0284 -0.3 -71.5435
    endloop
  endfacet
  facet normal -0.980776 0 0.195136
    outer loop
      vertex 22.082 -0.3 -71.2741
      vertex 22.0284 -14.3 -71.5435
      vertex 22.082 -14.3 -71.2741
    endloop
  endfacet
  facet normal -0.897033 0 0.441964
    outer loop
      vertex 21.8187 -14.3 -72.05
      vertex 21.9401 -0.3 -71.8036
      vertex 21.8187 -0.3 -72.05
    endloop
  endfacet
  facet normal -0.897033 0 0.441964
    outer loop
      vertex 21.9401 -0.3 -71.8036
      vertex 21.8187 -14.3 -72.05
      vertex 21.9401 -14.3 -71.8036
    endloop
  endfacet
  facet normal -0.442256 0 -0.896889
    outer loop
      vertex 20.8036 -14.3 -69.0599
      vertex 21.05 -0.3 -69.1814
      vertex 21.05 -14.3 -69.1814
    endloop
  endfacet
  facet normal -0.442256 0 -0.896889
    outer loop
      vertex 21.05 -0.3 -69.1814
      vertex 20.8036 -14.3 -69.0599
      vertex 20.8036 -0.3 -69.0599
    endloop
  endfacet
  facet normal -0.897033 0 -0.441964
    outer loop
      vertex 21.9401 -14.3 -70.1964
      vertex 21.8187 -0.3 -69.95
      vertex 21.9401 -0.3 -70.1964
    endloop
  endfacet
  facet normal -0.897033 -0 -0.441964
    outer loop
      vertex 21.8187 -0.3 -69.95
      vertex 21.9401 -14.3 -70.1964
      vertex 21.8187 -14.3 -69.95
    endloop
  endfacet
  facet normal -0.831322 0 0.555792
    outer loop
      vertex 21.666 -14.3 -72.2784
      vertex 21.8187 -0.3 -72.05
      vertex 21.666 -0.3 -72.2784
    endloop
  endfacet
  facet normal -0.831322 0 0.555792
    outer loop
      vertex 21.8187 -0.3 -72.05
      vertex 21.666 -14.3 -72.2784
      vertex 21.8187 -14.3 -72.05
    endloop
  endfacet
  facet normal -0.442256 0 0.896889
    outer loop
      vertex 20.8036 -0.3 -72.9401
      vertex 21.05 -14.3 -72.8186
      vertex 21.05 -0.3 -72.8186
    endloop
  endfacet
  facet normal -0.442256 0 0.896889
    outer loop
      vertex 21.05 -14.3 -72.8186
      vertex 20.8036 -0.3 -72.9401
      vertex 20.8036 -14.3 -72.9401
    endloop
  endfacet
  facet normal 0.831322 0 -0.555792
    outer loop
      vertex 18.334 -14.3 -69.7216
      vertex 18.1813 -0.3 -69.95
      vertex 18.334 -0.3 -69.7216
    endloop
  endfacet
  facet normal 0.831322 0 -0.555792
    outer loop
      vertex 18.1813 -0.3 -69.95
      vertex 18.334 -14.3 -69.7216
      vertex 18.1813 -14.3 -69.95
    endloop
  endfacet
  facet normal 0.55554 0 -0.83149
    outer loop
      vertex 18.7216 -14.3 -69.334
      vertex 18.95 -0.3 -69.1814
      vertex 18.95 -14.3 -69.1814
    endloop
  endfacet
  facet normal 0.55554 0 -0.83149
    outer loop
      vertex 18.95 -0.3 -69.1814
      vertex 18.7216 -14.3 -69.334
      vertex 18.7216 -0.3 -69.334
    endloop
  endfacet
  facet normal 0 1 0
    outer loop
      vertex 20.2741 -14.3 -68.918
      vertex 19.7259 -14.3 -68.918
      vertex 20 -14.3 -68.9
    endloop
  endfacet
  facet normal 0 1 0
    outer loop
      vertex 20.5435 -14.3 -68.9716
      vertex 19.7259 -14.3 -68.918
      vertex 20.2741 -14.3 -68.918
    endloop
  endfacet
  facet normal 0 1 0
    outer loop
      vertex 20.5435 -14.3 -68.9716
      vertex 19.4565 -14.3 -68.9716
      vertex 19.7259 -14.3 -68.918
    endloop
  endfacet
  facet normal 0 1 0
    outer loop
      vertex 20.8036 -14.3 -69.0599
      vertex 19.4565 -14.3 -68.9716
      vertex 20.5435 -14.3 -68.9716
    endloop
  endfacet
  facet normal 0 1 0
    outer loop
      vertex 20.8036 -14.3 -69.0599
      vertex 19.1964 -14.3 -69.0599
      vertex 19.4565 -14.3 -68.9716
    endloop
  endfacet
  facet normal 0 1 0
    outer loop
      vertex 21.05 -14.3 -69.1814
      vertex 19.1964 -14.3 -69.0599
      vertex 20.8036 -14.3 -69.0599
    endloop
  endfacet
  facet normal 0 1 0
    outer loop
      vertex 21.05 -14.3 -69.1814
      vertex 18.95 -14.3 -69.1814
      vertex 19.1964 -14.3 -69.0599
    endloop
  endfacet
  facet normal 0 1 0
    outer loop
      vertex 21.2784 -14.3 -69.334
      vertex 18.95 -14.3 -69.1814
      vertex 21.05 -14.3 -69.1814
    endloop
  endfacet
  facet normal 0 1 0
    outer loop
      vertex 21.2784 -14.3 -69.334
      vertex 18.7216 -14.3 -69.334
      vertex 18.95 -14.3 -69.1814
    endloop
  endfacet
  facet normal 0 1 0
    outer loop
      vertex 21.4849 -14.3 -69.5151
      vertex 18.7216 -14.3 -69.334
      vertex 21.2784 -14.3 -69.334
    endloop
  endfacet
  facet normal 0 1 0
    outer loop
      vertex 21.4849 -14.3 -69.5151
      vertex 18.5151 -14.3 -69.5151
      vertex 18.7216 -14.3 -69.334
    endloop
  endfacet
  facet normal 0 1 0
    outer loop
      vertex 21.666 -14.3 -69.7216
      vertex 18.5151 -14.3 -69.5151
      vertex 21.4849 -14.3 -69.5151
    endloop
  endfacet
  facet normal 0 1 0
    outer loop
      vertex 21.666 -14.3 -69.7216
      vertex 18.334 -14.3 -69.7216
      vertex 18.5151 -14.3 -69.5151
    endloop
  endfacet
  facet normal 0 1 0
    outer loop
      vertex 21.8187 -14.3 -69.95
      vertex 18.334 -14.3 -69.7216
      vertex 21.666 -14.3 -69.7216
    endloop
  endfacet
  facet normal 0 1 0
    outer loop
      vertex 21.8187 -14.3 -69.95
      vertex 18.1813 -14.3 -69.95
      vertex 18.334 -14.3 -69.7216
    endloop
  endfacet
  facet normal 0 1 0
    outer loop
      vertex 21.9401 -14.3 -70.1964
      vertex 18.1813 -14.3 -69.95
      vertex 21.8187 -14.3 -69.95
    endloop
  endfacet
  facet normal 0 1 0
    outer loop
      vertex 21.9401 -14.3 -70.1964
      vertex 18.0599 -14.3 -70.1964
      vertex 18.1813 -14.3 -69.95
    endloop
  endfacet
  facet normal 0 1 0
    outer loop
      vertex 22.0284 -14.3 -70.4565
      vertex 18.0599 -14.3 -70.1964
      vertex 21.9401 -14.3 -70.1964
    endloop
  endfacet
  facet normal 0 1 0
    outer loop
      vertex 22.0284 -14.3 -70.4565
      vertex 17.9716 -14.3 -70.4565
      vertex 18.0599 -14.3 -70.1964
    endloop
  endfacet
  facet normal 0 1 0
    outer loop
      vertex 22.082 -14.3 -70.7259
      vertex 17.9716 -14.3 -70.4565
      vertex 22.0284 -14.3 -70.4565
    endloop
  endfacet
  facet normal 0 1 0
    outer loop
      vertex 22.082 -14.3 -70.7259
      vertex 17.918 -14.3 -70.7259
      vertex 17.9716 -14.3 -70.4565
    endloop
  endfacet
  facet normal 0 1 0
    outer loop
      vertex 22.1 -14.3 -71
      vertex 17.918 -14.3 -70.7259
      vertex 22.082 -14.3 -70.7259
    endloop
  endfacet
  facet normal 0 1 0
    outer loop
      vertex 22.1 -14.3 -71
      vertex 17.9 -14.3 -71
      vertex 17.918 -14.3 -70.7259
    endloop
  endfacet
  facet normal 0 1 -0
    outer loop
      vertex 22.082 -14.3 -71.2741
      vertex 17.9 -14.3 -71
      vertex 22.1 -14.3 -71
    endloop
  endfacet
  facet normal 0 1 0
    outer loop
      vertex 22.082 -14.3 -71.2741
      vertex 17.918 -14.3 -71.2741
      vertex 17.9 -14.3 -71
    endloop
  endfacet
  facet normal 0 1 -0
    outer loop
      vertex 22.0284 -14.3 -71.5435
      vertex 17.918 -14.3 -71.2741
      vertex 22.082 -14.3 -71.2741
    endloop
  endfacet
  facet normal 0 1 0
    outer loop
      vertex 22.0284 -14.3 -71.5435
      vertex 17.9716 -14.3 -71.5435
      vertex 17.918 -14.3 -71.2741
    endloop
  endfacet
  facet normal 0 1 -0
    outer loop
      vertex 21.9401 -14.3 -71.8036
      vertex 17.9716 -14.3 -71.5435
      vertex 22.0284 -14.3 -71.5435
    endloop
  endfacet
  facet normal 0 1 0
    outer loop
      vertex 21.9401 -14.3 -71.8036
      vertex 18.0599 -14.3 -71.8036
      vertex 17.9716 -14.3 -71.5435
    endloop
  endfacet
  facet normal 0 1 -0
    outer loop
      vertex 21.8187 -14.3 -72.05
      vertex 18.0599 -14.3 -71.8036
      vertex 21.9401 -14.3 -71.8036
    endloop
  endfacet
  facet normal 0 1 0
    outer loop
      vertex 21.8187 -14.3 -72.05
      vertex 18.1813 -14.3 -72.05
      vertex 18.0599 -14.3 -71.8036
    endloop
  endfacet
  facet normal 0 1 -0
    outer loop
      vertex 21.666 -14.3 -72.2784
      vertex 18.1813 -14.3 -72.05
      vertex 21.8187 -14.3 -72.05
    endloop
  endfacet
  facet normal 0 1 0
    outer loop
      vertex 21.666 -14.3 -72.2784
      vertex 18.334 -14.3 -72.2784
      vertex 18.1813 -14.3 -72.05
    endloop
  endfacet
  facet normal 0 1 -0
    outer loop
      vertex 21.4849 -14.3 -72.4849
      vertex 18.334 -14.3 -72.2784
      vertex 21.666 -14.3 -72.2784
    endloop
  endfacet
  facet normal 0 1 0
    outer loop
      vertex 21.4849 -14.3 -72.4849
      vertex 18.5151 -14.3 -72.4849
      vertex 18.334 -14.3 -72.2784
    endloop
  endfacet
  facet normal 0 1 -0
    outer loop
      vertex 21.2784 -14.3 -72.666
      vertex 18.5151 -14.3 -72.4849
      vertex 21.4849 -14.3 -72.4849
    endloop
  endfacet
  facet normal 0 1 0
    outer loop
      vertex 21.2784 -14.3 -72.666
      vertex 18.7216 -14.3 -72.666
      vertex 18.5151 -14.3 -72.4849
    endloop
  endfacet
  facet normal 0 1 -0
    outer loop
      vertex 21.05 -14.3 -72.8186
      vertex 18.7216 -14.3 -72.666
      vertex 21.2784 -14.3 -72.666
    endloop
  endfacet
  facet normal 0 1 0
    outer loop
      vertex 21.05 -14.3 -72.8186
      vertex 18.95 -14.3 -72.8186
      vertex 18.7216 -14.3 -72.666
    endloop
  endfacet
  facet normal 0 1 -0
    outer loop
      vertex 20.8036 -14.3 -72.9401
      vertex 18.95 -14.3 -72.8186
      vertex 21.05 -14.3 -72.8186
    endloop
  endfacet
  facet normal 0 1 0
    outer loop
      vertex 20.8036 -14.3 -72.9401
      vertex 19.1964 -14.3 -72.9401
      vertex 18.95 -14.3 -72.8186
    endloop
  endfacet
  facet normal 0 1 -0
    outer loop
      vertex 20.5435 -14.3 -73.0284
      vertex 19.1964 -14.3 -72.9401
      vertex 20.8036 -14.3 -72.9401
    endloop
  endfacet
  facet normal 0 1 0
    outer loop
      vertex 20.5435 -14.3 -73.0284
      vertex 19.4565 -14.3 -73.0284
      vertex 19.1964 -14.3 -72.9401
    endloop
  endfacet
  facet normal 0 1 -0
    outer loop
      vertex 20.2741 -14.3 -73.082
      vertex 19.4565 -14.3 -73.0284
      vertex 20.5435 -14.3 -73.0284
    endloop
  endfacet
  facet normal 0 1 0
    outer loop
      vertex 20.2741 -14.3 -73.082
      vertex 19.7259 -14.3 -73.082
      vertex 19.4565 -14.3 -73.0284
    endloop
  endfacet
  facet normal -0 1 0
    outer loop
      vertex 19.7259 -14.3 -73.082
      vertex 20.2741 -14.3 -73.082
      vertex 20 -14.3 -73.1
    endloop
  endfacet
  facet normal 0.321465 0 -0.946921
    outer loop
      vertex 19.1964 -14.3 -69.0599
      vertex 19.4565 -0.3 -68.9716
      vertex 19.4565 -14.3 -68.9716
    endloop
  endfacet
  facet normal 0.321465 0 -0.946921
    outer loop
      vertex 19.4565 -0.3 -68.9716
      vertex 19.1964 -14.3 -69.0599
      vertex 19.1964 -0.3 -69.0599
    endloop
  endfacet
  facet normal -0.997851 0 0.0655283
    outer loop
      vertex 22.082 -14.3 -71.2741
      vertex 22.1 -0.3 -71
      vertex 22.082 -0.3 -71.2741
    endloop
  endfacet
  facet normal -0.997851 0 0.0655283
    outer loop
      vertex 22.1 -0.3 -71
      vertex 22.082 -14.3 -71.2741
      vertex 22.1 -14.3 -71
    endloop
  endfacet
  facet normal -0.831322 0 -0.555792
    outer loop
      vertex 21.8187 -14.3 -69.95
      vertex 21.666 -0.3 -69.7216
      vertex 21.8187 -0.3 -69.95
    endloop
  endfacet
  facet normal -0.831322 -0 -0.555792
    outer loop
      vertex 21.666 -0.3 -69.7216
      vertex 21.8187 -14.3 -69.95
      vertex 21.666 -14.3 -69.7216
    endloop
  endfacet
  facet normal -0.659355 0 0.751832
    outer loop
      vertex 21.2784 -0.3 -72.666
      vertex 21.4849 -14.3 -72.4849
      vertex 21.4849 -0.3 -72.4849
    endloop
  endfacet
  facet normal -0.659355 0 0.751832
    outer loop
      vertex 21.4849 -14.3 -72.4849
      vertex 21.2784 -0.3 -72.666
      vertex 21.2784 -14.3 -72.666
    endloop
  endfacet
  facet normal -0.195136 0 0.980776
    outer loop
      vertex 20.2741 -0.3 -73.082
      vertex 20.5435 -14.3 -73.0284
      vertex 20.5435 -0.3 -73.0284
    endloop
  endfacet
  facet normal -0.195136 0 0.980776
    outer loop
      vertex 20.5435 -14.3 -73.0284
      vertex 20.2741 -0.3 -73.082
      vertex 20.2741 -14.3 -73.082
    endloop
  endfacet
  facet normal 0.195136 0 -0.980776
    outer loop
      vertex 19.4565 -14.3 -68.9716
      vertex 19.7259 -0.3 -68.918
      vertex 19.7259 -14.3 -68.918
    endloop
  endfacet
  facet normal 0.195136 0 -0.980776
    outer loop
      vertex 19.7259 -0.3 -68.918
      vertex 19.4565 -14.3 -68.9716
      vertex 19.4565 -0.3 -68.9716
    endloop
  endfacet
  facet normal 0.751832 0 -0.659355
    outer loop
      vertex 18.5151 -14.3 -69.5151
      vertex 18.334 -0.3 -69.7216
      vertex 18.5151 -0.3 -69.5151
    endloop
  endfacet
  facet normal 0.751832 0 -0.659355
    outer loop
      vertex 18.334 -0.3 -69.7216
      vertex 18.5151 -14.3 -69.5151
      vertex 18.334 -14.3 -69.7216
    endloop
  endfacet
  facet normal -0.55554 0 -0.83149
    outer loop
      vertex 21.05 -14.3 -69.1814
      vertex 21.2784 -0.3 -69.334
      vertex 21.2784 -14.3 -69.334
    endloop
  endfacet
  facet normal -0.55554 0 -0.83149
    outer loop
      vertex 21.2784 -0.3 -69.334
      vertex 21.05 -14.3 -69.1814
      vertex 21.05 -0.3 -69.1814
    endloop
  endfacet
  facet normal -0.0655283 0 -0.997851
    outer loop
      vertex 20 -14.3 -68.9
      vertex 20.2741 -0.3 -68.918
      vertex 20.2741 -14.3 -68.918
    endloop
  endfacet
  facet normal -0.0655283 0 -0.997851
    outer loop
      vertex 20.2741 -0.3 -68.918
      vertex 20 -14.3 -68.9
      vertex 20 -0.3 -68.9
    endloop
  endfacet
  facet normal 0.442256 0 -0.896889
    outer loop
      vertex 18.95 -14.3 -69.1814
      vertex 19.1964 -0.3 -69.0599
      vertex 19.1964 -14.3 -69.0599
    endloop
  endfacet
  facet normal 0.442256 0 -0.896889
    outer loop
      vertex 19.1964 -0.3 -69.0599
      vertex 18.95 -14.3 -69.1814
      vertex 18.95 -0.3 -69.1814
    endloop
  endfacet
  facet normal -0.321465 0 0.946921
    outer loop
      vertex 20.5435 -0.3 -73.0284
      vertex 20.8036 -14.3 -72.9401
      vertex 20.8036 -0.3 -72.9401
    endloop
  endfacet
  facet normal -0.321465 0 0.946921
    outer loop
      vertex 20.8036 -14.3 -72.9401
      vertex 20.5435 -0.3 -73.0284
      vertex 20.5435 -14.3 -73.0284
    endloop
  endfacet
  facet normal 0.321465 0 0.946921
    outer loop
      vertex 19.1964 -0.3 -72.9401
      vertex 19.4565 -14.3 -73.0284
      vertex 19.4565 -0.3 -73.0284
    endloop
  endfacet
  facet normal 0.321465 0 0.946921
    outer loop
      vertex 19.4565 -14.3 -73.0284
      vertex 19.1964 -0.3 -72.9401
      vertex 19.1964 -14.3 -72.9401
    endloop
  endfacet
  facet normal -0.751832 0 -0.659355
    outer loop
      vertex 21.666 -14.3 -69.7216
      vertex 21.4849 -0.3 -69.5151
      vertex 21.666 -0.3 -69.7216
    endloop
  endfacet
  facet normal -0.751832 -0 -0.659355
    outer loop
      vertex 21.4849 -0.3 -69.5151
      vertex 21.666 -14.3 -69.7216
      vertex 21.4849 -14.3 -69.5151
    endloop
  endfacet
  facet normal 0.946921 0 -0.321465
    outer loop
      vertex 18.0599 -14.3 -70.1964
      vertex 17.9716 -0.3 -70.4565
      vertex 18.0599 -0.3 -70.1964
    endloop
  endfacet
  facet normal 0.946921 0 -0.321465
    outer loop
      vertex 17.9716 -0.3 -70.4565
      vertex 18.0599 -14.3 -70.1964
      vertex 17.9716 -14.3 -70.4565
    endloop
  endfacet
  facet normal 0.751832 -0 0.659355
    outer loop
      vertex 18.334 -14.3 -72.2784
      vertex 18.5151 -0.3 -72.4849
      vertex 18.334 -0.3 -72.2784
    endloop
  endfacet
  facet normal 0.751832 0 0.659355
    outer loop
      vertex 18.5151 -0.3 -72.4849
      vertex 18.334 -14.3 -72.2784
      vertex 18.5151 -14.3 -72.4849
    endloop
  endfacet
  facet normal -0.321465 0 -0.946921
    outer loop
      vertex 20.5435 -14.3 -68.9716
      vertex 20.8036 -0.3 -69.0599
      vertex 20.8036 -14.3 -69.0599
    endloop
  endfacet
  facet normal -0.321465 0 -0.946921
    outer loop
      vertex 20.8036 -0.3 -69.0599
      vertex 20.5435 -14.3 -68.9716
      vertex 20.5435 -0.3 -68.9716
    endloop
  endfacet
  facet normal -0.946921 0 0.321465
    outer loop
      vertex 21.9401 -14.3 -71.8036
      vertex 22.0284 -0.3 -71.5435
      vertex 21.9401 -0.3 -71.8036
    endloop
  endfacet
  facet normal -0.946921 0 0.321465
    outer loop
      vertex 22.0284 -0.3 -71.5435
      vertex 21.9401 -14.3 -71.8036
      vertex 22.0284 -14.3 -71.5435
    endloop
  endfacet
  facet normal 0.980776 -0 0.195136
    outer loop
      vertex 17.918 -14.3 -71.2741
      vertex 17.9716 -0.3 -71.5435
      vertex 17.918 -0.3 -71.2741
    endloop
  endfacet
  facet normal 0.980776 0 0.195136
    outer loop
      vertex 17.9716 -0.3 -71.5435
      vertex 17.918 -14.3 -71.2741
      vertex 17.9716 -14.3 -71.5435
    endloop
  endfacet
  facet normal 0.659355 0 -0.751832
    outer loop
      vertex 18.5151 -14.3 -69.5151
      vertex 18.7216 -0.3 -69.334
      vertex 18.7216 -14.3 -69.334
    endloop
  endfacet
  facet normal 0.659355 0 -0.751832
    outer loop
      vertex 18.7216 -0.3 -69.334
      vertex 18.5151 -14.3 -69.5151
      vertex 18.5151 -0.3 -69.5151
    endloop
  endfacet
  facet normal 0.442256 0 0.896889
    outer loop
      vertex 18.95 -0.3 -72.8186
      vertex 19.1964 -14.3 -72.9401
      vertex 19.1964 -0.3 -72.9401
    endloop
  endfacet
  facet normal 0.442256 0 0.896889
    outer loop
      vertex 19.1964 -14.3 -72.9401
      vertex 18.95 -0.3 -72.8186
      vertex 18.95 -14.3 -72.8186
    endloop
  endfacet
  facet normal 0.897033 -0 0.441964
    outer loop
      vertex 18.0599 -14.3 -71.8036
      vertex 18.1813 -0.3 -72.05
      vertex 18.0599 -0.3 -71.8036
    endloop
  endfacet
  facet normal 0.897033 0 0.441964
    outer loop
      vertex 18.1813 -0.3 -72.05
      vertex 18.0599 -14.3 -71.8036
      vertex 18.1813 -14.3 -72.05
    endloop
  endfacet
  facet normal -0.0655283 0 0.997851
    outer loop
      vertex 20 -0.3 -73.1
      vertex 20.2741 -14.3 -73.082
      vertex 20.2741 -0.3 -73.082
    endloop
  endfacet
  facet normal -0.0655283 0 0.997851
    outer loop
      vertex 20.2741 -14.3 -73.082
      vertex 20 -0.3 -73.1
      vertex 20 -14.3 -73.1
    endloop
  endfacet
  facet normal 0.897033 0 -0.441964
    outer loop
      vertex 18.1813 -14.3 -69.95
      vertex 18.0599 -0.3 -70.1964
      vertex 18.1813 -0.3 -69.95
    endloop
  endfacet
  facet normal 0.897033 0 -0.441964
    outer loop
      vertex 18.0599 -0.3 -70.1964
      vertex 18.1813 -14.3 -69.95
      vertex 18.0599 -14.3 -70.1964
    endloop
  endfacet
  facet normal 0.997851 0 -0.0655283
    outer loop
      vertex 17.918 -14.3 -70.7259
      vertex 17.9 -0.3 -71
      vertex 17.918 -0.3 -70.7259
    endloop
  endfacet
  facet normal 0.997851 0 -0.0655283
    outer loop
      vertex 17.9 -0.3 -71
      vertex 17.918 -14.3 -70.7259
      vertex 17.9 -14.3 -71
    endloop
  endfacet
  facet normal -0.659355 0 -0.751832
    outer loop
      vertex 21.2784 -14.3 -69.334
      vertex 21.4849 -0.3 -69.5151
      vertex 21.4849 -14.3 -69.5151
    endloop
  endfacet
  facet normal -0.659355 0 -0.751832
    outer loop
      vertex 21.4849 -0.3 -69.5151
      vertex 21.2784 -14.3 -69.334
      vertex 21.2784 -0.3 -69.334
    endloop
  endfacet
  facet normal 0.831322 -0 0.555792
    outer loop
      vertex 18.1813 -14.3 -72.05
      vertex 18.334 -0.3 -72.2784
      vertex 18.1813 -0.3 -72.05
    endloop
  endfacet
  facet normal 0.831322 0 0.555792
    outer loop
      vertex 18.334 -0.3 -72.2784
      vertex 18.1813 -14.3 -72.05
      vertex 18.334 -14.3 -72.2784
    endloop
  endfacet
  facet normal 0.997851 -0 0.0655283
    outer loop
      vertex 17.9 -14.3 -71
      vertex 17.918 -0.3 -71.2741
      vertex 17.9 -0.3 -71
    endloop
  endfacet
  facet normal 0.997851 0 0.0655283
    outer loop
      vertex 17.918 -0.3 -71.2741
      vertex 17.9 -14.3 -71
      vertex 17.918 -14.3 -71.2741
    endloop
  endfacet
  facet normal 0.55554 0 0.83149
    outer loop
      vertex 18.7216 -0.3 -72.666
      vertex 18.95 -14.3 -72.8186
      vertex 18.95 -0.3 -72.8186
    endloop
  endfacet
  facet normal 0.55554 0 0.83149
    outer loop
      vertex 18.95 -14.3 -72.8186
      vertex 18.7216 -0.3 -72.666
      vertex 18.7216 -14.3 -72.666
    endloop
  endfacet
  facet normal 0.195136 0 0.980776
    outer loop
      vertex 19.4565 -0.3 -73.0284
      vertex 19.7259 -14.3 -73.082
      vertex 19.7259 -0.3 -73.082
    endloop
  endfacet
  facet normal 0.195136 0 0.980776
    outer loop
      vertex 19.7259 -14.3 -73.082
      vertex 19.4565 -0.3 -73.0284
      vertex 19.4565 -14.3 -73.0284
    endloop
  endfacet
  facet normal 1 -0 0
    outer loop
      vertex -16 -0.15 78
      vertex -16 2.65 76
      vertex -16 2.65 80.4
    endloop
  endfacet
  facet normal 1 0 0
    outer loop
      vertex -16 -0.15 78
      vertex -16 2.65 80.4
      vertex -16 -0.15 80.4
    endloop
  endfacet
  facet normal 1 0 0
    outer loop
      vertex -16 2.65 76
      vertex -16 -0.15 78
      vertex -16 0 76
    endloop
  endfacet
  facet normal 1 0 0
    outer loop
      vertex -16 -2 74
      vertex -16 0 76
      vertex -16 -0.15 78
    endloop
  endfacet
  facet normal 1 0 0
    outer loop
      vertex -16 0 76
      vertex -16 -2 74
      vertex -16 0 74
    endloop
  endfacet
  facet normal 1 0 0
    outer loop
      vertex -16 -6 77.7516
      vertex -16 -0.15 78
      vertex -16 -6 78
    endloop
  endfacet
  facet normal 1 0 0
    outer loop
      vertex -16 -0.15 78
      vertex -16 -6 77.7516
      vertex -16 -2 74
    endloop
  endfacet
  facet normal 1 0 0
    outer loop
      vertex -16 -6 77.7516
      vertex -16 -17.1 72
      vertex -16 -2 74
    endloop
  endfacet
  facet normal 1 -0 0
    outer loop
      vertex -16 -19.6 76.0621
      vertex -16 -17.1 72
      vertex -16 -6 77.7516
    endloop
  endfacet
  facet normal 1 0 0
    outer loop
      vertex -16 -17.1 72
      vertex -16 -19.6 76.0621
      vertex -16 -19.6 72
    endloop
  endfacet
  facet normal -0 0 1
    outer loop
      vertex -24 -0.15 78
      vertex -16 -6 78
      vertex -16 -0.15 78
    endloop
  endfacet
  facet normal 0 0 1
    outer loop
      vertex -16 -6 78
      vertex -24 -0.15 78
      vertex -24 -6 78
    endloop
  endfacet
  facet normal 0 0 -1
    outer loop
      vertex -24 -2 74
      vertex -16 0 74
      vertex -16 -2 74
    endloop
  endfacet
  facet normal -0 0 -1
    outer loop
      vertex -16 0 74
      vertex -24 -2 74
      vertex -24 0 74
    endloop
  endfacet
  facet normal -1 0 0
    outer loop
      vertex -24 -17.1 72
      vertex -24 -6 77.7516
      vertex -24 -2 74
    endloop
  endfacet
  facet normal -1 0 0
    outer loop
      vertex -24 -19.6 76.0621
      vertex -24 -17.1 72
      vertex -24 -19.6 72
    endloop
  endfacet
  facet normal -1 0 0
    outer loop
      vertex -24 -17.1 72
      vertex -24 -19.6 76.0621
      vertex -24 -6 77.7516
    endloop
  endfacet
  facet normal -1 0 0
    outer loop
      vertex -24 -2 74
      vertex -24 0 76
      vertex -24 0 74
    endloop
  endfacet
  facet normal -1 -0 0
    outer loop
      vertex -24 0 76
      vertex -24 -2 74
      vertex -24 -0.15 78
    endloop
  endfacet
  facet normal -1 0 0
    outer loop
      vertex -24 -6 77.7516
      vertex -24 -0.15 78
      vertex -24 -2 74
    endloop
  endfacet
  facet normal -1 -0 0
    outer loop
      vertex -24 -0.15 78
      vertex -24 -6 77.7516
      vertex -24 -6 78
    endloop
  endfacet
  facet normal -1 0 0
    outer loop
      vertex -24 -0.15 78
      vertex -24 2.65 76
      vertex -24 0 76
    endloop
  endfacet
  facet normal -1 0 0
    outer loop
      vertex -24 2.65 76
      vertex -24 -0.15 78
      vertex -24 2.65 80.4
    endloop
  endfacet
  facet normal -1 -0 0
    outer loop
      vertex -24 2.65 80.4
      vertex -24 -0.15 78
      vertex -24 -0.15 80.4
    endloop
  endfacet
  facet normal 0 1 -0
    outer loop
      vertex -16 0 74
      vertex -24 0 76
      vertex -16 0 76
    endloop
  endfacet
  facet normal 0 1 0
    outer loop
      vertex -24 0 76
      vertex -16 0 74
      vertex -24 0 74
    endloop
  endfacet
  facet normal 0 -1 0
    outer loop
      vertex -24 -6 77.7516
      vertex -16 -6 78
      vertex -24 -6 78
    endloop
  endfacet
  facet normal 0 -1 -0
    outer loop
      vertex -16 -6 78
      vertex -24 -6 77.7516
      vertex -16 -6 77.7516
    endloop
  endfacet
  facet normal -0 0 1
    outer loop
      vertex -24 2.65 80.4
      vertex -16 -0.15 80.4
      vertex -16 2.65 80.4
    endloop
  endfacet
  facet normal 0 0 1
    outer loop
      vertex -16 -0.15 80.4
      vertex -24 2.65 80.4
      vertex -24 -0.15 80.4
    endloop
  endfacet
  facet normal 0 0 -1
    outer loop
      vertex -24 0 76
      vertex -16 2.65 76
      vertex -16 0 76
    endloop
  endfacet
  facet normal -0 0 -1
    outer loop
      vertex -16 2.65 76
      vertex -24 0 76
      vertex -24 2.65 76
    endloop
  endfacet
  facet normal 0 1 -0
    outer loop
      vertex -16 2.65 76
      vertex -24 2.65 80.4
      vertex -16 2.65 80.4
    endloop
  endfacet
  facet normal 0 1 0
    outer loop
      vertex -24 2.65 80.4
      vertex -16 2.65 76
      vertex -24 2.65 76
    endloop
  endfacet
  facet normal 0 -1 0
    outer loop
      vertex -24 -0.15 78
      vertex -16 -0.15 80.4
      vertex -24 -0.15 80.4
    endloop
  endfacet
  facet normal 0 -1 -0
    outer loop
      vertex -16 -0.15 80.4
      vertex -24 -0.15 78
      vertex -16 -0.15 78
    endloop
  endfacet
  facet normal 0 0.131304 -0.991342
    outer loop
      vertex -24 -17.1 72
      vertex -16 -2 74
      vertex -16 -17.1 72
    endloop
  endfacet
  facet normal 0 0.131304 -0.991342
    outer loop
      vertex -16 -2 74
      vertex -24 -17.1 72
      vertex -24 -2 74
    endloop
  endfacet
  facet normal 0 -0.12328 0.992372
    outer loop
      vertex -24 -6 77.7516
      vertex -16 -19.6 76.0621
      vertex -16 -6 77.7516
    endloop
  endfacet
  facet normal 0 -0.12328 0.992372
    outer loop
      vertex -16 -19.6 76.0621
      vertex -24 -6 77.7516
      vertex -24 -19.6 76.0621
    endloop
  endfacet
  facet normal 0 0 -1
    outer loop
      vertex -24 -19.6 72
      vertex -16 -17.1 72
      vertex -16 -19.6 72
    endloop
  endfacet
  facet normal -0 0 -1
    outer loop
      vertex -16 -17.1 72
      vertex -24 -19.6 72
      vertex -24 -17.1 72
    endloop
  endfacet
  facet normal 1 -0 0
    outer loop
      vertex 24 -0.15 78
      vertex 24 2.65 76
      vertex 24 2.65 80.4
    endloop
  endfacet
  facet normal 1 0 0
    outer loop
      vertex 24 -0.15 78
      vertex 24 2.65 80.4
      vertex 24 -0.15 80.4
    endloop
  endfacet
  facet normal 1 0 0
    outer loop
      vertex 24 2.65 76
      vertex 24 -0.15 78
      vertex 24 0 76
    endloop
  endfacet
  facet normal 1 0 0
    outer loop
      vertex 24 -2 74
      vertex 24 0 76
      vertex 24 -0.15 78
    endloop
  endfacet
  facet normal 1 0 0
    outer loop
      vertex 24 0 76
      vertex 24 -2 74
      vertex 24 0 74
    endloop
  endfacet
  facet normal 1 0 0
    outer loop
      vertex 24 -6 77.7516
      vertex 24 -0.15 78
      vertex 24 -6 78
    endloop
  endfacet
  facet normal 1 0 0
    outer loop
      vertex 24 -0.15 78
      vertex 24 -6 77.7516
      vertex 24 -2 74
    endloop
  endfacet
  facet normal 1 0 0
    outer loop
      vertex 24 -6 77.7516
      vertex 24 -17.1 72
      vertex 24 -2 74
    endloop
  endfacet
  facet normal 1 -0 0
    outer loop
      vertex 24 -19.6 76.0621
      vertex 24 -17.1 72
      vertex 24 -6 77.7516
    endloop
  endfacet
  facet normal 1 0 0
    outer loop
      vertex 24 -17.1 72
      vertex 24 -19.6 76.0621
      vertex 24 -19.6 72
    endloop
  endfacet
  facet normal -0 0 1
    outer loop
      vertex 16 -0.15 78
      vertex 24 -6 78
      vertex 24 -0.15 78
    endloop
  endfacet
  facet normal 0 0 1
    outer loop
      vertex 24 -6 78
      vertex 16 -0.15 78
      vertex 16 -6 78
    endloop
  endfacet
  facet normal 0 0 -1
    outer loop
      vertex 16 -2 74
      vertex 24 0 74
      vertex 24 -2 74
    endloop
  endfacet
  facet normal -0 0 -1
    outer loop
      vertex 24 0 74
      vertex 16 -2 74
      vertex 16 0 74
    endloop
  endfacet
  facet normal -1 0 0
    outer loop
      vertex 16 -17.1 72
      vertex 16 -6 77.7516
      vertex 16 -2 74
    endloop
  endfacet
  facet normal -1 0 0
    outer loop
      vertex 16 -19.6 76.0621
      vertex 16 -17.1 72
      vertex 16 -19.6 72
    endloop
  endfacet
  facet normal -1 0 0
    outer loop
      vertex 16 -17.1 72
      vertex 16 -19.6 76.0621
      vertex 16 -6 77.7516
    endloop
  endfacet
  facet normal -1 0 0
    outer loop
      vertex 16 -2 74
      vertex 16 0 76
      vertex 16 0 74
    endloop
  endfacet
  facet normal -1 -0 0
    outer loop
      vertex 16 0 76
      vertex 16 -2 74
      vertex 16 -0.15 78
    endloop
  endfacet
  facet normal -1 0 0
    outer loop
      vertex 16 -6 77.7516
      vertex 16 -0.15 78
      vertex 16 -2 74
    endloop
  endfacet
  facet normal -1 -0 0
    outer loop
      vertex 16 -0.15 78
      vertex 16 -6 77.7516
      vertex 16 -6 78
    endloop
  endfacet
  facet normal -1 0 0
    outer loop
      vertex 16 -0.15 78
      vertex 16 2.65 76
      vertex 16 0 76
    endloop
  endfacet
  facet normal -1 0 0
    outer loop
      vertex 16 2.65 76
      vertex 16 -0.15 78
      vertex 16 2.65 80.4
    endloop
  endfacet
  facet normal -1 -0 0
    outer loop
      vertex 16 2.65 80.4
      vertex 16 -0.15 78
      vertex 16 -0.15 80.4
    endloop
  endfacet
  facet normal 0 1 -0
    outer loop
      vertex 24 0 74
      vertex 16 0 76
      vertex 24 0 76
    endloop
  endfacet
  facet normal 0 1 0
    outer loop
      vertex 16 0 76
      vertex 24 0 74
      vertex 16 0 74
    endloop
  endfacet
  facet normal 0 -1 0
    outer loop
      vertex 16 -6 77.7516
      vertex 24 -6 78
      vertex 16 -6 78
    endloop
  endfacet
  facet normal 0 -1 -0
    outer loop
      vertex 24 -6 78
      vertex 16 -6 77.7516
      vertex 24 -6 77.7516
    endloop
  endfacet
  facet normal -0 0 1
    outer loop
      vertex 16 2.65 80.4
      vertex 24 -0.15 80.4
      vertex 24 2.65 80.4
    endloop
  endfacet
  facet normal 0 0 1
    outer loop
      vertex 24 -0.15 80.4
      vertex 16 2.65 80.4
      vertex 16 -0.15 80.4
    endloop
  endfacet
  facet normal 0 0 -1
    outer loop
      vertex 16 0 76
      vertex 24 2.65 76
      vertex 24 0 76
    endloop
  endfacet
  facet normal -0 0 -1
    outer loop
      vertex 24 2.65 76
      vertex 16 0 76
      vertex 16 2.65 76
    endloop
  endfacet
  facet normal 0 1 -0
    outer loop
      vertex 24 2.65 76
      vertex 16 2.65 80.4
      vertex 24 2.65 80.4
    endloop
  endfacet
  facet normal 0 1 0
    outer loop
      vertex 16 2.65 80.4
      vertex 24 2.65 76
      vertex 16 2.65 76
    endloop
  endfacet
  facet normal 0 -1 0
    outer loop
      vertex 16 -0.15 78
      vertex 24 -0.15 80.4
      vertex 16 -0.15 80.4
    endloop
  endfacet
  facet normal 0 -1 -0
    outer loop
      vertex 24 -0.15 80.4
      vertex 16 -0.15 78
      vertex 24 -0.15 78
    endloop
  endfacet
  facet normal 0 0.131304 -0.991342
    outer loop
      vertex 16 -17.1 72
      vertex 24 -2 74
      vertex 24 -17.1 72
    endloop
  endfacet
  facet normal 0 0.131304 -0.991342
    outer loop
      vertex 24 -2 74
      vertex 16 -17.1 72
      vertex 16 -2 74
    endloop
  endfacet
  facet normal 0 -0.12328 0.992372
    outer loop
      vertex 16 -6 77.7516
      vertex 24 -19.6 76.0621
      vertex 24 -6 77.7516
    endloop
  endfacet
  facet normal 0 -0.12328 0.992372
    outer loop
      vertex 24 -19.6 76.0621
      vertex 16 -6 77.7516
      vertex 16 -19.6 76.0621
    endloop
  endfacet
  facet normal 0 0 -1
    outer loop
      vertex 16 -19.6 72
      vertex 24 -17.1 72
      vertex 24 -19.6 72
    endloop
  endfacet
  facet normal -0 0 -1
    outer loop
      vertex 24 -17.1 72
      vertex 16 -19.6 72
      vertex 16 -17.1 72
    endloop
  endfacet
  facet normal -0.751867 0 -0.659315
    outer loop
      vertex 10.2767 -22 67.6307
      vertex 9.97487 -19.6 67.9749
      vertex 10.2767 -19.6 67.6307
    endloop
  endfacet
  facet normal -0.751867 -0 -0.659315
    outer loop
      vertex 9.97487 -19.6 67.9749
      vertex 10.2767 -22 67.6307
      vertex 9.97487 -22 67.9749
    endloop
  endfacet
  facet normal -0.0653085 0 0.997865
    outer loop
      vertex 7.5 -19.6 27
      vertex 7.95685 -22 27.0299
      vertex 7.95685 -19.6 27.0299
    endloop
  endfacet
  facet normal -0.0653085 0 0.997865
    outer loop
      vertex 7.95685 -22 27.0299
      vertex 7.5 -19.6 27
      vertex 7.5 -22 27
    endloop
  endfacet
  facet normal -0.442305 0 -0.896864
    outer loop
      vertex 8.83939 -22 68.7336
      vertex 9.25 -19.6 68.5311
      vertex 9.25 -22 68.5311
    endloop
  endfacet
  facet normal -0.442305 0 -0.896864
    outer loop
      vertex 9.25 -19.6 68.5311
      vertex 8.83939 -22 68.7336
      vertex 8.83939 -19.6 68.7336
    endloop
  endfacet
  facet normal 0.89686 0 -0.442314
    outer loop
      vertex -10.5311 -22 67.25
      vertex -10.7336 -19.6 66.8394
      vertex -10.5311 -19.6 67.25
    endloop
  endfacet
  facet normal 0.89686 0 -0.442314
    outer loop
      vertex -10.7336 -19.6 66.8394
      vertex -10.5311 -22 67.25
      vertex -10.7336 -22 66.8394
    endloop
  endfacet
  facet normal -0.442305 0 0.896864
    outer loop
      vertex 8.83939 -19.6 27.2664
      vertex 9.25 -22 27.4689
      vertex 9.25 -19.6 27.4689
    endloop
  endfacet
  facet normal -0.442305 0 0.896864
    outer loop
      vertex 9.25 -22 27.4689
      vertex 8.83939 -19.6 27.2664
      vertex 8.83939 -22 27.2664
    endloop
  endfacet
  facet normal -0.555647 0 0.831418
    outer loop
      vertex 9.25 -19.6 27.4689
      vertex 9.63066 -22 27.7233
      vertex 9.63066 -19.6 27.7233
    endloop
  endfacet
  facet normal -0.555647 0 0.831418
    outer loop
      vertex 9.63066 -22 27.7233
      vertex 9.25 -19.6 27.4689
      vertex 9.25 -22 27.4689
    endloop
  endfacet
  facet normal 0.997865 0 -0.0653156
    outer loop
      vertex -10.9701 -22 65.9568
      vertex -11 -19.6 65.5
      vertex -10.9701 -19.6 65.9568
    endloop
  endfacet
  facet normal 0.997865 0 -0.0653156
    outer loop
      vertex -11 -19.6 65.5
      vertex -10.9701 -22 65.9568
      vertex -11 -22 65.5
    endloop
  endfacet
  facet normal -0.980757 0 0.195234
    outer loop
      vertex 10.8807 -22 29.5941
      vertex 10.9701 -19.6 30.0432
      vertex 10.8807 -19.6 29.5941
    endloop
  endfacet
  facet normal -0.980757 0 0.195234
    outer loop
      vertex 10.9701 -19.6 30.0432
      vertex 10.8807 -22 29.5941
      vertex 10.9701 -22 30.0432
    endloop
  endfacet
  facet normal -0.980757 0 -0.195234
    outer loop
      vertex 10.9701 -22 65.9568
      vertex 10.8807 -19.6 66.4059
      vertex 10.9701 -19.6 65.9568
    endloop
  endfacet
  facet normal -0.980757 -0 -0.195234
    outer loop
      vertex 10.8807 -19.6 66.4059
      vertex 10.9701 -22 65.9568
      vertex 10.8807 -22 66.4059
    endloop
  endfacet
  facet normal 0.0653085 0 0.997865
    outer loop
      vertex -7.95685 -19.6 27.0299
      vertex -7.5 -22 27
      vertex -7.5 -19.6 27
    endloop
  endfacet
  facet normal 0.0653085 0 0.997865
    outer loop
      vertex -7.5 -22 27
      vertex -7.95685 -19.6 27.0299
      vertex -7.95685 -22 27.0299
    endloop
  endfacet
  facet normal -0.659267 0 -0.751909
    outer loop
      vertex 9.63066 -22 68.2767
      vertex 9.97487 -19.6 67.9749
      vertex 9.97487 -22 67.9749
    endloop
  endfacet
  facet normal -0.659267 0 -0.751909
    outer loop
      vertex 9.97487 -19.6 67.9749
      vertex 9.63066 -22 68.2767
      vertex 9.63066 -19.6 68.2767
    endloop
  endfacet
  facet normal -1 0 0
    outer loop
      vertex 11 -22 30.5
      vertex 11 -19.6 65.5
      vertex 11 -19.6 30.5
    endloop
  endfacet
  facet normal -1 -0 0
    outer loop
      vertex 11 -19.6 65.5
      vertex 11 -22 30.5
      vertex 11 -22 65.5
    endloop
  endfacet
  facet normal -0 0 1
    outer loop
      vertex -7.5 -19.6 27
      vertex 7.5 -22 27
      vertex 7.5 -19.6 27
    endloop
  endfacet
  facet normal 0 0 1
    outer loop
      vertex 7.5 -22 27
      vertex -7.5 -19.6 27
      vertex -7.5 -22 27
    endloop
  endfacet
  facet normal -0.751867 0 0.659315
    outer loop
      vertex 9.97487 -22 28.0251
      vertex 10.2767 -19.6 28.3693
      vertex 9.97487 -19.6 28.0251
    endloop
  endfacet
  facet normal -0.751867 0 0.659315
    outer loop
      vertex 10.2767 -19.6 28.3693
      vertex 9.97487 -22 28.0251
      vertex 10.2767 -22 28.3693
    endloop
  endfacet
  facet normal 0.751867 -0 0.659315
    outer loop
      vertex -10.2767 -22 28.3693
      vertex -9.97487 -19.6 28.0251
      vertex -10.2767 -19.6 28.3693
    endloop
  endfacet
  facet normal 0.751867 0 0.659315
    outer loop
      vertex -9.97487 -19.6 28.0251
      vertex -10.2767 -22 28.3693
      vertex -9.97487 -22 28.0251
    endloop
  endfacet
  facet normal -0.195268 0 -0.98075
    outer loop
      vertex 7.95685 -22 68.9701
      vertex 8.40587 -19.6 68.8807
      vertex 8.40587 -22 68.8807
    endloop
  endfacet
  facet normal -0.195268 0 -0.98075
    outer loop
      vertex 8.40587 -19.6 68.8807
      vertex 7.95685 -22 68.9701
      vertex 7.95685 -19.6 68.9701
    endloop
  endfacet
  facet normal 0.751867 0 -0.659315
    outer loop
      vertex -9.97487 -22 67.9749
      vertex -10.2767 -19.6 67.6307
      vertex -9.97487 -19.6 67.9749
    endloop
  endfacet
  facet normal 0.751867 0 -0.659315
    outer loop
      vertex -10.2767 -19.6 67.6307
      vertex -9.97487 -22 67.9749
      vertex -10.2767 -22 67.6307
    endloop
  endfacet
  facet normal 0.980757 0 -0.195234
    outer loop
      vertex -10.8807 -22 66.4059
      vertex -10.9701 -19.6 65.9568
      vertex -10.8807 -19.6 66.4059
    endloop
  endfacet
  facet normal 0.980757 0 -0.195234
    outer loop
      vertex -10.9701 -19.6 65.9568
      vertex -10.8807 -22 66.4059
      vertex -10.9701 -22 65.9568
    endloop
  endfacet
  facet normal -0.831445 0 0.555607
    outer loop
      vertex 10.2767 -22 28.3693
      vertex 10.5311 -19.6 28.75
      vertex 10.2767 -19.6 28.3693
    endloop
  endfacet
  facet normal -0.831445 0 0.555607
    outer loop
      vertex 10.5311 -19.6 28.75
      vertex 10.2767 -22 28.3693
      vertex 10.5311 -22 28.75
    endloop
  endfacet
  facet normal 0.0653085 0 -0.997865
    outer loop
      vertex -7.95685 -22 68.9701
      vertex -7.5 -19.6 69
      vertex -7.5 -22 69
    endloop
  endfacet
  facet normal 0.0653085 0 -0.997865
    outer loop
      vertex -7.5 -19.6 69
      vertex -7.95685 -22 68.9701
      vertex -7.95685 -19.6 68.9701
    endloop
  endfacet
  facet normal 0.442305 0 0.896864
    outer loop
      vertex -9.25 -19.6 27.4689
      vertex -8.83939 -22 27.2664
      vertex -8.83939 -19.6 27.2664
    endloop
  endfacet
  facet normal 0.442305 0 0.896864
    outer loop
      vertex -8.83939 -22 27.2664
      vertex -9.25 -19.6 27.4689
      vertex -9.25 -22 27.4689
    endloop
  endfacet
  facet normal 0.946966 0 -0.321335
    outer loop
      vertex -10.7336 -22 66.8394
      vertex -10.8807 -19.6 66.4059
      vertex -10.7336 -19.6 66.8394
    endloop
  endfacet
  facet normal 0.946966 0 -0.321335
    outer loop
      vertex -10.8807 -19.6 66.4059
      vertex -10.7336 -22 66.8394
      vertex -10.8807 -22 66.4059
    endloop
  endfacet
  facet normal 0.195268 0 -0.98075
    outer loop
      vertex -8.40587 -22 68.8807
      vertex -7.95685 -19.6 68.9701
      vertex -7.95685 -22 68.9701
    endloop
  endfacet
  facet normal 0.195268 0 -0.98075
    outer loop
      vertex -7.95685 -19.6 68.9701
      vertex -8.40587 -22 68.8807
      vertex -8.40587 -19.6 68.8807
    endloop
  endfacet
  facet normal 1 -0 0
    outer loop
      vertex -11 -22 65.5
      vertex -11 -19.6 30.5
      vertex -11 -19.6 65.5
    endloop
  endfacet
  facet normal 1 0 0
    outer loop
      vertex -11 -19.6 30.5
      vertex -11 -22 65.5
      vertex -11 -22 30.5
    endloop
  endfacet
  facet normal 0.89686 -0 0.442314
    outer loop
      vertex -10.7336 -22 29.1606
      vertex -10.5311 -19.6 28.75
      vertex -10.7336 -19.6 29.1606
    endloop
  endfacet
  facet normal 0.89686 0 0.442314
    outer loop
      vertex -10.5311 -19.6 28.75
      vertex -10.7336 -22 29.1606
      vertex -10.5311 -22 28.75
    endloop
  endfacet
  facet normal -0.555647 0 -0.831418
    outer loop
      vertex 9.25 -22 68.5311
      vertex 9.63066 -19.6 68.2767
      vertex 9.63066 -22 68.2767
    endloop
  endfacet
  facet normal -0.555647 0 -0.831418
    outer loop
      vertex 9.63066 -19.6 68.2767
      vertex 9.25 -22 68.5311
      vertex 9.25 -19.6 68.5311
    endloop
  endfacet
  facet normal 0 0 -1
    outer loop
      vertex -7.5 -22 69
      vertex 7.5 -19.6 69
      vertex 7.5 -22 69
    endloop
  endfacet
  facet normal -0 0 -1
    outer loop
      vertex 7.5 -19.6 69
      vertex -7.5 -22 69
      vertex -7.5 -19.6 69
    endloop
  endfacet
  facet normal -0.0653085 0 -0.997865
    outer loop
      vertex 7.5 -22 69
      vertex 7.95685 -19.6 68.9701
      vertex 7.95685 -22 68.9701
    endloop
  endfacet
  facet normal -0.0653085 0 -0.997865
    outer loop
      vertex 7.95685 -19.6 68.9701
      vertex 7.5 -22 69
      vertex 7.5 -19.6 69
    endloop
  endfacet
  facet normal 0.831445 -0 0.555607
    outer loop
      vertex -10.5311 -22 28.75
      vertex -10.2767 -19.6 28.3693
      vertex -10.5311 -19.6 28.75
    endloop
  endfacet
  facet normal 0.831445 0 0.555607
    outer loop
      vertex -10.2767 -19.6 28.3693
      vertex -10.5311 -22 28.75
      vertex -10.2767 -22 28.3693
    endloop
  endfacet
  facet normal 0.321322 0 -0.94697
    outer loop
      vertex -8.83939 -22 68.7336
      vertex -8.40587 -19.6 68.8807
      vertex -8.40587 -22 68.8807
    endloop
  endfacet
  facet normal 0.321322 0 -0.94697
    outer loop
      vertex -8.40587 -19.6 68.8807
      vertex -8.83939 -22 68.7336
      vertex -8.83939 -19.6 68.7336
    endloop
  endfacet
  facet normal 0.997865 -0 0.0653156
    outer loop
      vertex -11 -22 30.5
      vertex -10.9701 -19.6 30.0432
      vertex -11 -19.6 30.5
    endloop
  endfacet
  facet normal 0.997865 0 0.0653156
    outer loop
      vertex -10.9701 -19.6 30.0432
      vertex -11 -22 30.5
      vertex -10.9701 -22 30.0432
    endloop
  endfacet
  facet normal -0.89686 0 -0.442314
    outer loop
      vertex 10.7336 -22 66.8394
      vertex 10.5311 -19.6 67.25
      vertex 10.7336 -19.6 66.8394
    endloop
  endfacet
  facet normal -0.89686 -0 -0.442314
    outer loop
      vertex 10.5311 -19.6 67.25
      vertex 10.7336 -22 66.8394
      vertex 10.5311 -22 67.25
    endloop
  endfacet
  facet normal -0.831445 0 -0.555607
    outer loop
      vertex 10.5311 -22 67.25
      vertex 10.2767 -19.6 67.6307
      vertex 10.5311 -19.6 67.25
    endloop
  endfacet
  facet normal -0.831445 -0 -0.555607
    outer loop
      vertex 10.2767 -19.6 67.6307
      vertex 10.5311 -22 67.25
      vertex 10.2767 -22 67.6307
    endloop
  endfacet
  facet normal 0.555647 0 0.831418
    outer loop
      vertex -9.63066 -19.6 27.7233
      vertex -9.25 -22 27.4689
      vertex -9.25 -19.6 27.4689
    endloop
  endfacet
  facet normal 0.555647 0 0.831418
    outer loop
      vertex -9.25 -22 27.4689
      vertex -9.63066 -19.6 27.7233
      vertex -9.63066 -22 27.7233
    endloop
  endfacet
  facet normal 0.442305 0 -0.896864
    outer loop
      vertex -9.25 -22 68.5311
      vertex -8.83939 -19.6 68.7336
      vertex -8.83939 -22 68.7336
    endloop
  endfacet
  facet normal 0.442305 0 -0.896864
    outer loop
      vertex -8.83939 -19.6 68.7336
      vertex -9.25 -22 68.5311
      vertex -9.25 -19.6 68.5311
    endloop
  endfacet
  facet normal 0.980757 -0 0.195234
    outer loop
      vertex -10.9701 -22 30.0432
      vertex -10.8807 -19.6 29.5941
      vertex -10.9701 -19.6 30.0432
    endloop
  endfacet
  facet normal 0.980757 0 0.195234
    outer loop
      vertex -10.8807 -19.6 29.5941
      vertex -10.9701 -22 30.0432
      vertex -10.8807 -22 29.5941
    endloop
  endfacet
  facet normal 0.321322 0 0.94697
    outer loop
      vertex -8.83939 -19.6 27.2664
      vertex -8.40587 -22 27.1193
      vertex -8.40587 -19.6 27.1193
    endloop
  endfacet
  facet normal 0.321322 0 0.94697
    outer loop
      vertex -8.40587 -22 27.1193
      vertex -8.83939 -19.6 27.2664
      vertex -8.83939 -22 27.2664
    endloop
  endfacet
  facet normal -0.946966 0 0.321335
    outer loop
      vertex 10.7336 -22 29.1606
      vertex 10.8807 -19.6 29.5941
      vertex 10.7336 -19.6 29.1606
    endloop
  endfacet
  facet normal -0.946966 0 0.321335
    outer loop
      vertex 10.8807 -19.6 29.5941
      vertex 10.7336 -22 29.1606
      vertex 10.8807 -22 29.5941
    endloop
  endfacet
  facet normal 0.659267 0 0.751909
    outer loop
      vertex -9.97487 -19.6 28.0251
      vertex -9.63066 -22 27.7233
      vertex -9.63066 -19.6 27.7233
    endloop
  endfacet
  facet normal 0.659267 0 0.751909
    outer loop
      vertex -9.63066 -22 27.7233
      vertex -9.97487 -19.6 28.0251
      vertex -9.97487 -22 28.0251
    endloop
  endfacet
  facet normal 0.555647 0 -0.831418
    outer loop
      vertex -9.63066 -22 68.2767
      vertex -9.25 -19.6 68.5311
      vertex -9.25 -22 68.5311
    endloop
  endfacet
  facet normal 0.555647 0 -0.831418
    outer loop
      vertex -9.25 -19.6 68.5311
      vertex -9.63066 -22 68.2767
      vertex -9.63066 -19.6 68.2767
    endloop
  endfacet
  facet normal -0.321322 0 -0.94697
    outer loop
      vertex 8.40587 -22 68.8807
      vertex 8.83939 -19.6 68.7336
      vertex 8.83939 -22 68.7336
    endloop
  endfacet
  facet normal -0.321322 0 -0.94697
    outer loop
      vertex 8.83939 -19.6 68.7336
      vertex 8.40587 -22 68.8807
      vertex 8.40587 -19.6 68.8807
    endloop
  endfacet
  facet normal -0.997865 0 0.0653156
    outer loop
      vertex 10.9701 -22 30.0432
      vertex 11 -19.6 30.5
      vertex 10.9701 -19.6 30.0432
    endloop
  endfacet
  facet normal -0.997865 0 0.0653156
    outer loop
      vertex 11 -19.6 30.5
      vertex 10.9701 -22 30.0432
      vertex 11 -22 30.5
    endloop
  endfacet
  facet normal 0.831445 0 -0.555607
    outer loop
      vertex -10.2767 -22 67.6307
      vertex -10.5311 -19.6 67.25
      vertex -10.2767 -19.6 67.6307
    endloop
  endfacet
  facet normal 0.831445 0 -0.555607
    outer loop
      vertex -10.5311 -19.6 67.25
      vertex -10.2767 -22 67.6307
      vertex -10.5311 -22 67.25
    endloop
  endfacet
  facet normal 0.195268 0 0.98075
    outer loop
      vertex -8.40587 -19.6 27.1193
      vertex -7.95685 -22 27.0299
      vertex -7.95685 -19.6 27.0299
    endloop
  endfacet
  facet normal 0.195268 0 0.98075
    outer loop
      vertex -7.95685 -22 27.0299
      vertex -8.40587 -19.6 27.1193
      vertex -8.40587 -22 27.1193
    endloop
  endfacet
  facet normal -0.997865 0 -0.0653156
    outer loop
      vertex 11 -22 65.5
      vertex 10.9701 -19.6 65.9568
      vertex 11 -19.6 65.5
    endloop
  endfacet
  facet normal -0.997865 -0 -0.0653156
    outer loop
      vertex 10.9701 -19.6 65.9568
      vertex 11 -22 65.5
      vertex 10.9701 -22 65.9568
    endloop
  endfacet
  facet normal 0.659267 0 -0.751909
    outer loop
      vertex -9.97487 -22 67.9749
      vertex -9.63066 -19.6 68.2767
      vertex -9.63066 -22 68.2767
    endloop
  endfacet
  facet normal 0.659267 0 -0.751909
    outer loop
      vertex -9.63066 -19.6 68.2767
      vertex -9.97487 -22 67.9749
      vertex -9.97487 -19.6 67.9749
    endloop
  endfacet
  facet normal 0.946966 -0 0.321335
    outer loop
      vertex -10.8807 -22 29.5941
      vertex -10.7336 -19.6 29.1606
      vertex -10.8807 -19.6 29.5941
    endloop
  endfacet
  facet normal 0.946966 0 0.321335
    outer loop
      vertex -10.7336 -19.6 29.1606
      vertex -10.8807 -22 29.5941
      vertex -10.7336 -22 29.1606
    endloop
  endfacet
  facet normal -0.946966 0 -0.321335
    outer loop
      vertex 10.8807 -22 66.4059
      vertex 10.7336 -19.6 66.8394
      vertex 10.8807 -19.6 66.4059
    endloop
  endfacet
  facet normal -0.946966 -0 -0.321335
    outer loop
      vertex 10.7336 -19.6 66.8394
      vertex 10.8807 -22 66.4059
      vertex 10.7336 -22 66.8394
    endloop
  endfacet
  facet normal -0.321322 0 0.94697
    outer loop
      vertex 8.40587 -19.6 27.1193
      vertex 8.83939 -22 27.2664
      vertex 8.83939 -19.6 27.2664
    endloop
  endfacet
  facet normal -0.321322 0 0.94697
    outer loop
      vertex 8.83939 -22 27.2664
      vertex 8.40587 -19.6 27.1193
      vertex 8.40587 -22 27.1193
    endloop
  endfacet
  facet normal -0.195268 0 0.98075
    outer loop
      vertex 7.95685 -19.6 27.0299
      vertex 8.40587 -22 27.1193
      vertex 8.40587 -19.6 27.1193
    endloop
  endfacet
  facet normal -0.195268 0 0.98075
    outer loop
      vertex 8.40587 -22 27.1193
      vertex 7.95685 -19.6 27.0299
      vertex 7.95685 -22 27.0299
    endloop
  endfacet
  facet normal -0.659267 0 0.751909
    outer loop
      vertex 9.63066 -19.6 27.7233
      vertex 9.97487 -22 28.0251
      vertex 9.97487 -19.6 28.0251
    endloop
  endfacet
  facet normal -0.659267 0 0.751909
    outer loop
      vertex 9.97487 -22 28.0251
      vertex 9.63066 -19.6 27.7233
      vertex 9.63066 -22 27.7233
    endloop
  endfacet
  facet normal -0.89686 0 0.442314
    outer loop
      vertex 10.5311 -22 28.75
      vertex 10.7336 -19.6 29.1606
      vertex 10.5311 -19.6 28.75
    endloop
  endfacet
  facet normal -0.89686 0 0.442314
    outer loop
      vertex 10.7336 -19.6 29.1606
      vertex 10.5311 -22 28.75
      vertex 10.7336 -22 29.1606
    endloop
  endfacet
endsolid OpenSCAD_Model
