solid OpenSCAD_Model
  facet normal -0.870203 0.242036 -0.429146
    outer loop
      vertex -35.0067 22 -89.2
      vertex -36.1627 19.6 -88.2095
      vertex -35.6084 22 -87.9799
    endloop
  endfacet
  facet normal -0.659341 0 -0.751844
    outer loop
      vertex -33.7782 0 -91.7782
      vertex -32.6964 19.6 -92.7269
      vertex -32.6964 0 -92.7269
    endloop
  endfacet
  facet normal -0.659341 0 -0.751844
    outer loop
      vertex -32.6964 19.6 -92.7269
      vertex -33.7782 0 -91.7782
      vertex -33.7782 19.6 -91.7782
    endloop
  endfacet
  facet normal -0.870206 0.242042 -0.429135
    outer loop
      vertex -35.5263 19.6 -89.5
      vertex -36.1627 19.6 -88.2095
      vertex -35.0067 22 -89.2
    endloop
  endfacet
  facet normal -0.189296 0.242058 0.951617
    outer loop
      vertex -27.3575 22 94.311
      vertex -28.6917 22 94.0456
      vertex -27.4358 19.6 94.9059
    endloop
  endfacet
  facet normal -0.555566 0 -0.831472
    outer loop
      vertex -32.6964 0 -92.7269
      vertex -31.5 19.6 -93.5263
      vertex -31.5 0 -93.5263
    endloop
  endfacet
  facet normal -0.555566 0 -0.831472
    outer loop
      vertex -31.5 19.6 -93.5263
      vertex -32.6964 0 -92.7269
      vertex -32.6964 19.6 -92.7269
    endloop
  endfacet
  facet normal 0.63975 0.242054 -0.729472
    outer loop
      vertex 32.6964 19.6 -92.7269
      vertex 32.3311 22 -92.2509
      vertex 33.3539 22 -91.3539
    endloop
  endfacet
  facet normal -0.951617 0.242058 0.189296
    outer loop
      vertex -36.311 22 85.3575
      vertex -36.9059 19.6 85.4358
      vertex -36.0456 22 86.6917
    endloop
  endfacet
  facet normal -0.659341 0 0.751844
    outer loop
      vertex -33.7782 19.6 91.7782
      vertex -32.6964 0 92.7269
      vertex -32.6964 19.6 92.7269
    endloop
  endfacet
  facet normal -0.659341 0 0.751844
    outer loop
      vertex -32.6964 0 92.7269
      vertex -33.7782 19.6 91.7782
      vertex -33.7782 0 91.7782
    endloop
  endfacet
  facet normal 0.189285 0.242064 -0.951618
    outer loop
      vertex 28.847 19.6 -94.6252
      vertex 27.4358 19.6 -94.9059
      vertex 28.6917 22 -94.0456
    endloop
  endfacet
  facet normal -0.321435 0 -0.946931
    outer loop
      vertex -30.2095 0 -94.1627
      vertex -28.847 19.6 -94.6252
      vertex -28.847 0 -94.6252
    endloop
  endfacet
  facet normal -0.321435 0 -0.946931
    outer loop
      vertex -28.847 19.6 -94.6252
      vertex -30.2095 0 -94.1627
      vertex -30.2095 19.6 -94.1627
    endloop
  endfacet
  facet normal -0.729472 0.242054 0.63975
    outer loop
      vertex -34.2509 22 90.3311
      vertex -34.7269 19.6 90.6964
      vertex -33.3539 22 91.3539
    endloop
  endfacet
  facet normal -0.189285 0.242064 0.951618
    outer loop
      vertex -28.6917 22 94.0456
      vertex -28.847 19.6 94.6252
      vertex -27.4358 19.6 94.9059
    endloop
  endfacet
  facet normal 1 -0 0
    outer loop
      vertex 37 0 84
      vertex 37 19.6 -84
      vertex 37 19.6 84
    endloop
  endfacet
  facet normal 1 0 0
    outer loop
      vertex 37 19.6 -84
      vertex 37 0 84
      vertex 37 0 -84
    endloop
  endfacet
  facet normal 0 0.242536 -0.970143
    outer loop
      vertex -26 19.6 -95
      vertex -8.4 22 -94.4
      vertex -8.4 19.6 -95
    endloop
  endfacet
  facet normal 0 0.242536 -0.970143
    outer loop
      vertex -8.4 22 -94.4
      vertex -26 19.6 -95
      vertex -26 22 -94.4
    endloop
  endfacet
  facet normal 0 0.242536 -0.970143
    outer loop
      vertex 8.4 19.6 -95
      vertex 26 22 -94.4
      vertex 26 19.6 -95
    endloop
  endfacet
  facet normal 0 0.242536 -0.970143
    outer loop
      vertex 26 22 -94.4
      vertex 8.4 19.6 -95
      vertex 8.4 22 -94.4
    endloop
  endfacet
  facet normal -0.970143 0.242536 0
    outer loop
      vertex -37 19.6 -84
      vertex -36.4 22 84
      vertex -36.4 22 -84
    endloop
  endfacet
  facet normal -0.970143 0.242536 0
    outer loop
      vertex -36.4 22 84
      vertex -37 19.6 -84
      vertex -37 19.6 84
    endloop
  endfacet
  facet normal -1 0 0
    outer loop
      vertex -37 0 -84
      vertex -37 19.6 84
      vertex -37 19.6 -84
    endloop
  endfacet
  facet normal -1 -0 0
    outer loop
      vertex -37 19.6 84
      vertex -37 0 -84
      vertex -37 0 84
    endloop
  endfacet
  facet normal 0.639732 0.242066 0.729484
    outer loop
      vertex 33.3539 22 91.3539
      vertex 32.6964 19.6 92.7269
      vertex 33.7782 19.6 91.7782
    endloop
  endfacet
  facet normal 0.918787 0.242065 0.311826
    outer loop
      vertex 36.0456 22 86.6917
      vertex 35.6084 22 87.9799
      vertex 36.6252 19.6 86.847
    endloop
  endfacet
  facet normal -0.951618 0.242064 0.189285
    outer loop
      vertex -36.0456 22 86.6917
      vertex -36.9059 19.6 85.4358
      vertex -36.6252 19.6 86.847
    endloop
  endfacet
  facet normal -0.968187 0.242047 0.0634534
    outer loop
      vertex -36.4 22 84
      vertex -37 19.6 84
      vertex -36.9059 19.6 85.4358
    endloop
  endfacet
  facet normal -0.918777 0.242036 0.311878
    outer loop
      vertex -35.6084 22 87.9799
      vertex -36.6252 19.6 86.847
      vertex -36.1627 19.6 88.2095
    endloop
  endfacet
  facet normal 0.195087 0 -0.980786
    outer loop
      vertex 27.4358 0 -94.9059
      vertex 28.847 19.6 -94.6252
      vertex 28.847 0 -94.6252
    endloop
  endfacet
  facet normal 0.195087 0 -0.980786
    outer loop
      vertex 28.847 19.6 -94.6252
      vertex 27.4358 0 -94.9059
      vertex 27.4358 19.6 -94.9059
    endloop
  endfacet
  facet normal 0.189285 0.242064 0.951618
    outer loop
      vertex 28.6917 22 94.0456
      vertex 27.4358 19.6 94.9059
      vertex 28.847 19.6 94.6252
    endloop
  endfacet
  facet normal -0.806749 0.242042 -0.539047
    outer loop
      vertex -34.7269 19.6 -90.6964
      vertex -35.5263 19.6 -89.5
      vertex -35.0067 22 -89.2
    endloop
  endfacet
  facet normal 0.729472 0.242054 0.63975
    outer loop
      vertex 34.2509 22 90.3311
      vertex 33.3539 22 91.3539
      vertex 34.7269 19.6 90.6964
    endloop
  endfacet
  facet normal -0.968183 0.242059 -0.0634757
    outer loop
      vertex -36.311 22 -85.3575
      vertex -36.9059 19.6 -85.4358
      vertex -36.4 22 -84
    endloop
  endfacet
  facet normal -0.639732 0.242066 -0.729484
    outer loop
      vertex -32.6964 19.6 -92.7269
      vertex -33.7782 19.6 -91.7782
      vertex -33.3539 22 -91.3539
    endloop
  endfacet
  facet normal -0.0653981 0 -0.997859
    outer loop
      vertex -27.4358 0 -94.9059
      vertex -26 19.6 -95
      vertex -26 0 -95
    endloop
  endfacet
  facet normal -0.0653981 0 -0.997859
    outer loop
      vertex -26 19.6 -95
      vertex -27.4358 0 -94.9059
      vertex -27.4358 19.6 -94.9059
    endloop
  endfacet
  facet normal -0.968187 0.242047 -0.0634534
    outer loop
      vertex -36.9059 19.6 -85.4358
      vertex -37 19.6 -84
      vertex -36.4 22 -84
    endloop
  endfacet
  facet normal 0.729472 0.242054 -0.63975
    outer loop
      vertex 34.7269 19.6 -90.6964
      vertex 33.3539 22 -91.3539
      vertex 34.2509 22 -90.3311
    endloop
  endfacet
  facet normal -0.951617 0.242058 -0.189296
    outer loop
      vertex -36.0456 22 -86.6917
      vertex -36.9059 19.6 -85.4358
      vertex -36.311 22 -85.3575
    endloop
  endfacet
  facet normal -0.0634534 0.242047 0.968187
    outer loop
      vertex -26 22 94.4
      vertex -27.4358 19.6 94.9059
      vertex -26 19.6 95
    endloop
  endfacet
  facet normal 0.195087 0 0.980786
    outer loop
      vertex 27.4358 19.6 94.9059
      vertex 28.847 0 94.6252
      vertex 28.847 19.6 94.6252
    endloop
  endfacet
  facet normal 0.195087 0 0.980786
    outer loop
      vertex 28.847 0 94.6252
      vertex 27.4358 19.6 94.9059
      vertex 27.4358 0 94.9059
    endloop
  endfacet
  facet normal 0.429146 0.242036 -0.870203
    outer loop
      vertex 30.2095 19.6 -94.1627
      vertex 29.9799 22 -93.6084
      vertex 31.2 22 -93.0067
    endloop
  endfacet
  facet normal 0.968187 0.242047 -0.0634534
    outer loop
      vertex 36.9059 19.6 -85.4358
      vertex 36.4 22 -84
      vertex 37 19.6 -84
    endloop
  endfacet
  facet normal 0.970143 0.242536 0
    outer loop
      vertex 37 19.6 84
      vertex 36.4 22 -84
      vertex 36.4 22 84
    endloop
  endfacet
  facet normal 0.970143 0.242536 0
    outer loop
      vertex 36.4 22 -84
      vertex 37 19.6 84
      vertex 37 19.6 -84
    endloop
  endfacet
  facet normal 0.997859 -0 0.0653981
    outer loop
      vertex 36.9059 0 85.4358
      vertex 37 19.6 84
      vertex 36.9059 19.6 85.4358
    endloop
  endfacet
  facet normal 0.997859 0 0.0653981
    outer loop
      vertex 37 19.6 84
      vertex 36.9059 0 85.4358
      vertex 37 0 84
    endloop
  endfacet
  facet normal 0.980786 -0 0.195087
    outer loop
      vertex 36.6252 0 86.847
      vertex 36.9059 19.6 85.4358
      vertex 36.6252 19.6 86.847
    endloop
  endfacet
  facet normal 0.980786 0 0.195087
    outer loop
      vertex 36.9059 19.6 85.4358
      vertex 36.6252 0 86.847
      vertex 36.9059 0 85.4358
    endloop
  endfacet
  facet normal 0.918787 0.242065 -0.311826
    outer loop
      vertex 36.6252 19.6 -86.847
      vertex 35.6084 22 -87.9799
      vertex 36.0456 22 -86.6917
    endloop
  endfacet
  facet normal 0.980786 0 -0.195087
    outer loop
      vertex 36.9059 0 -85.4358
      vertex 36.6252 19.6 -86.847
      vertex 36.9059 19.6 -85.4358
    endloop
  endfacet
  facet normal 0.980786 0 -0.195087
    outer loop
      vertex 36.6252 19.6 -86.847
      vertex 36.9059 0 -85.4358
      vertex 36.6252 0 -86.847
    endloop
  endfacet
  facet normal 0.968183 0.242059 0.0634757
    outer loop
      vertex 36.4 22 84
      vertex 36.311 22 85.3575
      vertex 36.9059 19.6 85.4358
    endloop
  endfacet
  facet normal 0.659341 0 0.751844
    outer loop
      vertex 32.6964 19.6 92.7269
      vertex 33.7782 0 91.7782
      vertex 33.7782 19.6 91.7782
    endloop
  endfacet
  facet normal 0.659341 0 0.751844
    outer loop
      vertex 33.7782 0 91.7782
      vertex 32.6964 19.6 92.7269
      vertex 32.6964 0 92.7269
    endloop
  endfacet
  facet normal -0.751844 0 -0.659341
    outer loop
      vertex -33.7782 0 -91.7782
      vertex -34.7269 19.6 -90.6964
      vertex -33.7782 19.6 -91.7782
    endloop
  endfacet
  facet normal -0.751844 -0 -0.659341
    outer loop
      vertex -34.7269 19.6 -90.6964
      vertex -33.7782 0 -91.7782
      vertex -34.7269 0 -90.6964
    endloop
  endfacet
  facet normal -0.831472 0 -0.555566
    outer loop
      vertex -34.7269 0 -90.6964
      vertex -35.5263 19.6 -89.5
      vertex -34.7269 19.6 -90.6964
    endloop
  endfacet
  facet normal -0.831472 -0 -0.555566
    outer loop
      vertex -35.5263 19.6 -89.5
      vertex -34.7269 0 -90.6964
      vertex -35.5263 0 -89.5
    endloop
  endfacet
  facet normal -0.539047 0.242042 -0.806749
    outer loop
      vertex -31.5 19.6 -93.5263
      vertex -32.6964 19.6 -92.7269
      vertex -31.2 22 -93.0067
    endloop
  endfacet
  facet normal 0.311826 0.242065 -0.918787
    outer loop
      vertex 28.847 19.6 -94.6252
      vertex 28.6917 22 -94.0456
      vertex 29.9799 22 -93.6084
    endloop
  endfacet
  facet normal -0.539047 0.242042 0.806749
    outer loop
      vertex -31.2 22 93.0067
      vertex -32.6964 19.6 92.7269
      vertex -31.5 19.6 93.5263
    endloop
  endfacet
  facet normal -0.0634534 0.242047 -0.968187
    outer loop
      vertex -26 19.6 -95
      vertex -27.4358 19.6 -94.9059
      vertex -26 22 -94.4
    endloop
  endfacet
  facet normal -0.870206 0.242042 0.429135
    outer loop
      vertex -35.0067 22 89.2
      vertex -36.1627 19.6 88.2095
      vertex -35.5263 19.6 89.5
    endloop
  endfacet
  facet normal 0.918777 0.242036 0.311878
    outer loop
      vertex 36.6252 19.6 86.847
      vertex 35.6084 22 87.9799
      vertex 36.1627 19.6 88.2095
    endloop
  endfacet
  facet normal -0.429135 0.242042 -0.870206
    outer loop
      vertex -30.2095 19.6 -94.1627
      vertex -31.5 19.6 -93.5263
      vertex -31.2 22 -93.0067
    endloop
  endfacet
  facet normal 0.870203 0.242036 0.429146
    outer loop
      vertex 35.6084 22 87.9799
      vertex 35.0067 22 89.2
      vertex 36.1627 19.6 88.2095
    endloop
  endfacet
  facet normal -0.729484 0.242066 -0.639732
    outer loop
      vertex -33.7782 19.6 -91.7782
      vertex -34.7269 19.6 -90.6964
      vertex -33.3539 22 -91.3539
    endloop
  endfacet
  facet normal 0.870206 0.242042 0.429135
    outer loop
      vertex 36.1627 19.6 88.2095
      vertex 35.0067 22 89.2
      vertex 35.5263 19.6 89.5
    endloop
  endfacet
  facet normal -0.429146 0.242036 0.870203
    outer loop
      vertex -29.9799 22 93.6084
      vertex -31.2 22 93.0067
      vertex -30.2095 19.6 94.1627
    endloop
  endfacet
  facet normal 0.0634534 0.242047 0.968187
    outer loop
      vertex 26 22 94.4
      vertex 26 19.6 95
      vertex 27.4358 19.6 94.9059
    endloop
  endfacet
  facet normal 0.429135 0.242042 0.870206
    outer loop
      vertex 31.2 22 93.0067
      vertex 30.2095 19.6 94.1627
      vertex 31.5 19.6 93.5263
    endloop
  endfacet
  facet normal 0.831472 -0 0.555566
    outer loop
      vertex 34.7269 0 90.6964
      vertex 35.5263 19.6 89.5
      vertex 34.7269 19.6 90.6964
    endloop
  endfacet
  facet normal 0.831472 0 0.555566
    outer loop
      vertex 35.5263 19.6 89.5
      vertex 34.7269 0 90.6964
      vertex 35.5263 0 89.5
    endloop
  endfacet
  facet normal -0.63975 0.242054 -0.729472
    outer loop
      vertex -32.6964 19.6 -92.7269
      vertex -33.3539 22 -91.3539
      vertex -32.3311 22 -92.2509
    endloop
  endfacet
  facet normal 0.968183 0.242059 -0.0634757
    outer loop
      vertex 36.9059 19.6 -85.4358
      vertex 36.311 22 -85.3575
      vertex 36.4 22 -84
    endloop
  endfacet
  facet normal -0.896874 0 -0.442286
    outer loop
      vertex -35.5263 0 -89.5
      vertex -36.1627 19.6 -88.2095
      vertex -35.5263 19.6 -89.5
    endloop
  endfacet
  facet normal -0.896874 -0 -0.442286
    outer loop
      vertex -36.1627 19.6 -88.2095
      vertex -35.5263 0 -89.5
      vertex -36.1627 0 -88.2095
    endloop
  endfacet
  facet normal -0 0.242536 0.970143
    outer loop
      vertex -26 22 94.4
      vertex 26 19.6 95
      vertex 26 22 94.4
    endloop
  endfacet
  facet normal 0 0.242536 0.970143
    outer loop
      vertex 26 19.6 95
      vertex -26 22 94.4
      vertex -26 19.6 95
    endloop
  endfacet
  facet normal -0.968183 0.242059 0.0634757
    outer loop
      vertex -36.4 22 84
      vertex -36.9059 19.6 85.4358
      vertex -36.311 22 85.3575
    endloop
  endfacet
  facet normal 0.918777 0.242036 -0.311878
    outer loop
      vertex 36.1627 19.6 -88.2095
      vertex 35.6084 22 -87.9799
      vertex 36.6252 19.6 -86.847
    endloop
  endfacet
  facet normal 0.946931 -0 0.321435
    outer loop
      vertex 36.1627 0 88.2095
      vertex 36.6252 19.6 86.847
      vertex 36.1627 19.6 88.2095
    endloop
  endfacet
  facet normal 0.946931 0 0.321435
    outer loop
      vertex 36.6252 19.6 86.847
      vertex 36.1627 0 88.2095
      vertex 36.6252 0 86.847
    endloop
  endfacet
  facet normal -0.429135 0.242042 0.870206
    outer loop
      vertex -31.2 22 93.0067
      vertex -31.5 19.6 93.5263
      vertex -30.2095 19.6 94.1627
    endloop
  endfacet
  facet normal 0.0634757 0.242059 -0.968183
    outer loop
      vertex 27.4358 19.6 -94.9059
      vertex 26 22 -94.4
      vertex 27.3575 22 -94.311
    endloop
  endfacet
  facet normal -0.442286 0 -0.896874
    outer loop
      vertex -31.5 0 -93.5263
      vertex -30.2095 19.6 -94.1627
      vertex -30.2095 0 -94.1627
    endloop
  endfacet
  facet normal -0.442286 0 -0.896874
    outer loop
      vertex -30.2095 19.6 -94.1627
      vertex -31.5 0 -93.5263
      vertex -31.5 19.6 -93.5263
    endloop
  endfacet
  facet normal 0.539061 0.242052 0.806737
    outer loop
      vertex 32.3311 22 92.2509
      vertex 31.2 22 93.0067
      vertex 32.6964 19.6 92.7269
    endloop
  endfacet
  facet normal -0.0634757 0.242059 0.968183
    outer loop
      vertex -27.3575 22 94.311
      vertex -27.4358 19.6 94.9059
      vertex -26 22 94.4
    endloop
  endfacet
  facet normal -0.195087 0 -0.980786
    outer loop
      vertex -28.847 0 -94.6252
      vertex -27.4358 19.6 -94.9059
      vertex -27.4358 0 -94.9059
    endloop
  endfacet
  facet normal -0.195087 0 -0.980786
    outer loop
      vertex -27.4358 19.6 -94.9059
      vertex -28.847 0 -94.6252
      vertex -28.847 19.6 -94.6252
    endloop
  endfacet
  facet normal 0 0 -1
    outer loop
      vertex 26 0 -95
      vertex 8.4 1 -95
      vertex 26 19.6 -95
    endloop
  endfacet
  facet normal 0 0 -1
    outer loop
      vertex 26 0 -95
      vertex -8.4 1 -95
      vertex 8.4 1 -95
    endloop
  endfacet
  facet normal 0 0 -1
    outer loop
      vertex -26 0 -95
      vertex -8.4 1 -95
      vertex 26 0 -95
    endloop
  endfacet
  facet normal 0 0 -1
    outer loop
      vertex -26 19.6 -95
      vertex -8.4 1 -95
      vertex -26 0 -95
    endloop
  endfacet
  facet normal 0 0 -1
    outer loop
      vertex -8.4 1 -95
      vertex -26 19.6 -95
      vertex -8.4 19.6 -95
    endloop
  endfacet
  facet normal -0 0 -1
    outer loop
      vertex 26 19.6 -95
      vertex 8.4 1 -95
      vertex 8.4 19.6 -95
    endloop
  endfacet
  facet normal 0.429146 0.242036 0.870203
    outer loop
      vertex 31.2 22 93.0067
      vertex 29.9799 22 93.6084
      vertex 30.2095 19.6 94.1627
    endloop
  endfacet
  facet normal -0.951618 0.242064 -0.189285
    outer loop
      vertex -36.6252 19.6 -86.847
      vertex -36.9059 19.6 -85.4358
      vertex -36.0456 22 -86.6917
    endloop
  endfacet
  facet normal 0.321435 0 0.946931
    outer loop
      vertex 28.847 19.6 94.6252
      vertex 30.2095 0 94.1627
      vertex 30.2095 19.6 94.1627
    endloop
  endfacet
  facet normal 0.321435 0 0.946931
    outer loop
      vertex 30.2095 0 94.1627
      vertex 28.847 19.6 94.6252
      vertex 28.847 0 94.6252
    endloop
  endfacet
  facet normal 0.751844 -0 0.659341
    outer loop
      vertex 33.7782 0 91.7782
      vertex 34.7269 19.6 90.6964
      vertex 33.7782 19.6 91.7782
    endloop
  endfacet
  facet normal 0.751844 0 0.659341
    outer loop
      vertex 34.7269 19.6 90.6964
      vertex 33.7782 0 91.7782
      vertex 34.7269 0 90.6964
    endloop
  endfacet
  facet normal -0.539061 0.242052 0.806737
    outer loop
      vertex -32.3311 22 92.2509
      vertex -32.6964 19.6 92.7269
      vertex -31.2 22 93.0067
    endloop
  endfacet
  facet normal 0.0653981 0 0.997859
    outer loop
      vertex 26 19.6 95
      vertex 27.4358 0 94.9059
      vertex 27.4358 19.6 94.9059
    endloop
  endfacet
  facet normal 0.0653981 0 0.997859
    outer loop
      vertex 27.4358 0 94.9059
      vertex 26 19.6 95
      vertex 26 0 95
    endloop
  endfacet
  facet normal -0.751844 0 0.659341
    outer loop
      vertex -34.7269 0 90.6964
      vertex -33.7782 19.6 91.7782
      vertex -34.7269 19.6 90.6964
    endloop
  endfacet
  facet normal -0.751844 0 0.659341
    outer loop
      vertex -33.7782 19.6 91.7782
      vertex -34.7269 0 90.6964
      vertex -33.7782 0 91.7782
    endloop
  endfacet
  facet normal 0.639732 0.242066 -0.729484
    outer loop
      vertex 33.7782 19.6 -91.7782
      vertex 32.6964 19.6 -92.7269
      vertex 33.3539 22 -91.3539
    endloop
  endfacet
  facet normal 0.997859 0 -0.0653981
    outer loop
      vertex 37 0 -84
      vertex 36.9059 19.6 -85.4358
      vertex 37 19.6 -84
    endloop
  endfacet
  facet normal 0.997859 0 -0.0653981
    outer loop
      vertex 36.9059 19.6 -85.4358
      vertex 37 0 -84
      vertex 36.9059 0 -85.4358
    endloop
  endfacet
  facet normal -0.539061 0.242052 -0.806737
    outer loop
      vertex -31.2 22 -93.0067
      vertex -32.6964 19.6 -92.7269
      vertex -32.3311 22 -92.2509
    endloop
  endfacet
  facet normal -0.729472 0.242054 -0.63975
    outer loop
      vertex -33.3539 22 -91.3539
      vertex -34.7269 19.6 -90.6964
      vertex -34.2509 22 -90.3311
    endloop
  endfacet
  facet normal 0.968187 0.242047 0.0634534
    outer loop
      vertex 37 19.6 84
      vertex 36.4 22 84
      vertex 36.9059 19.6 85.4358
    endloop
  endfacet
  facet normal -0.311878 0.242036 -0.918777
    outer loop
      vertex -28.847 19.6 -94.6252
      vertex -30.2095 19.6 -94.1627
      vertex -29.9799 22 -93.6084
    endloop
  endfacet
  facet normal -0.429146 0.242036 -0.870203
    outer loop
      vertex -30.2095 19.6 -94.1627
      vertex -31.2 22 -93.0067
      vertex -29.9799 22 -93.6084
    endloop
  endfacet
  facet normal 0.729484 0.242066 -0.639732
    outer loop
      vertex 33.7782 19.6 -91.7782
      vertex 33.3539 22 -91.3539
      vertex 34.7269 19.6 -90.6964
    endloop
  endfacet
  facet normal -0.918787 0.242065 -0.311826
    outer loop
      vertex -35.6084 22 -87.9799
      vertex -36.6252 19.6 -86.847
      vertex -36.0456 22 -86.6917
    endloop
  endfacet
  facet normal -0.918777 0.242036 -0.311878
    outer loop
      vertex -36.1627 19.6 -88.2095
      vertex -36.6252 19.6 -86.847
      vertex -35.6084 22 -87.9799
    endloop
  endfacet
  facet normal -0.0653981 0 0.997859
    outer loop
      vertex -27.4358 19.6 94.9059
      vertex -26 0 95
      vertex -26 19.6 95
    endloop
  endfacet
  facet normal -0.0653981 0 0.997859
    outer loop
      vertex -26 0 95
      vertex -27.4358 19.6 94.9059
      vertex -27.4358 0 94.9059
    endloop
  endfacet
  facet normal -0 0 1
    outer loop
      vertex -26 19.6 95
      vertex 26 0 95
      vertex 26 19.6 95
    endloop
  endfacet
  facet normal 0 0 1
    outer loop
      vertex 26 0 95
      vertex -26 19.6 95
      vertex -26 0 95
    endloop
  endfacet
  facet normal -0.896874 0 0.442286
    outer loop
      vertex -36.1627 0 88.2095
      vertex -35.5263 19.6 89.5
      vertex -36.1627 19.6 88.2095
    endloop
  endfacet
  facet normal -0.896874 0 0.442286
    outer loop
      vertex -35.5263 19.6 89.5
      vertex -36.1627 0 88.2095
      vertex -35.5263 0 89.5
    endloop
  endfacet
  facet normal -0.729484 0.242066 0.639732
    outer loop
      vertex -33.3539 22 91.3539
      vertex -34.7269 19.6 90.6964
      vertex -33.7782 19.6 91.7782
    endloop
  endfacet
  facet normal -0.918787 0.242065 0.311826
    outer loop
      vertex -36.0456 22 86.6917
      vertex -36.6252 19.6 86.847
      vertex -35.6084 22 87.9799
    endloop
  endfacet
  facet normal -0.0634757 0.242059 -0.968183
    outer loop
      vertex -26 22 -94.4
      vertex -27.4358 19.6 -94.9059
      vertex -27.3575 22 -94.311
    endloop
  endfacet
  facet normal 0.539061 0.242052 -0.806737
    outer loop
      vertex 32.6964 19.6 -92.7269
      vertex 31.2 22 -93.0067
      vertex 32.3311 22 -92.2509
    endloop
  endfacet
  facet normal -0.806737 0.242052 -0.539061
    outer loop
      vertex -34.7269 19.6 -90.6964
      vertex -35.0067 22 -89.2
      vertex -34.2509 22 -90.3311
    endloop
  endfacet
  facet normal -0.311826 0.242065 0.918787
    outer loop
      vertex -28.6917 22 94.0456
      vertex -29.9799 22 93.6084
      vertex -28.847 19.6 94.6252
    endloop
  endfacet
  facet normal 0.751844 0 -0.659341
    outer loop
      vertex 34.7269 0 -90.6964
      vertex 33.7782 19.6 -91.7782
      vertex 34.7269 19.6 -90.6964
    endloop
  endfacet
  facet normal 0.751844 0 -0.659341
    outer loop
      vertex 33.7782 19.6 -91.7782
      vertex 34.7269 0 -90.6964
      vertex 33.7782 0 -91.7782
    endloop
  endfacet
  facet normal 0.311826 0.242065 0.918787
    outer loop
      vertex 29.9799 22 93.6084
      vertex 28.6917 22 94.0456
      vertex 28.847 19.6 94.6252
    endloop
  endfacet
  facet normal 0.311878 0.242036 0.918777
    outer loop
      vertex 29.9799 22 93.6084
      vertex 28.847 19.6 94.6252
      vertex 30.2095 19.6 94.1627
    endloop
  endfacet
  facet normal 0.831472 0 -0.555566
    outer loop
      vertex 35.5263 0 -89.5
      vertex 34.7269 19.6 -90.6964
      vertex 35.5263 19.6 -89.5
    endloop
  endfacet
  facet normal 0.831472 0 -0.555566
    outer loop
      vertex 34.7269 19.6 -90.6964
      vertex 35.5263 0 -89.5
      vertex 34.7269 0 -90.6964
    endloop
  endfacet
  facet normal 0.442286 0 0.896874
    outer loop
      vertex 30.2095 19.6 94.1627
      vertex 31.5 0 93.5263
      vertex 31.5 19.6 93.5263
    endloop
  endfacet
  facet normal 0.442286 0 0.896874
    outer loop
      vertex 31.5 0 93.5263
      vertex 30.2095 19.6 94.1627
      vertex 30.2095 0 94.1627
    endloop
  endfacet
  facet normal 0.539047 0.242042 -0.806749
    outer loop
      vertex 31.5 19.6 -93.5263
      vertex 31.2 22 -93.0067
      vertex 32.6964 19.6 -92.7269
    endloop
  endfacet
  facet normal 0.951618 0.242064 0.189285
    outer loop
      vertex 36.9059 19.6 85.4358
      vertex 36.0456 22 86.6917
      vertex 36.6252 19.6 86.847
    endloop
  endfacet
  facet normal 0 1 0
    outer loop
      vertex 8.38118 22 -88.5128
      vertex 26 22 -94.4
      vertex 8.39999 22 -88.8
    endloop
  endfacet
  facet normal 0 1 0
    outer loop
      vertex 26 22 -94.4
      vertex 33.3539 22 -91.3539
      vertex 32.3311 22 -92.2509
    endloop
  endfacet
  facet normal 0 1 0
    outer loop
      vertex 26 22 -94.4
      vertex 32.3311 22 -92.2509
      vertex 31.2 22 -93.0067
    endloop
  endfacet
  facet normal 0 1 0
    outer loop
      vertex 26 22 -94.4
      vertex 31.2 22 -93.0067
      vertex 29.9799 22 -93.6084
    endloop
  endfacet
  facet normal 0 1 0
    outer loop
      vertex 26 22 -94.4
      vertex 29.9799 22 -93.6084
      vertex 28.6917 22 -94.0456
    endloop
  endfacet
  facet normal 0 1 0
    outer loop
      vertex 26 22 -94.4
      vertex 28.6917 22 -94.0456
      vertex 27.3575 22 -94.311
    endloop
  endfacet
  facet normal 0 1 0
    outer loop
      vertex 8.39999 22 -88.8
      vertex 26 22 -94.4
      vertex 8.4 22 -91
    endloop
  endfacet
  facet normal 0 1 0
    outer loop
      vertex 8.4 22 -91
      vertex 26 22 -94.4
      vertex 8.4 22 -94.4
    endloop
  endfacet
  facet normal 0 1 0
    outer loop
      vertex -17.9606 22 -73.6577
      vertex -7.75563 22 -87.2444
      vertex -18.325 22 -73.9012
    endloop
  endfacet
  facet normal 0 1 -0
    outer loop
      vertex -7.94537 22 -87.4607
      vertex -18.325 22 -73.9012
      vertex -7.75563 22 -87.2444
    endloop
  endfacet
  facet normal 0 1 0
    outer loop
      vertex -18.325 22 -73.9012
      vertex -7.94537 22 -87.4607
      vertex -18.718 22 -74.095
    endloop
  endfacet
  facet normal 0 1 -0
    outer loop
      vertex -8.10526 22 -87.7
      vertex -18.718 22 -74.095
      vertex -7.94537 22 -87.4607
    endloop
  endfacet
  facet normal 0 1 0
    outer loop
      vertex -18.718 22 -74.095
      vertex -8.10526 22 -87.7
      vertex -19.133 22 -74.2359
    endloop
  endfacet
  facet normal 0 1 -0
    outer loop
      vertex -8.23253 22 -87.9581
      vertex -19.133 22 -74.2359
      vertex -8.10526 22 -87.7
    endloop
  endfacet
  facet normal 0 1 0
    outer loop
      vertex -19.133 22 -74.2359
      vertex -8.23253 22 -87.9581
      vertex -19.5627 22 -74.3213
    endloop
  endfacet
  facet normal 0 1 -0
    outer loop
      vertex -8.32503 22 -88.2306
      vertex -19.5627 22 -74.3213
      vertex -8.23253 22 -87.9581
    endloop
  endfacet
  facet normal 0 1 0
    outer loop
      vertex -19.5627 22 -74.3213
      vertex -8.32503 22 -88.2306
      vertex -20 22 -74.35
    endloop
  endfacet
  facet normal 0 1 0
    outer loop
      vertex -20.4373 22 -74.3213
      vertex -26 22 -94.4
      vertex -36.311 22 -85.3575
    endloop
  endfacet
  facet normal 0 1 0
    outer loop
      vertex -26 22 -94.4
      vertex -20 22 -74.35
      vertex -8.32503 22 -88.2306
    endloop
  endfacet
  facet normal 0 1 0
    outer loop
      vertex -36.311 22 -85.3575
      vertex -26 22 -94.4
      vertex -36.0456 22 -86.6917
    endloop
  endfacet
  facet normal 0 1 0
    outer loop
      vertex -20 22 -74.35
      vertex -26 22 -94.4
      vertex -20.4373 22 -74.3213
    endloop
  endfacet
  facet normal 0 1 0
    outer loop
      vertex -26 22 -94.4
      vertex -8.32503 22 -88.2306
      vertex -8.38118 22 -88.5128
    endloop
  endfacet
  facet normal 0 1 0
    outer loop
      vertex -26 22 -94.4
      vertex -8.38118 22 -88.5128
      vertex -8.39999 22 -88.8
    endloop
  endfacet
  facet normal 0 1 0
    outer loop
      vertex -36.0456 22 -86.6917
      vertex -26 22 -94.4
      vertex -35.6084 22 -87.9799
    endloop
  endfacet
  facet normal 0 1 0
    outer loop
      vertex -35.6084 22 -87.9799
      vertex -26 22 -94.4
      vertex -35.0067 22 -89.2
    endloop
  endfacet
  facet normal 0 1 0
    outer loop
      vertex -8.4 22 -91
      vertex -8.39999 22 -88.8
      vertex -8.39999 22 -91
    endloop
  endfacet
  facet normal 0 1 0
    outer loop
      vertex -26 22 -94.4
      vertex -8.39999 22 -88.8
      vertex -8.4 22 -91
    endloop
  endfacet
  facet normal 0 1 0
    outer loop
      vertex -35.0067 22 -89.2
      vertex -26 22 -94.4
      vertex -34.2509 22 -90.3311
    endloop
  endfacet
  facet normal 0 1 0
    outer loop
      vertex -34.2509 22 -90.3311
      vertex -26 22 -94.4
      vertex -33.3539 22 -91.3539
    endloop
  endfacet
  facet normal 0 1 0
    outer loop
      vertex -33.3539 22 -91.3539
      vertex -26 22 -94.4
      vertex -32.3311 22 -92.2509
    endloop
  endfacet
  facet normal 0 1 0
    outer loop
      vertex -32.3311 22 -92.2509
      vertex -26 22 -94.4
      vertex -31.2 22 -93.0067
    endloop
  endfacet
  facet normal 0 1 0
    outer loop
      vertex -31.2 22 -93.0067
      vertex -26 22 -94.4
      vertex -29.9799 22 -93.6084
    endloop
  endfacet
  facet normal 0 1 0
    outer loop
      vertex -29.9799 22 -93.6084
      vertex -26 22 -94.4
      vertex -28.6917 22 -94.0456
    endloop
  endfacet
  facet normal 0 1 0
    outer loop
      vertex -26 22 -94.4
      vertex -8.4 22 -91
      vertex -8.4 22 -94.4
    endloop
  endfacet
  facet normal 0 1 0
    outer loop
      vertex -28.6917 22 -94.0456
      vertex -26 22 -94.4
      vertex -27.3575 22 -94.311
    endloop
  endfacet
  facet normal 0 1 -0
    outer loop
      vertex 18.325 22 -68.0988
      vertex 13.1 22 -61.9
      vertex 18.718 22 -67.905
    endloop
  endfacet
  facet normal 0 1 0
    outer loop
      vertex -8.9 22 -61.9
      vertex -19.5627 22 -67.6787
      vertex -20 22 -67.65
    endloop
  endfacet
  facet normal 0 1 -0
    outer loop
      vertex 17.9606 22 -68.3423
      vertex 13.1 22 -61.9
      vertex 18.325 22 -68.0988
    endloop
  endfacet
  facet normal 0 1 0
    outer loop
      vertex -8.9 22 -61.9
      vertex -19.133 22 -67.7641
      vertex -19.5627 22 -67.6787
    endloop
  endfacet
  facet normal 0 1 -0
    outer loop
      vertex 17.6312 22 -68.6312
      vertex 13.1 22 -61.9
      vertex 17.9606 22 -68.3423
    endloop
  endfacet
  facet normal 0 1 0
    outer loop
      vertex -8.9 22 -61.9
      vertex -18.718 22 -67.905
      vertex -19.133 22 -67.7641
    endloop
  endfacet
  facet normal 0 1 -0
    outer loop
      vertex 17.3423 22 -68.9606
      vertex 13.1 22 -61.9
      vertex 17.6312 22 -68.6312
    endloop
  endfacet
  facet normal 0 1 0
    outer loop
      vertex -8.9 22 -61.9
      vertex -18.325 22 -68.0988
      vertex -18.718 22 -67.905
    endloop
  endfacet
  facet normal 0 1 -0
    outer loop
      vertex 17.0988 22 -69.325
      vertex 13.1 22 -61.9
      vertex 17.3423 22 -68.9606
    endloop
  endfacet
  facet normal 0 1 0
    outer loop
      vertex -8.9 22 -61.9
      vertex -17.9606 22 -68.3423
      vertex -18.325 22 -68.0988
    endloop
  endfacet
  facet normal 0 1 -0
    outer loop
      vertex 16.905 22 -69.718
      vertex 13.1 22 -61.9
      vertex 17.0988 22 -69.325
    endloop
  endfacet
  facet normal 0 1 0
    outer loop
      vertex -8.9 22 -61.9
      vertex -17.6312 22 -68.6312
      vertex -17.9606 22 -68.3423
    endloop
  endfacet
  facet normal 0 1 0
    outer loop
      vertex 13.1 22 -61.9
      vertex 16.905 22 -69.718
      vertex 8.9 22 -61.9
    endloop
  endfacet
  facet normal 0 1 0
    outer loop
      vertex -8.9 22 -61.9
      vertex -17.3423 22 -68.9606
      vertex -17.6312 22 -68.6312
    endloop
  endfacet
  facet normal 0 1 -0
    outer loop
      vertex 16.7641 22 -70.133
      vertex 8.9 22 -61.9
      vertex 16.905 22 -69.718
    endloop
  endfacet
  facet normal 0 1 0
    outer loop
      vertex -8.9 22 -61.9
      vertex -17.0988 22 -69.325
      vertex -17.3423 22 -68.9606
    endloop
  endfacet
  facet normal 0 1 -0
    outer loop
      vertex 16.6787 22 -70.5627
      vertex 8.9 22 -61.9
      vertex 16.7641 22 -70.133
    endloop
  endfacet
  facet normal 0 1 0
    outer loop
      vertex -8.9 22 -61.9
      vertex -16.905 22 -69.718
      vertex -17.0988 22 -69.325
    endloop
  endfacet
  facet normal 0 1 -0
    outer loop
      vertex 16.65 22 -71
      vertex 8.9 22 -61.9
      vertex 16.6787 22 -70.5627
    endloop
  endfacet
  facet normal 0 1 0
    outer loop
      vertex -8.9 22 -61.9
      vertex -16.7641 22 -70.133
      vertex -16.905 22 -69.718
    endloop
  endfacet
  facet normal 0 1 0
    outer loop
      vertex 16.6787 22 -71.4373
      vertex 8.9 22 -61.9
      vertex 16.65 22 -71
    endloop
  endfacet
  facet normal 0 1 0
    outer loop
      vertex -8.9 22 -61.9
      vertex -16.6787 22 -70.5627
      vertex -16.7641 22 -70.133
    endloop
  endfacet
  facet normal 0 1 0
    outer loop
      vertex 8.9 22 -61.9
      vertex 6.2 22 -86.6
      vertex -8.9 22 -61.9
    endloop
  endfacet
  facet normal 0 1 0
    outer loop
      vertex -8.9 22 -61.9
      vertex -16.65 22 -71
      vertex -16.6787 22 -70.5627
    endloop
  endfacet
  facet normal 0 1 0
    outer loop
      vertex 8.9 22 -61.9
      vertex 16.6787 22 -71.4373
      vertex 6.2 22 -86.6
    endloop
  endfacet
  facet normal 0 1 -0
    outer loop
      vertex -6.2 22 -86.6
      vertex -8.9 22 -61.9
      vertex 6.2 22 -86.6
    endloop
  endfacet
  facet normal 0 1 0
    outer loop
      vertex 6.2 22 -86.6
      vertex 16.6787 22 -71.4373
      vertex 16.7641 22 -71.867
    endloop
  endfacet
  facet normal 0 1 0
    outer loop
      vertex -8.9 22 -61.9
      vertex -16.6787 22 -71.4373
      vertex -16.65 22 -71
    endloop
  endfacet
  facet normal 0 1 0
    outer loop
      vertex 6.2 22 -86.6
      vertex 16.7641 22 -71.867
      vertex 16.905 22 -72.282
    endloop
  endfacet
  facet normal 0 1 0
    outer loop
      vertex -6.2 22 -86.6
      vertex -16.6787 22 -71.4373
      vertex -8.9 22 -61.9
    endloop
  endfacet
  facet normal 0 1 0
    outer loop
      vertex 6.48715 22 -86.6188
      vertex 16.905 22 -72.282
      vertex 17.0988 22 -72.675
    endloop
  endfacet
  facet normal 0 1 0
    outer loop
      vertex -16.6787 22 -71.4373
      vertex -6.2 22 -86.6
      vertex -16.7641 22 -71.867
    endloop
  endfacet
  facet normal 0 1 0
    outer loop
      vertex 6.76939 22 -86.675
      vertex 17.0988 22 -72.675
      vertex 17.3423 22 -73.0394
    endloop
  endfacet
  facet normal 0 1 0
    outer loop
      vertex -16.7641 22 -71.867
      vertex -6.2 22 -86.6
      vertex -16.905 22 -72.282
    endloop
  endfacet
  facet normal 0 1 0
    outer loop
      vertex 7.0419 22 -86.7675
      vertex 17.3423 22 -73.0394
      vertex 17.6312 22 -73.3688
    endloop
  endfacet
  facet normal 0 1 -0
    outer loop
      vertex -6.48715 22 -86.6188
      vertex -16.905 22 -72.282
      vertex -6.2 22 -86.6
    endloop
  endfacet
  facet normal 0 1 0
    outer loop
      vertex 7.3 22 -86.8947
      vertex 17.6312 22 -73.3688
      vertex 17.9606 22 -73.6577
    endloop
  endfacet
  facet normal 0 1 0
    outer loop
      vertex -16.905 22 -72.282
      vertex -6.48715 22 -86.6188
      vertex -17.0988 22 -72.675
    endloop
  endfacet
  facet normal 0 1 0
    outer loop
      vertex 7.75563 22 -87.2444
      vertex 17.9606 22 -73.6577
      vertex 18.325 22 -73.9012
    endloop
  endfacet
  facet normal 0 1 -0
    outer loop
      vertex -6.76939 22 -86.675
      vertex -17.0988 22 -72.675
      vertex -6.48715 22 -86.6188
    endloop
  endfacet
  facet normal 0 1 0
    outer loop
      vertex 7.94537 22 -87.4607
      vertex 18.325 22 -73.9012
      vertex 18.718 22 -74.095
    endloop
  endfacet
  facet normal 0 1 0
    outer loop
      vertex -17.0988 22 -72.675
      vertex -6.76939 22 -86.675
      vertex -17.3423 22 -73.0394
    endloop
  endfacet
  facet normal 0 1 0
    outer loop
      vertex 8.10526 22 -87.7
      vertex 18.718 22 -74.095
      vertex 19.133 22 -74.2359
    endloop
  endfacet
  facet normal 0 1 -0
    outer loop
      vertex -7.0419 22 -86.7675
      vertex -17.3423 22 -73.0394
      vertex -6.76939 22 -86.675
    endloop
  endfacet
  facet normal 0 1 0
    outer loop
      vertex 8.23253 22 -87.9581
      vertex 19.133 22 -74.2359
      vertex 19.5627 22 -74.3213
    endloop
  endfacet
  facet normal 0 1 0
    outer loop
      vertex -17.3423 22 -73.0394
      vertex -7.0419 22 -86.7675
      vertex -17.6312 22 -73.3688
    endloop
  endfacet
  facet normal 0 1 0
    outer loop
      vertex 8.32503 22 -88.2306
      vertex 19.5627 22 -74.3213
      vertex 20 22 -74.35
    endloop
  endfacet
  facet normal 0 1 -0
    outer loop
      vertex -7.3 22 -86.8947
      vertex -17.6312 22 -73.3688
      vertex -7.0419 22 -86.7675
    endloop
  endfacet
  facet normal 0 1 -0
    outer loop
      vertex -8.9 22 -61.9
      vertex -13.1 22 -52.1
      vertex -8.9 22 -52.1
    endloop
  endfacet
  facet normal 0 1 0
    outer loop
      vertex -13.1 22 -52.1
      vertex -8.9 22 -61.9
      vertex -13.1 22 -61.9
    endloop
  endfacet
  facet normal 0 1 -0
    outer loop
      vertex 13.1 22 -61.9
      vertex 8.9 22 -52.1
      vertex 13.1 22 -52.1
    endloop
  endfacet
  facet normal 0 1 0
    outer loop
      vertex 8.9 22 -52.1
      vertex 13.1 22 -61.9
      vertex 8.9 22 -61.9
    endloop
  endfacet
  facet normal 0 1 0
    outer loop
      vertex 36.4 22 84
      vertex 26 22 94.4
      vertex 27.3575 22 94.311
    endloop
  endfacet
  facet normal 0 1 0
    outer loop
      vertex 26 22 94.4
      vertex 0 22 68.75
      vertex -26 22 94.4
    endloop
  endfacet
  facet normal 0 1 0
    outer loop
      vertex 36.4 22 84
      vertex 27.3575 22 94.311
      vertex 28.6917 22 94.0456
    endloop
  endfacet
  facet normal 0 1 -0
    outer loop
      vertex -0.489472 22 68.7179
      vertex -26 22 94.4
      vertex 0 22 68.75
    endloop
  endfacet
  facet normal 0 1 0
    outer loop
      vertex 36.4 22 84
      vertex 28.6917 22 94.0456
      vertex 29.9799 22 93.6084
    endloop
  endfacet
  facet normal 0 1 -0
    outer loop
      vertex -0.970571 22 68.6222
      vertex -26 22 94.4
      vertex -0.489472 22 68.7179
    endloop
  endfacet
  facet normal 0 1 0
    outer loop
      vertex 36.4 22 84
      vertex 29.9799 22 93.6084
      vertex 31.2 22 93.0067
    endloop
  endfacet
  facet normal 0 1 -0
    outer loop
      vertex -1.43506 22 68.4645
      vertex -26 22 94.4
      vertex -0.970571 22 68.6222
    endloop
  endfacet
  facet normal 0 1 0
    outer loop
      vertex 36.4 22 84
      vertex 31.2 22 93.0067
      vertex 32.3311 22 92.2509
    endloop
  endfacet
  facet normal 0 1 -0
    outer loop
      vertex -1.875 22 68.2476
      vertex -26 22 94.4
      vertex -1.43506 22 68.4645
    endloop
  endfacet
  facet normal 0 1 0
    outer loop
      vertex 36.4 22 84
      vertex 32.3311 22 92.2509
      vertex 33.3539 22 91.3539
    endloop
  endfacet
  facet normal 0 1 -0
    outer loop
      vertex -2.28286 22 67.9751
      vertex -26 22 94.4
      vertex -1.875 22 68.2476
    endloop
  endfacet
  facet normal 0 1 0
    outer loop
      vertex 36.4 22 84
      vertex 33.3539 22 91.3539
      vertex 34.2509 22 90.3311
    endloop
  endfacet
  facet normal 0 1 -0
    outer loop
      vertex -2.65165 22 67.6516
      vertex -26 22 94.4
      vertex -2.28286 22 67.9751
    endloop
  endfacet
  facet normal 0 1 0
    outer loop
      vertex 36.4 22 84
      vertex 34.2509 22 90.3311
      vertex 35.0067 22 89.2
    endloop
  endfacet
  facet normal 0 1 -0
    outer loop
      vertex -2.97507 22 67.2829
      vertex -26 22 94.4
      vertex -2.65165 22 67.6516
    endloop
  endfacet
  facet normal 0 1 0
    outer loop
      vertex 36.4 22 84
      vertex 35.0067 22 89.2
      vertex 35.6084 22 87.9799
    endloop
  endfacet
  facet normal 0 1 -0
    outer loop
      vertex -3.24759 22 66.875
      vertex -26 22 94.4
      vertex -2.97507 22 67.2829
    endloop
  endfacet
  facet normal 0 1 0
    outer loop
      vertex 36.4 22 84
      vertex 35.6084 22 87.9799
      vertex 36.0456 22 86.6917
    endloop
  endfacet
  facet normal 0 1 0
    outer loop
      vertex -26 22 94.4
      vertex -36.4 22 84
      vertex -27.3575 22 94.311
    endloop
  endfacet
  facet normal 0 1 0
    outer loop
      vertex 36.4 22 84
      vertex 36.0456 22 86.6917
      vertex 36.311 22 85.3575
    endloop
  endfacet
  facet normal 0 1 0
    outer loop
      vertex -27.3575 22 94.311
      vertex -36.4 22 84
      vertex -28.6917 22 94.0456
    endloop
  endfacet
  facet normal 0 1 0
    outer loop
      vertex 3.24759 22 66.875
      vertex 26 22 94.4
      vertex 36.4 22 84
    endloop
  endfacet
  facet normal 0 1 0
    outer loop
      vertex -28.6917 22 94.0456
      vertex -36.4 22 84
      vertex -29.9799 22 93.6084
    endloop
  endfacet
  facet normal 0 1 0
    outer loop
      vertex -29.9799 22 93.6084
      vertex -36.4 22 84
      vertex -31.2 22 93.0067
    endloop
  endfacet
  facet normal 0 1 0
    outer loop
      vertex 26 22 94.4
      vertex 0.489472 22 68.7179
      vertex 0 22 68.75
    endloop
  endfacet
  facet normal 0 1 0
    outer loop
      vertex 26 22 94.4
      vertex 0.970571 22 68.6222
      vertex 0.489472 22 68.7179
    endloop
  endfacet
  facet normal 0 1 0
    outer loop
      vertex 26 22 94.4
      vertex 1.43506 22 68.4645
      vertex 0.970571 22 68.6222
    endloop
  endfacet
  facet normal 0 1 0
    outer loop
      vertex 26 22 94.4
      vertex 1.875 22 68.2476
      vertex 1.43506 22 68.4645
    endloop
  endfacet
  facet normal 0 1 0
    outer loop
      vertex 26 22 94.4
      vertex 2.28286 22 67.9751
      vertex 1.875 22 68.2476
    endloop
  endfacet
  facet normal 0 1 0
    outer loop
      vertex 26 22 94.4
      vertex 2.65165 22 67.6516
      vertex 2.28286 22 67.9751
    endloop
  endfacet
  facet normal 0 1 0
    outer loop
      vertex 26 22 94.4
      vertex 2.97507 22 67.2829
      vertex 2.65165 22 67.6516
    endloop
  endfacet
  facet normal 0 1 0
    outer loop
      vertex 26 22 94.4
      vertex 3.24759 22 66.875
      vertex 2.97507 22 67.2829
    endloop
  endfacet
  facet normal 0 1 0
    outer loop
      vertex 36.4 22 84
      vertex 3.46455 22 66.4351
      vertex 3.24759 22 66.875
    endloop
  endfacet
  facet normal 0 1 0
    outer loop
      vertex 36.4 22 84
      vertex 3.62222 22 65.9706
      vertex 3.46455 22 66.4351
    endloop
  endfacet
  facet normal 0 1 0
    outer loop
      vertex 36.4 22 84
      vertex 3.71792 22 65.4895
      vertex 3.62222 22 65.9706
    endloop
  endfacet
  facet normal 0 1 0
    outer loop
      vertex 36.4 22 84
      vertex 3.75 22 65
      vertex 3.71792 22 65.4895
    endloop
  endfacet
  facet normal 0 1 0
    outer loop
      vertex 36.4 22 84
      vertex 3.71792 22 64.5105
      vertex 3.75 22 65
    endloop
  endfacet
  facet normal 0 1 0
    outer loop
      vertex 36.4 22 84
      vertex 3.62222 22 64.0294
      vertex 3.71792 22 64.5105
    endloop
  endfacet
  facet normal 0 1 0
    outer loop
      vertex 2.2 22 55
      vertex 3.62222 22 64.0294
      vertex 36.4 22 84
    endloop
  endfacet
  facet normal 0 1 0
    outer loop
      vertex 3.62222 22 64.0294
      vertex 2.18118 22 55.2872
      vertex 2.12504 22 59.4306
    endloop
  endfacet
  facet normal -0 1 0
    outer loop
      vertex 2.12504 22 55.5694
      vertex 2.12504 22 59.4306
      vertex 2.18118 22 55.2872
    endloop
  endfacet
  facet normal 0 1 0
    outer loop
      vertex 2.12504 22 59.4306
      vertex 2.12504 22 55.5694
      vertex 2.03253 22 59.1581
    endloop
  endfacet
  facet normal 0 1 0
    outer loop
      vertex 2.03253 22 59.1581
      vertex 2.03253 22 55.8419
      vertex 1.90526 22 58.9
    endloop
  endfacet
  facet normal -0 1 0
    outer loop
      vertex 1.90526 22 56.1
      vertex 1.90526 22 58.9
      vertex 2.03253 22 55.8419
    endloop
  endfacet
  facet normal 0 1 0
    outer loop
      vertex 0.287157 22 57.8188
      vertex 0 22 57.2
      vertex 0 22 57.8
    endloop
  endfacet
  facet normal 0 1 0
    outer loop
      vertex 0.287157 22 57.1812
      vertex 0.287157 22 57.8188
      vertex 0.569402 22 57.875
    endloop
  endfacet
  facet normal 0 1 0
    outer loop
      vertex 0.569402 22 57.125
      vertex 0.569402 22 57.875
      vertex 0.841903 22 57.9675
    endloop
  endfacet
  facet normal 0 1 0
    outer loop
      vertex 0.841903 22 57.0325
      vertex 0.841903 22 57.9675
      vertex 1.1 22 58.0947
    endloop
  endfacet
  facet normal 0 1 0
    outer loop
      vertex 1.1 22 56.9053
      vertex 1.1 22 58.0947
      vertex 1.33927 22 58.2546
    endloop
  endfacet
  facet normal -0 1 0
    outer loop
      vertex 1.74538 22 56.3393
      vertex 1.74538 22 58.6607
      vertex 1.90526 22 56.1
    endloop
  endfacet
  facet normal 0 1 0
    outer loop
      vertex 0.287157 22 57.8188
      vertex 0.287157 22 57.1812
      vertex 0 22 57.2
    endloop
  endfacet
  facet normal 0 1 0
    outer loop
      vertex 0.569402 22 57.875
      vertex 0.569402 22 57.125
      vertex 0.287157 22 57.1812
    endloop
  endfacet
  facet normal 0 1 0
    outer loop
      vertex 0.841903 22 57.9675
      vertex 0.841903 22 57.0325
      vertex 0.569402 22 57.125
    endloop
  endfacet
  facet normal 0 1 0
    outer loop
      vertex 1.1 22 58.0947
      vertex 1.1 22 56.9053
      vertex 0.841903 22 57.0325
    endloop
  endfacet
  facet normal 0 1 0
    outer loop
      vertex 1.33927 22 58.2546
      vertex 1.33927 22 56.7454
      vertex 1.1 22 56.9053
    endloop
  endfacet
  facet normal 0 1 0
    outer loop
      vertex 1.33927 22 58.2546
      vertex 1.55563 22 56.5556
      vertex 1.33927 22 56.7454
    endloop
  endfacet
  facet normal 0 1 0
    outer loop
      vertex 1.55563 22 58.4444
      vertex 1.55563 22 56.5556
      vertex 1.33927 22 58.2546
    endloop
  endfacet
  facet normal -0 1 0
    outer loop
      vertex 1.55563 22 56.5556
      vertex 1.55563 22 58.4444
      vertex 1.74538 22 56.3393
    endloop
  endfacet
  facet normal 0 1 0
    outer loop
      vertex 1.74538 22 58.6607
      vertex 1.74538 22 56.3393
      vertex 1.55563 22 58.4444
    endloop
  endfacet
  facet normal 0 1 0
    outer loop
      vertex 1.90526 22 58.9
      vertex 1.90526 22 56.1
      vertex 1.74538 22 58.6607
    endloop
  endfacet
  facet normal -0 1 0
    outer loop
      vertex 2.03253 22 55.8419
      vertex 2.03253 22 59.1581
      vertex 2.12504 22 55.5694
    endloop
  endfacet
  facet normal 0 1 0
    outer loop
      vertex 3.62222 22 64.0294
      vertex 2.2 22 55
      vertex 2.18118 22 55.2872
    endloop
  endfacet
  facet normal 0 1 0
    outer loop
      vertex 36.4 22 84
      vertex 2.18118 22 54.7128
      vertex 2.2 22 55
    endloop
  endfacet
  facet normal 0 1 0
    outer loop
      vertex 1.98289 22 43.2611
      vertex 2.18118 22 54.7128
      vertex 36.4 22 84
    endloop
  endfacet
  facet normal 0 1 0
    outer loop
      vertex 2.18118 22 54.7128
      vertex 1.98289 22 43.2611
      vertex 2.12504 22 54.4306
    endloop
  endfacet
  facet normal -0 1 0
    outer loop
      vertex 1.93185 22 43.5176
      vertex 2.12504 22 54.4306
      vertex 1.98289 22 43.2611
    endloop
  endfacet
  facet normal 0 1 0
    outer loop
      vertex 2.12504 22 54.4306
      vertex 1.93185 22 43.5176
      vertex 2.03253 22 54.1581
    endloop
  endfacet
  facet normal -0 1 0
    outer loop
      vertex 1.84776 22 43.7654
      vertex 2.03253 22 54.1581
      vertex 1.93185 22 43.5176
    endloop
  endfacet
  facet normal -0 1 0
    outer loop
      vertex 1.73205 22 44
      vertex 1.90526 22 53.9
      vertex 1.84776 22 43.7654
    endloop
  endfacet
  facet normal 0 1 0
    outer loop
      vertex 0.287157 22 52.8188
      vertex 0 22 45
      vertex 0 22 52.8
    endloop
  endfacet
  facet normal 0 1 0
    outer loop
      vertex 0.261052 22 44.9829
      vertex 0.287157 22 52.8188
      vertex 0.569402 22 52.875
    endloop
  endfacet
  facet normal 0 1 -0
    outer loop
      vertex 0.765367 22 44.8478
      vertex 0.569402 22 52.875
      vertex 0.841903 22 52.9675
    endloop
  endfacet
  facet normal 0 1 -0
    outer loop
      vertex 1 22 44.732
      vertex 0.841903 22 52.9675
      vertex 1.1 22 53.0947
    endloop
  endfacet
  facet normal 0 1 -0
    outer loop
      vertex 1.21752 22 44.5867
      vertex 1.1 22 53.0947
      vertex 1.33927 22 53.2546
    endloop
  endfacet
  facet normal 0 1 0
    outer loop
      vertex 1.90526 22 53.9
      vertex 1.73205 22 44
      vertex 1.74538 22 53.6607
    endloop
  endfacet
  facet normal 0 1 0
    outer loop
      vertex 0.287157 22 52.8188
      vertex 0.261052 22 44.9829
      vertex 0 22 45
    endloop
  endfacet
  facet normal 0 1 0
    outer loop
      vertex 0.569402 22 52.875
      vertex 0.517637 22 44.9319
      vertex 0.261052 22 44.9829
    endloop
  endfacet
  facet normal 0 1 0
    outer loop
      vertex 0.569402 22 52.875
      vertex 0.765367 22 44.8478
      vertex 0.517637 22 44.9319
    endloop
  endfacet
  facet normal 0 1 0
    outer loop
      vertex 0.841903 22 52.9675
      vertex 1 22 44.732
      vertex 0.765367 22 44.8478
    endloop
  endfacet
  facet normal 0 1 0
    outer loop
      vertex 1.1 22 53.0947
      vertex 1.21752 22 44.5867
      vertex 1 22 44.732
    endloop
  endfacet
  facet normal 0 1 0
    outer loop
      vertex 1.33927 22 53.2546
      vertex 1.41421 22 44.4142
      vertex 1.21752 22 44.5867
    endloop
  endfacet
  facet normal 0 1 0
    outer loop
      vertex 1.55563 22 53.4444
      vertex 1.41421 22 44.4142
      vertex 1.33927 22 53.2546
    endloop
  endfacet
  facet normal -0 1 0
    outer loop
      vertex 1.41421 22 44.4142
      vertex 1.55563 22 53.4444
      vertex 1.58671 22 44.2175
    endloop
  endfacet
  facet normal 0 1 0
    outer loop
      vertex 1.74538 22 53.6607
      vertex 1.58671 22 44.2175
      vertex 1.55563 22 53.4444
    endloop
  endfacet
  facet normal -0 1 0
    outer loop
      vertex 1.58671 22 44.2175
      vertex 1.74538 22 53.6607
      vertex 1.73205 22 44
    endloop
  endfacet
  facet normal 0 1 0
    outer loop
      vertex 2.03253 22 54.1581
      vertex 1.84776 22 43.7654
      vertex 1.90526 22 53.9
    endloop
  endfacet
  facet normal 0 1 0
    outer loop
      vertex 36.4 22 84
      vertex 2 22 43
      vertex 1.98289 22 43.2611
    endloop
  endfacet
  facet normal 0 1 0
    outer loop
      vertex 36.4 22 84
      vertex 1.98289 22 42.7389
      vertex 2 22 43
    endloop
  endfacet
  facet normal 0 1 0
    outer loop
      vertex 36.4 22 84
      vertex 1.93185 22 42.4824
      vertex 1.98289 22 42.7389
    endloop
  endfacet
  facet normal 0 1 0
    outer loop
      vertex 36.4 22 84
      vertex 1.84776 22 42.2346
      vertex 1.93185 22 42.4824
    endloop
  endfacet
  facet normal 0 1 -0
    outer loop
      vertex 30.9 22 -52.1
      vertex 1.84776 22 42.2346
      vertex 36.4 22 84
    endloop
  endfacet
  facet normal 0 1 0
    outer loop
      vertex 1.84776 22 42.2346
      vertex 30.9 22 -52.1
      vertex 1.73205 22 42
    endloop
  endfacet
  facet normal 0 1 -0
    outer loop
      vertex 8.9 22 -52.1
      vertex 0.517637 22 41.0681
      vertex 13.1 22 -52.1
    endloop
  endfacet
  facet normal 0 1 0
    outer loop
      vertex 0.765367 22 41.1522
      vertex 13.1 22 -52.1
      vertex 0.517637 22 41.0681
    endloop
  endfacet
  facet normal 0 1 -0
    outer loop
      vertex 13.1 22 -52.1
      vertex 0.765367 22 41.1522
      vertex 30.9 22 -52.1
    endloop
  endfacet
  facet normal 0 1 0
    outer loop
      vertex 1 22 41.2679
      vertex 30.9 22 -52.1
      vertex 0.765367 22 41.1522
    endloop
  endfacet
  facet normal 0 1 0
    outer loop
      vertex 1.21752 22 41.4133
      vertex 30.9 22 -52.1
      vertex 1 22 41.2679
    endloop
  endfacet
  facet normal 0 1 0
    outer loop
      vertex 1.41421 22 41.5858
      vertex 30.9 22 -52.1
      vertex 1.21752 22 41.4133
    endloop
  endfacet
  facet normal 0 1 0
    outer loop
      vertex 1.58671 22 41.7825
      vertex 30.9 22 -52.1
      vertex 1.41421 22 41.5858
    endloop
  endfacet
  facet normal 0 1 0
    outer loop
      vertex 1.73205 22 42
      vertex 30.9 22 -52.1
      vertex 1.58671 22 41.7825
    endloop
  endfacet
  facet normal 0 1 -0
    outer loop
      vertex 36.4 22 -84
      vertex 30.9 22 -52.1
      vertex 36.4 22 84
    endloop
  endfacet
  facet normal 0 1 -0
    outer loop
      vertex 20.4373 22 -67.6787
      vertex 13.1 22 -61.9
      vertex 30.9 22 -61.9
    endloop
  endfacet
  facet normal 0 1 -0
    outer loop
      vertex 19.5627 22 -67.6787
      vertex 13.1 22 -61.9
      vertex 20 22 -67.65
    endloop
  endfacet
  facet normal 0 1 -0
    outer loop
      vertex 19.133 22 -67.7641
      vertex 13.1 22 -61.9
      vertex 19.5627 22 -67.6787
    endloop
  endfacet
  facet normal 0 1 -0
    outer loop
      vertex 18.718 22 -67.905
      vertex 13.1 22 -61.9
      vertex 19.133 22 -67.7641
    endloop
  endfacet
  facet normal 0 1 0
    outer loop
      vertex -8.9 22 -61.9
      vertex -20 22 -67.65
      vertex -13.1 22 -61.9
    endloop
  endfacet
  facet normal 0 1 0
    outer loop
      vertex 13.1 22 -61.9
      vertex 20.4373 22 -67.6787
      vertex 20 22 -67.65
    endloop
  endfacet
  facet normal 0 1 0
    outer loop
      vertex 30.9 22 -61.9
      vertex 20.867 22 -67.7641
      vertex 20.4373 22 -67.6787
    endloop
  endfacet
  facet normal 0 1 0
    outer loop
      vertex 30.9 22 -61.9
      vertex 21.282 22 -67.905
      vertex 20.867 22 -67.7641
    endloop
  endfacet
  facet normal 0 1 0
    outer loop
      vertex 30.9 22 -61.9
      vertex 21.675 22 -68.0988
      vertex 21.282 22 -67.905
    endloop
  endfacet
  facet normal 0 1 0
    outer loop
      vertex 30.9 22 -61.9
      vertex 22.0394 22 -68.3423
      vertex 21.675 22 -68.0988
    endloop
  endfacet
  facet normal 0 1 0
    outer loop
      vertex 30.9 22 -61.9
      vertex 22.3688 22 -68.6312
      vertex 22.0394 22 -68.3423
    endloop
  endfacet
  facet normal 0 1 0
    outer loop
      vertex 30.9 22 -61.9
      vertex 22.6577 22 -68.9606
      vertex 22.3688 22 -68.6312
    endloop
  endfacet
  facet normal 0 1 0
    outer loop
      vertex 30.9 22 -61.9
      vertex 22.9012 22 -69.325
      vertex 22.6577 22 -68.9606
    endloop
  endfacet
  facet normal 0 1 0
    outer loop
      vertex 30.9 22 -61.9
      vertex 23.095 22 -69.718
      vertex 22.9012 22 -69.325
    endloop
  endfacet
  facet normal 0 1 0
    outer loop
      vertex 30.9 22 -61.9
      vertex 23.2359 22 -70.133
      vertex 23.095 22 -69.718
    endloop
  endfacet
  facet normal 0 1 0
    outer loop
      vertex 30.9 22 -61.9
      vertex 23.3213 22 -70.5627
      vertex 23.2359 22 -70.133
    endloop
  endfacet
  facet normal 0 1 0
    outer loop
      vertex 30.9 22 -61.9
      vertex 23.35 22 -71
      vertex 23.3213 22 -70.5627
    endloop
  endfacet
  facet normal 0 1 0
    outer loop
      vertex 30.9 22 -61.9
      vertex 23.3213 22 -71.4373
      vertex 23.35 22 -71
    endloop
  endfacet
  facet normal 0 1 0
    outer loop
      vertex 36.4 22 -84
      vertex 23.3213 22 -71.4373
      vertex 30.9 22 -61.9
    endloop
  endfacet
  facet normal 0 1 0
    outer loop
      vertex 23.3213 22 -71.4373
      vertex 36.4 22 -84
      vertex 23.2359 22 -71.867
    endloop
  endfacet
  facet normal 0 1 0
    outer loop
      vertex 23.2359 22 -71.867
      vertex 36.4 22 -84
      vertex 23.095 22 -72.282
    endloop
  endfacet
  facet normal 0 1 0
    outer loop
      vertex 23.095 22 -72.282
      vertex 36.4 22 -84
      vertex 22.9012 22 -72.675
    endloop
  endfacet
  facet normal 0 1 0
    outer loop
      vertex 21.282 22 -74.095
      vertex 26 22 -94.4
      vertex 20.867 22 -74.2359
    endloop
  endfacet
  facet normal 0 1 0
    outer loop
      vertex 36.4 22 -84
      vertex 26 22 -94.4
      vertex 21.282 22 -74.095
    endloop
  endfacet
  facet normal 0 1 0
    outer loop
      vertex 26 22 -94.4
      vertex 36.4 22 -84
      vertex 33.3539 22 -91.3539
    endloop
  endfacet
  facet normal 0 1 0
    outer loop
      vertex 33.3539 22 -91.3539
      vertex 36.4 22 -84
      vertex 34.2509 22 -90.3311
    endloop
  endfacet
  facet normal 0 1 0
    outer loop
      vertex 21.675 22 -73.9012
      vertex 36.4 22 -84
      vertex 21.282 22 -74.095
    endloop
  endfacet
  facet normal 0 1 0
    outer loop
      vertex 22.0394 22 -73.6577
      vertex 36.4 22 -84
      vertex 21.675 22 -73.9012
    endloop
  endfacet
  facet normal 0 1 0
    outer loop
      vertex 22.3688 22 -73.3688
      vertex 36.4 22 -84
      vertex 22.0394 22 -73.6577
    endloop
  endfacet
  facet normal 0 1 0
    outer loop
      vertex 22.6577 22 -73.0394
      vertex 36.4 22 -84
      vertex 22.3688 22 -73.3688
    endloop
  endfacet
  facet normal 0 1 0
    outer loop
      vertex 22.9012 22 -72.675
      vertex 36.4 22 -84
      vertex 22.6577 22 -73.0394
    endloop
  endfacet
  facet normal 0 1 0
    outer loop
      vertex 30.9 22 -52.1
      vertex 36.4 22 -84
      vertex 30.9 22 -61.9
    endloop
  endfacet
  facet normal 0 1 0
    outer loop
      vertex -32.3311 22 92.2509
      vertex -36.4 22 84
      vertex -33.3539 22 91.3539
    endloop
  endfacet
  facet normal 0 1 0
    outer loop
      vertex -33.3539 22 91.3539
      vertex -36.4 22 84
      vertex -34.2509 22 90.3311
    endloop
  endfacet
  facet normal 0 1 0
    outer loop
      vertex -34.2509 22 90.3311
      vertex -36.4 22 84
      vertex -35.0067 22 89.2
    endloop
  endfacet
  facet normal 0 1 0
    outer loop
      vertex -35.0067 22 89.2
      vertex -36.4 22 84
      vertex -35.6084 22 87.9799
    endloop
  endfacet
  facet normal 0 1 0
    outer loop
      vertex -36.0456 22 86.6917
      vertex -36.4 22 84
      vertex -36.311 22 85.3575
    endloop
  endfacet
  facet normal 0 1 0
    outer loop
      vertex -35.6084 22 87.9799
      vertex -36.4 22 84
      vertex -36.0456 22 86.6917
    endloop
  endfacet
  facet normal 0 1 0
    outer loop
      vertex -31.2 22 93.0067
      vertex -36.4 22 84
      vertex -32.3311 22 92.2509
    endloop
  endfacet
  facet normal 0 1 0
    outer loop
      vertex -26 22 94.4
      vertex -3.24759 22 66.875
      vertex -36.4 22 84
    endloop
  endfacet
  facet normal 0 1 -0
    outer loop
      vertex -3.46455 22 66.4351
      vertex -36.4 22 84
      vertex -3.24759 22 66.875
    endloop
  endfacet
  facet normal 0 1 -0
    outer loop
      vertex -3.62222 22 65.9706
      vertex -36.4 22 84
      vertex -3.46455 22 66.4351
    endloop
  endfacet
  facet normal 0 1 -0
    outer loop
      vertex -3.71792 22 65.4895
      vertex -36.4 22 84
      vertex -3.62222 22 65.9706
    endloop
  endfacet
  facet normal 0 1 -0
    outer loop
      vertex -3.75 22 65
      vertex -36.4 22 84
      vertex -3.71792 22 65.4895
    endloop
  endfacet
  facet normal 0 1 0
    outer loop
      vertex -3.71792 22 64.5105
      vertex -36.4 22 84
      vertex -3.75 22 65
    endloop
  endfacet
  facet normal 0 1 0
    outer loop
      vertex -3.62222 22 64.0294
      vertex -36.4 22 84
      vertex -3.71792 22 64.5105
    endloop
  endfacet
  facet normal 0 1 -0
    outer loop
      vertex -2.18118 22 55.2872
      vertex -3.62222 22 64.0294
      vertex -2.12504 22 59.4306
    endloop
  endfacet
  facet normal 0 1 0
    outer loop
      vertex -2.12504 22 55.5694
      vertex -2.12504 22 59.4306
      vertex -2.03253 22 59.1581
    endloop
  endfacet
  facet normal 0 1 0
    outer loop
      vertex -2.03253 22 55.8419
      vertex -2.03253 22 59.1581
      vertex -1.90526 22 58.9
    endloop
  endfacet
  facet normal 0 1 0
    outer loop
      vertex -1.90526 22 56.1
      vertex -1.90526 22 58.9
      vertex -1.74538 22 58.6607
    endloop
  endfacet
  facet normal 0 1 0
    outer loop
      vertex -1.74538 22 56.3393
      vertex -1.74538 22 58.6607
      vertex -1.55563 22 58.4444
    endloop
  endfacet
  facet normal 0 1 0
    outer loop
      vertex -1.55563 22 56.5556
      vertex -1.55563 22 58.4444
      vertex -1.33927 22 58.2546
    endloop
  endfacet
  facet normal 0 1 -0
    outer loop
      vertex 0 22 57.2
      vertex -0.287157 22 57.8188
      vertex 0 22 57.8
    endloop
  endfacet
  facet normal 0 1 0
    outer loop
      vertex -0.287157 22 57.1812
      vertex -0.287157 22 57.8188
      vertex 0 22 57.2
    endloop
  endfacet
  facet normal 0 1 0
    outer loop
      vertex -0.287157 22 57.8188
      vertex -0.287157 22 57.1812
      vertex -0.569402 22 57.875
    endloop
  endfacet
  facet normal 0 1 0
    outer loop
      vertex -0.569402 22 57.125
      vertex -0.569402 22 57.875
      vertex -0.287157 22 57.1812
    endloop
  endfacet
  facet normal 0 1 0
    outer loop
      vertex -0.569402 22 57.875
      vertex -0.569402 22 57.125
      vertex -0.841903 22 57.9675
    endloop
  endfacet
  facet normal 0 1 0
    outer loop
      vertex -0.841903 22 57.0325
      vertex -0.841903 22 57.9675
      vertex -0.569402 22 57.125
    endloop
  endfacet
  facet normal 0 1 0
    outer loop
      vertex -0.841903 22 57.9675
      vertex -0.841903 22 57.0325
      vertex -1.1 22 58.0947
    endloop
  endfacet
  facet normal 0 1 0
    outer loop
      vertex -1.1 22 56.9053
      vertex -1.1 22 58.0947
      vertex -0.841903 22 57.0325
    endloop
  endfacet
  facet normal 0 1 0
    outer loop
      vertex -1.1 22 58.0947
      vertex -1.1 22 56.9053
      vertex -1.33927 22 58.2546
    endloop
  endfacet
  facet normal 0 1 0
    outer loop
      vertex -1.33927 22 56.7454
      vertex -1.33927 22 58.2546
      vertex -1.1 22 56.9053
    endloop
  endfacet
  facet normal 0 1 0
    outer loop
      vertex -1.55563 22 56.5556
      vertex -1.33927 22 58.2546
      vertex -1.33927 22 56.7454
    endloop
  endfacet
  facet normal 0 1 0
    outer loop
      vertex -1.55563 22 58.4444
      vertex -1.55563 22 56.5556
      vertex -1.74538 22 56.3393
    endloop
  endfacet
  facet normal 0 1 0
    outer loop
      vertex -1.74538 22 58.6607
      vertex -1.74538 22 56.3393
      vertex -1.90526 22 56.1
    endloop
  endfacet
  facet normal 0 1 0
    outer loop
      vertex -1.90526 22 58.9
      vertex -1.90526 22 56.1
      vertex -2.03253 22 55.8419
    endloop
  endfacet
  facet normal 0 1 0
    outer loop
      vertex -2.03253 22 59.1581
      vertex -2.03253 22 55.8419
      vertex -2.12504 22 55.5694
    endloop
  endfacet
  facet normal 0 1 0
    outer loop
      vertex -2.12504 22 59.4306
      vertex -2.12504 22 55.5694
      vertex -2.18118 22 55.2872
    endloop
  endfacet
  facet normal 0 1 -0
    outer loop
      vertex -2.2 22 55
      vertex -3.62222 22 64.0294
      vertex -2.18118 22 55.2872
    endloop
  endfacet
  facet normal 0 1 0
    outer loop
      vertex -3.62222 22 64.0294
      vertex -2.2 22 55
      vertex -36.4 22 84
    endloop
  endfacet
  facet normal 0 1 0
    outer loop
      vertex -2.18118 22 54.7128
      vertex -36.4 22 84
      vertex -2.2 22 55
    endloop
  endfacet
  facet normal 0 1 0
    outer loop
      vertex -1.98289 22 43.2611
      vertex -2.18118 22 54.7128
      vertex -2.12504 22 54.4306
    endloop
  endfacet
  facet normal 0 1 0
    outer loop
      vertex -1.93185 22 43.5176
      vertex -2.12504 22 54.4306
      vertex -2.03253 22 54.1581
    endloop
  endfacet
  facet normal 0 1 0
    outer loop
      vertex -1.84776 22 43.7654
      vertex -2.03253 22 54.1581
      vertex -1.90526 22 53.9
    endloop
  endfacet
  facet normal 0 1 0
    outer loop
      vertex -1.73205 22 44
      vertex -1.90526 22 53.9
      vertex -1.74538 22 53.6607
    endloop
  endfacet
  facet normal 0 1 -0
    outer loop
      vertex -1.58671 22 44.2175
      vertex -1.74538 22 53.6607
      vertex -1.55563 22 53.4444
    endloop
  endfacet
  facet normal 0 1 -0
    outer loop
      vertex -1.41421 22 44.4142
      vertex -1.55563 22 53.4444
      vertex -1.33927 22 53.2546
    endloop
  endfacet
  facet normal 0 1 -0
    outer loop
      vertex 0 22 45
      vertex -0.287157 22 52.8188
      vertex 0 22 52.8
    endloop
  endfacet
  facet normal 0 1 -0
    outer loop
      vertex -0.261052 22 44.9829
      vertex -0.287157 22 52.8188
      vertex 0 22 45
    endloop
  endfacet
  facet normal 0 1 0
    outer loop
      vertex -0.287157 22 52.8188
      vertex -0.261052 22 44.9829
      vertex -0.569402 22 52.875
    endloop
  endfacet
  facet normal 0 1 -0
    outer loop
      vertex -0.517637 22 44.9319
      vertex -0.569402 22 52.875
      vertex -0.261052 22 44.9829
    endloop
  endfacet
  facet normal 0 1 0
    outer loop
      vertex -0.765367 22 44.8478
      vertex -0.569402 22 52.875
      vertex -0.517637 22 44.9319
    endloop
  endfacet
  facet normal 0 1 0
    outer loop
      vertex -0.569402 22 52.875
      vertex -0.765367 22 44.8478
      vertex -0.841903 22 52.9675
    endloop
  endfacet
  facet normal 0 1 0
    outer loop
      vertex -1 22 44.732
      vertex -0.841903 22 52.9675
      vertex -0.765367 22 44.8478
    endloop
  endfacet
  facet normal 0 1 0
    outer loop
      vertex -0.841903 22 52.9675
      vertex -1 22 44.732
      vertex -1.1 22 53.0947
    endloop
  endfacet
  facet normal 0 1 0
    outer loop
      vertex -1.21752 22 44.5867
      vertex -1.1 22 53.0947
      vertex -1 22 44.732
    endloop
  endfacet
  facet normal 0 1 0
    outer loop
      vertex -1.1 22 53.0947
      vertex -1.21752 22 44.5867
      vertex -1.33927 22 53.2546
    endloop
  endfacet
  facet normal 0 1 0
    outer loop
      vertex -1.41421 22 44.4142
      vertex -1.33927 22 53.2546
      vertex -1.21752 22 44.5867
    endloop
  endfacet
  facet normal 0 1 0
    outer loop
      vertex -1.55563 22 53.4444
      vertex -1.41421 22 44.4142
      vertex -1.58671 22 44.2175
    endloop
  endfacet
  facet normal 0 1 0
    outer loop
      vertex -1.74538 22 53.6607
      vertex -1.58671 22 44.2175
      vertex -1.73205 22 44
    endloop
  endfacet
  facet normal 0 1 0
    outer loop
      vertex -1.90526 22 53.9
      vertex -1.73205 22 44
      vertex -1.84776 22 43.7654
    endloop
  endfacet
  facet normal 0 1 0
    outer loop
      vertex -2.03253 22 54.1581
      vertex -1.84776 22 43.7654
      vertex -1.93185 22 43.5176
    endloop
  endfacet
  facet normal 0 1 0
    outer loop
      vertex -2.12504 22 54.4306
      vertex -1.93185 22 43.5176
      vertex -1.98289 22 43.2611
    endloop
  endfacet
  facet normal 0 1 0
    outer loop
      vertex -2.18118 22 54.7128
      vertex -1.98289 22 43.2611
      vertex -36.4 22 84
    endloop
  endfacet
  facet normal 0 1 -0
    outer loop
      vertex -2 22 43
      vertex -36.4 22 84
      vertex -1.98289 22 43.2611
    endloop
  endfacet
  facet normal 0 1 0
    outer loop
      vertex -1.98289 22 42.7389
      vertex -36.4 22 84
      vertex -2 22 43
    endloop
  endfacet
  facet normal 0 1 0
    outer loop
      vertex -1.93185 22 42.4824
      vertex -36.4 22 84
      vertex -1.98289 22 42.7389
    endloop
  endfacet
  facet normal 0 1 0
    outer loop
      vertex -1.84776 22 42.2346
      vertex -36.4 22 84
      vertex -1.93185 22 42.4824
    endloop
  endfacet
  facet normal 0 1 0
    outer loop
      vertex -30.9 22 -52.1
      vertex -1.84776 22 42.2346
      vertex -1.73205 22 42
    endloop
  endfacet
  facet normal 0 1 0
    outer loop
      vertex -30.9 22 -52.1
      vertex -1.73205 22 42
      vertex -1.58671 22 41.7825
    endloop
  endfacet
  facet normal 0 1 0
    outer loop
      vertex 0.517637 22 41.0681
      vertex 8.9 22 -52.1
      vertex 0.261052 22 41.0171
    endloop
  endfacet
  facet normal 0 1 0
    outer loop
      vertex 0.261052 22 41.0171
      vertex 8.9 22 -52.1
      vertex 0 22 41
    endloop
  endfacet
  facet normal 0 1 0
    outer loop
      vertex -8.9 22 -52.1
      vertex 0 22 41
      vertex 8.9 22 -52.1
    endloop
  endfacet
  facet normal 0 1 0
    outer loop
      vertex 0 22 41
      vertex -8.9 22 -52.1
      vertex -0.261052 22 41.0171
    endloop
  endfacet
  facet normal 0 1 0
    outer loop
      vertex -0.261052 22 41.0171
      vertex -8.9 22 -52.1
      vertex -0.517637 22 41.0681
    endloop
  endfacet
  facet normal 0 1 0
    outer loop
      vertex -13.1 22 -52.1
      vertex -0.517637 22 41.0681
      vertex -8.9 22 -52.1
    endloop
  endfacet
  facet normal 0 1 0
    outer loop
      vertex -0.517637 22 41.0681
      vertex -13.1 22 -52.1
      vertex -0.765367 22 41.1522
    endloop
  endfacet
  facet normal 0 1 0
    outer loop
      vertex -30.9 22 -52.1
      vertex -0.765367 22 41.1522
      vertex -13.1 22 -52.1
    endloop
  endfacet
  facet normal 0 1 0
    outer loop
      vertex -0.765367 22 41.1522
      vertex -30.9 22 -52.1
      vertex -1 22 41.2679
    endloop
  endfacet
  facet normal 0 1 0
    outer loop
      vertex -1 22 41.2679
      vertex -30.9 22 -52.1
      vertex -1.21752 22 41.4133
    endloop
  endfacet
  facet normal 0 1 0
    outer loop
      vertex -1.21752 22 41.4133
      vertex -30.9 22 -52.1
      vertex -1.41421 22 41.5858
    endloop
  endfacet
  facet normal 0 1 0
    outer loop
      vertex -1.41421 22 41.5858
      vertex -30.9 22 -52.1
      vertex -1.58671 22 41.7825
    endloop
  endfacet
  facet normal 0 1 0
    outer loop
      vertex -1.84776 22 42.2346
      vertex -30.9 22 -52.1
      vertex -36.4 22 84
    endloop
  endfacet
  facet normal 0 1 0
    outer loop
      vertex -36.4 22 -84
      vertex -30.9 22 -52.1
      vertex -30.9 22 -61.9
    endloop
  endfacet
  facet normal 0 1 0
    outer loop
      vertex -20.4373 22 -67.6787
      vertex -13.1 22 -61.9
      vertex -20 22 -67.65
    endloop
  endfacet
  facet normal 0 1 0
    outer loop
      vertex -13.1 22 -61.9
      vertex -20.4373 22 -67.6787
      vertex -30.9 22 -61.9
    endloop
  endfacet
  facet normal 0 1 -0
    outer loop
      vertex -20.867 22 -67.7641
      vertex -30.9 22 -61.9
      vertex -20.4373 22 -67.6787
    endloop
  endfacet
  facet normal 0 1 -0
    outer loop
      vertex -21.282 22 -67.905
      vertex -30.9 22 -61.9
      vertex -20.867 22 -67.7641
    endloop
  endfacet
  facet normal 0 1 -0
    outer loop
      vertex -21.675 22 -68.0988
      vertex -30.9 22 -61.9
      vertex -21.282 22 -67.905
    endloop
  endfacet
  facet normal 0 1 -0
    outer loop
      vertex -22.0394 22 -68.3423
      vertex -30.9 22 -61.9
      vertex -21.675 22 -68.0988
    endloop
  endfacet
  facet normal 0 1 -0
    outer loop
      vertex -22.3688 22 -68.6312
      vertex -30.9 22 -61.9
      vertex -22.0394 22 -68.3423
    endloop
  endfacet
  facet normal 0 1 -0
    outer loop
      vertex -22.6577 22 -68.9606
      vertex -30.9 22 -61.9
      vertex -22.3688 22 -68.6312
    endloop
  endfacet
  facet normal 0 1 -0
    outer loop
      vertex -22.9012 22 -69.325
      vertex -30.9 22 -61.9
      vertex -22.6577 22 -68.9606
    endloop
  endfacet
  facet normal 0 1 -0
    outer loop
      vertex -23.095 22 -69.718
      vertex -30.9 22 -61.9
      vertex -22.9012 22 -69.325
    endloop
  endfacet
  facet normal 0 1 -0
    outer loop
      vertex -23.2359 22 -70.133
      vertex -30.9 22 -61.9
      vertex -23.095 22 -69.718
    endloop
  endfacet
  facet normal 0 1 -0
    outer loop
      vertex -23.3213 22 -70.5627
      vertex -30.9 22 -61.9
      vertex -23.2359 22 -70.133
    endloop
  endfacet
  facet normal 0 1 -0
    outer loop
      vertex -23.35 22 -71
      vertex -30.9 22 -61.9
      vertex -23.3213 22 -70.5627
    endloop
  endfacet
  facet normal 0 1 0
    outer loop
      vertex -23.3213 22 -71.4373
      vertex -30.9 22 -61.9
      vertex -23.35 22 -71
    endloop
  endfacet
  facet normal 0 1 0
    outer loop
      vertex -36.4 22 -84
      vertex -23.3213 22 -71.4373
      vertex -23.2359 22 -71.867
    endloop
  endfacet
  facet normal 0 1 0
    outer loop
      vertex -36.4 22 -84
      vertex -23.2359 22 -71.867
      vertex -23.095 22 -72.282
    endloop
  endfacet
  facet normal 0 1 0
    outer loop
      vertex -36.4 22 -84
      vertex -23.095 22 -72.282
      vertex -22.9012 22 -72.675
    endloop
  endfacet
  facet normal 0 1 0
    outer loop
      vertex -36.4 22 -84
      vertex -22.9012 22 -72.675
      vertex -22.6577 22 -73.0394
    endloop
  endfacet
  facet normal 0 1 0
    outer loop
      vertex 16.905 22 -72.282
      vertex 6.48715 22 -86.6188
      vertex 6.2 22 -86.6
    endloop
  endfacet
  facet normal 0 1 0
    outer loop
      vertex -30.9 22 -52.1
      vertex -36.4 22 -84
      vertex -36.4 22 84
    endloop
  endfacet
  facet normal 0 1 0
    outer loop
      vertex -23.3213 22 -71.4373
      vertex -36.4 22 -84
      vertex -30.9 22 -61.9
    endloop
  endfacet
  facet normal 0 1 0
    outer loop
      vertex -22.3688 22 -73.3688
      vertex -36.4 22 -84
      vertex -22.6577 22 -73.0394
    endloop
  endfacet
  facet normal 0 1 0
    outer loop
      vertex -22.0394 22 -73.6577
      vertex -36.4 22 -84
      vertex -22.3688 22 -73.3688
    endloop
  endfacet
  facet normal 0 1 0
    outer loop
      vertex -21.675 22 -73.9012
      vertex -36.4 22 -84
      vertex -22.0394 22 -73.6577
    endloop
  endfacet
  facet normal 0 1 0
    outer loop
      vertex -21.282 22 -74.095
      vertex -36.4 22 -84
      vertex -21.675 22 -73.9012
    endloop
  endfacet
  facet normal 0 1 0
    outer loop
      vertex -36.311 22 -85.3575
      vertex -21.282 22 -74.095
      vertex -20.867 22 -74.2359
    endloop
  endfacet
  facet normal 0 1 0
    outer loop
      vertex -36.311 22 -85.3575
      vertex -20.867 22 -74.2359
      vertex -20.4373 22 -74.3213
    endloop
  endfacet
  facet normal 0 1 0
    outer loop
      vertex -17.6312 22 -73.3688
      vertex -7.3 22 -86.8947
      vertex -17.9606 22 -73.6577
    endloop
  endfacet
  facet normal 0 1 0
    outer loop
      vertex 34.2509 22 -90.3311
      vertex 36.4 22 -84
      vertex 36.311 22 -85.3575
    endloop
  endfacet
  facet normal 0 1 -0
    outer loop
      vertex -7.75563 22 -87.2444
      vertex -17.9606 22 -73.6577
      vertex -7.53928 22 -87.0546
    endloop
  endfacet
  facet normal 0 1 0
    outer loop
      vertex -21.282 22 -74.095
      vertex -36.311 22 -85.3575
      vertex -36.4 22 -84
    endloop
  endfacet
  facet normal 0 1 -0
    outer loop
      vertex -7.53928 22 -87.0546
      vertex -17.9606 22 -73.6577
      vertex -7.3 22 -86.8947
    endloop
  endfacet
  facet normal 0 1 0
    outer loop
      vertex 17.0988 22 -72.675
      vertex 6.76939 22 -86.675
      vertex 6.48715 22 -86.6188
    endloop
  endfacet
  facet normal 0 1 0
    outer loop
      vertex 34.2509 22 -90.3311
      vertex 36.311 22 -85.3575
      vertex 36.0456 22 -86.6917
    endloop
  endfacet
  facet normal 0 1 0
    outer loop
      vertex 17.3423 22 -73.0394
      vertex 7.0419 22 -86.7675
      vertex 6.76939 22 -86.675
    endloop
  endfacet
  facet normal 0 1 0
    outer loop
      vertex 17.6312 22 -73.3688
      vertex 7.3 22 -86.8947
      vertex 7.0419 22 -86.7675
    endloop
  endfacet
  facet normal 0 1 0
    outer loop
      vertex 17.9606 22 -73.6577
      vertex 7.53928 22 -87.0546
      vertex 7.3 22 -86.8947
    endloop
  endfacet
  facet normal 0 1 0
    outer loop
      vertex 17.9606 22 -73.6577
      vertex 7.75563 22 -87.2444
      vertex 7.53928 22 -87.0546
    endloop
  endfacet
  facet normal 0 1 0
    outer loop
      vertex 18.325 22 -73.9012
      vertex 7.94537 22 -87.4607
      vertex 7.75563 22 -87.2444
    endloop
  endfacet
  facet normal 0 1 0
    outer loop
      vertex 18.718 22 -74.095
      vertex 8.10526 22 -87.7
      vertex 7.94537 22 -87.4607
    endloop
  endfacet
  facet normal 0 1 0
    outer loop
      vertex 19.133 22 -74.2359
      vertex 8.23253 22 -87.9581
      vertex 8.10526 22 -87.7
    endloop
  endfacet
  facet normal 0 1 0
    outer loop
      vertex 34.2509 22 -90.3311
      vertex 36.0456 22 -86.6917
      vertex 35.6084 22 -87.9799
    endloop
  endfacet
  facet normal 0 1 0
    outer loop
      vertex 26 22 -94.4
      vertex 20 22 -74.35
      vertex 20.4373 22 -74.3213
    endloop
  endfacet
  facet normal 0 1 0
    outer loop
      vertex 19.5627 22 -74.3213
      vertex 8.32503 22 -88.2306
      vertex 8.23253 22 -87.9581
    endloop
  endfacet
  facet normal 0 1 0
    outer loop
      vertex 26 22 -94.4
      vertex 8.32503 22 -88.2306
      vertex 20 22 -74.35
    endloop
  endfacet
  facet normal 0 1 0
    outer loop
      vertex 34.2509 22 -90.3311
      vertex 35.6084 22 -87.9799
      vertex 35.0067 22 -89.2
    endloop
  endfacet
  facet normal 0 1 0
    outer loop
      vertex 20.867 22 -74.2359
      vertex 26 22 -94.4
      vertex 20.4373 22 -74.3213
    endloop
  endfacet
  facet normal 0 1 0
    outer loop
      vertex 8.32503 22 -88.2306
      vertex 26 22 -94.4
      vertex 8.38118 22 -88.5128
    endloop
  endfacet
  facet normal 0 1 0
    outer loop
      vertex 8.39999 22 -88.8
      vertex 8.4 22 -91
      vertex 8.39999 22 -91
    endloop
  endfacet
  facet normal 0.951617 0.242058 -0.189296
    outer loop
      vertex 36.9059 19.6 -85.4358
      vertex 36.0456 22 -86.6917
      vertex 36.311 22 -85.3575
    endloop
  endfacet
  facet normal 0.951618 0.242064 -0.189285
    outer loop
      vertex 36.6252 19.6 -86.847
      vertex 36.0456 22 -86.6917
      vertex 36.9059 19.6 -85.4358
    endloop
  endfacet
  facet normal -0.870203 0.242036 0.429146
    outer loop
      vertex -35.6084 22 87.9799
      vertex -36.1627 19.6 88.2095
      vertex -35.0067 22 89.2
    endloop
  endfacet
  facet normal 0.870203 0.242036 -0.429146
    outer loop
      vertex 36.1627 19.6 -88.2095
      vertex 35.0067 22 -89.2
      vertex 35.6084 22 -87.9799
    endloop
  endfacet
  facet normal 0.729484 0.242066 0.639732
    outer loop
      vertex 34.7269 19.6 90.6964
      vertex 33.3539 22 91.3539
      vertex 33.7782 19.6 91.7782
    endloop
  endfacet
  facet normal -0.311826 0.242065 -0.918787
    outer loop
      vertex -28.847 19.6 -94.6252
      vertex -29.9799 22 -93.6084
      vertex -28.6917 22 -94.0456
    endloop
  endfacet
  facet normal 0.539047 0.242042 0.806749
    outer loop
      vertex 32.6964 19.6 92.7269
      vertex 31.2 22 93.0067
      vertex 31.5 19.6 93.5263
    endloop
  endfacet
  facet normal 0.806749 0.242042 0.539047
    outer loop
      vertex 35.0067 22 89.2
      vertex 34.7269 19.6 90.6964
      vertex 35.5263 19.6 89.5
    endloop
  endfacet
  facet normal 0.896874 -0 0.442286
    outer loop
      vertex 35.5263 0 89.5
      vertex 36.1627 19.6 88.2095
      vertex 35.5263 19.6 89.5
    endloop
  endfacet
  facet normal 0.896874 0 0.442286
    outer loop
      vertex 36.1627 19.6 88.2095
      vertex 35.5263 0 89.5
      vertex 36.1627 0 88.2095
    endloop
  endfacet
  facet normal 0.806737 0.242052 0.539061
    outer loop
      vertex 35.0067 22 89.2
      vertex 34.2509 22 90.3311
      vertex 34.7269 19.6 90.6964
    endloop
  endfacet
  facet normal -0.997859 0 -0.0653981
    outer loop
      vertex -36.9059 0 -85.4358
      vertex -37 19.6 -84
      vertex -36.9059 19.6 -85.4358
    endloop
  endfacet
  facet normal -0.997859 -0 -0.0653981
    outer loop
      vertex -37 19.6 -84
      vertex -36.9059 0 -85.4358
      vertex -37 0 -84
    endloop
  endfacet
  facet normal -0.555566 0 0.831472
    outer loop
      vertex -32.6964 19.6 92.7269
      vertex -31.5 0 93.5263
      vertex -31.5 19.6 93.5263
    endloop
  endfacet
  facet normal -0.555566 0 0.831472
    outer loop
      vertex -31.5 0 93.5263
      vertex -32.6964 19.6 92.7269
      vertex -32.6964 0 92.7269
    endloop
  endfacet
  facet normal -0.997859 0 0.0653981
    outer loop
      vertex -37 0 84
      vertex -36.9059 19.6 85.4358
      vertex -37 19.6 84
    endloop
  endfacet
  facet normal -0.997859 0 0.0653981
    outer loop
      vertex -36.9059 19.6 85.4358
      vertex -37 0 84
      vertex -36.9059 0 85.4358
    endloop
  endfacet
  facet normal -0.980786 0 0.195087
    outer loop
      vertex -36.9059 0 85.4358
      vertex -36.6252 19.6 86.847
      vertex -36.9059 19.6 85.4358
    endloop
  endfacet
  facet normal -0.980786 0 0.195087
    outer loop
      vertex -36.6252 19.6 86.847
      vertex -36.9059 0 85.4358
      vertex -36.6252 0 86.847
    endloop
  endfacet
  facet normal 0.0653981 0 -0.997859
    outer loop
      vertex 26 0 -95
      vertex 27.4358 19.6 -94.9059
      vertex 27.4358 0 -94.9059
    endloop
  endfacet
  facet normal 0.0653981 0 -0.997859
    outer loop
      vertex 27.4358 19.6 -94.9059
      vertex 26 0 -95
      vertex 26 19.6 -95
    endloop
  endfacet
  facet normal 0.0634534 0.242047 -0.968187
    outer loop
      vertex 27.4358 19.6 -94.9059
      vertex 26 19.6 -95
      vertex 26 22 -94.4
    endloop
  endfacet
  facet normal -0.806749 0.242042 0.539047
    outer loop
      vertex -35.0067 22 89.2
      vertex -35.5263 19.6 89.5
      vertex -34.7269 19.6 90.6964
    endloop
  endfacet
  facet normal 0.806737 0.242052 -0.539061
    outer loop
      vertex 34.7269 19.6 -90.6964
      vertex 34.2509 22 -90.3311
      vertex 35.0067 22 -89.2
    endloop
  endfacet
  facet normal 0.429135 0.242042 -0.870206
    outer loop
      vertex 31.5 19.6 -93.5263
      vertex 30.2095 19.6 -94.1627
      vertex 31.2 22 -93.0067
    endloop
  endfacet
  facet normal 0.0634757 0.242059 0.968183
    outer loop
      vertex 27.3575 22 94.311
      vertex 26 22 94.4
      vertex 27.4358 19.6 94.9059
    endloop
  endfacet
  facet normal 0.189296 0.242058 0.951617
    outer loop
      vertex 28.6917 22 94.0456
      vertex 27.3575 22 94.311
      vertex 27.4358 19.6 94.9059
    endloop
  endfacet
  facet normal 0.555566 0 -0.831472
    outer loop
      vertex 31.5 0 -93.5263
      vertex 32.6964 19.6 -92.7269
      vertex 32.6964 0 -92.7269
    endloop
  endfacet
  facet normal 0.555566 0 -0.831472
    outer loop
      vertex 32.6964 19.6 -92.7269
      vertex 31.5 0 -93.5263
      vertex 31.5 19.6 -93.5263
    endloop
  endfacet
  facet normal -0.980786 0 -0.195087
    outer loop
      vertex -36.6252 0 -86.847
      vertex -36.9059 19.6 -85.4358
      vertex -36.6252 19.6 -86.847
    endloop
  endfacet
  facet normal -0.980786 -0 -0.195087
    outer loop
      vertex -36.9059 19.6 -85.4358
      vertex -36.6252 0 -86.847
      vertex -36.9059 0 -85.4358
    endloop
  endfacet
  facet normal 0.896874 0 -0.442286
    outer loop
      vertex 36.1627 0 -88.2095
      vertex 35.5263 19.6 -89.5
      vertex 36.1627 19.6 -88.2095
    endloop
  endfacet
  facet normal 0.896874 0 -0.442286
    outer loop
      vertex 35.5263 19.6 -89.5
      vertex 36.1627 0 -88.2095
      vertex 35.5263 0 -89.5
    endloop
  endfacet
  facet normal 0.951617 0.242058 0.189296
    outer loop
      vertex 36.311 22 85.3575
      vertex 36.0456 22 86.6917
      vertex 36.9059 19.6 85.4358
    endloop
  endfacet
  facet normal 0.946931 0 -0.321435
    outer loop
      vertex 36.6252 0 -86.847
      vertex 36.1627 19.6 -88.2095
      vertex 36.6252 19.6 -86.847
    endloop
  endfacet
  facet normal 0.946931 0 -0.321435
    outer loop
      vertex 36.1627 19.6 -88.2095
      vertex 36.6252 0 -86.847
      vertex 36.1627 0 -88.2095
    endloop
  endfacet
  facet normal 0.321435 0 -0.946931
    outer loop
      vertex 28.847 0 -94.6252
      vertex 30.2095 19.6 -94.1627
      vertex 30.2095 0 -94.1627
    endloop
  endfacet
  facet normal 0.321435 0 -0.946931
    outer loop
      vertex 30.2095 19.6 -94.1627
      vertex 28.847 0 -94.6252
      vertex 28.847 19.6 -94.6252
    endloop
  endfacet
  facet normal 0.63975 0.242054 0.729472
    outer loop
      vertex 33.3539 22 91.3539
      vertex 32.3311 22 92.2509
      vertex 32.6964 19.6 92.7269
    endloop
  endfacet
  facet normal -0.806737 0.242052 0.539061
    outer loop
      vertex -34.2509 22 90.3311
      vertex -35.0067 22 89.2
      vertex -34.7269 19.6 90.6964
    endloop
  endfacet
  facet normal 0.189296 0.242058 -0.951617
    outer loop
      vertex 27.4358 19.6 -94.9059
      vertex 27.3575 22 -94.311
      vertex 28.6917 22 -94.0456
    endloop
  endfacet
  facet normal -0.189296 0.242058 -0.951617
    outer loop
      vertex -27.4358 19.6 -94.9059
      vertex -28.6917 22 -94.0456
      vertex -27.3575 22 -94.311
    endloop
  endfacet
  facet normal -0.189285 0.242064 -0.951618
    outer loop
      vertex -27.4358 19.6 -94.9059
      vertex -28.847 19.6 -94.6252
      vertex -28.6917 22 -94.0456
    endloop
  endfacet
  facet normal -0.639732 0.242066 0.729484
    outer loop
      vertex -33.3539 22 91.3539
      vertex -33.7782 19.6 91.7782
      vertex -32.6964 19.6 92.7269
    endloop
  endfacet
  facet normal 0.806749 0.242042 -0.539047
    outer loop
      vertex 35.5263 19.6 -89.5
      vertex 34.7269 19.6 -90.6964
      vertex 35.0067 22 -89.2
    endloop
  endfacet
  facet normal 0.311878 0.242036 -0.918777
    outer loop
      vertex 30.2095 19.6 -94.1627
      vertex 28.847 19.6 -94.6252
      vertex 29.9799 22 -93.6084
    endloop
  endfacet
  facet normal -0.63975 0.242054 0.729472
    outer loop
      vertex -32.3311 22 92.2509
      vertex -33.3539 22 91.3539
      vertex -32.6964 19.6 92.7269
    endloop
  endfacet
  facet normal 0.555566 0 0.831472
    outer loop
      vertex 31.5 19.6 93.5263
      vertex 32.6964 0 92.7269
      vertex 32.6964 19.6 92.7269
    endloop
  endfacet
  facet normal 0.555566 0 0.831472
    outer loop
      vertex 32.6964 0 92.7269
      vertex 31.5 19.6 93.5263
      vertex 31.5 0 93.5263
    endloop
  endfacet
  facet normal 0.870206 0.242042 -0.429135
    outer loop
      vertex 35.5263 19.6 -89.5
      vertex 35.0067 22 -89.2
      vertex 36.1627 19.6 -88.2095
    endloop
  endfacet
  facet normal -0.442286 0 0.896874
    outer loop
      vertex -31.5 19.6 93.5263
      vertex -30.2095 0 94.1627
      vertex -30.2095 19.6 94.1627
    endloop
  endfacet
  facet normal -0.442286 0 0.896874
    outer loop
      vertex -30.2095 0 94.1627
      vertex -31.5 19.6 93.5263
      vertex -31.5 0 93.5263
    endloop
  endfacet
  facet normal -0.946931 0 -0.321435
    outer loop
      vertex -36.1627 0 -88.2095
      vertex -36.6252 19.6 -86.847
      vertex -36.1627 19.6 -88.2095
    endloop
  endfacet
  facet normal -0.946931 -0 -0.321435
    outer loop
      vertex -36.6252 19.6 -86.847
      vertex -36.1627 0 -88.2095
      vertex -36.6252 0 -86.847
    endloop
  endfacet
  facet normal -0.831472 0 0.555566
    outer loop
      vertex -35.5263 0 89.5
      vertex -34.7269 19.6 90.6964
      vertex -35.5263 19.6 89.5
    endloop
  endfacet
  facet normal -0.831472 0 0.555566
    outer loop
      vertex -34.7269 19.6 90.6964
      vertex -35.5263 0 89.5
      vertex -34.7269 0 90.6964
    endloop
  endfacet
  facet normal -0.195087 0 0.980786
    outer loop
      vertex -28.847 19.6 94.6252
      vertex -27.4358 0 94.9059
      vertex -27.4358 19.6 94.9059
    endloop
  endfacet
  facet normal -0.195087 0 0.980786
    outer loop
      vertex -27.4358 0 94.9059
      vertex -28.847 19.6 94.6252
      vertex -28.847 0 94.6252
    endloop
  endfacet
  facet normal -0.946931 0 0.321435
    outer loop
      vertex -36.6252 0 86.847
      vertex -36.1627 19.6 88.2095
      vertex -36.6252 19.6 86.847
    endloop
  endfacet
  facet normal -0.946931 0 0.321435
    outer loop
      vertex -36.1627 19.6 88.2095
      vertex -36.6252 0 86.847
      vertex -36.1627 0 88.2095
    endloop
  endfacet
  facet normal 0.442286 0 -0.896874
    outer loop
      vertex 30.2095 0 -94.1627
      vertex 31.5 19.6 -93.5263
      vertex 31.5 0 -93.5263
    endloop
  endfacet
  facet normal 0.442286 0 -0.896874
    outer loop
      vertex 31.5 19.6 -93.5263
      vertex 30.2095 0 -94.1627
      vertex 30.2095 19.6 -94.1627
    endloop
  endfacet
  facet normal -0.311878 0.242036 0.918777
    outer loop
      vertex -29.9799 22 93.6084
      vertex -30.2095 19.6 94.1627
      vertex -28.847 19.6 94.6252
    endloop
  endfacet
  facet normal -0.321435 0 0.946931
    outer loop
      vertex -30.2095 19.6 94.1627
      vertex -28.847 0 94.6252
      vertex -28.847 19.6 94.6252
    endloop
  endfacet
  facet normal -0.321435 0 0.946931
    outer loop
      vertex -28.847 0 94.6252
      vertex -30.2095 19.6 94.1627
      vertex -30.2095 0 94.1627
    endloop
  endfacet
  facet normal 0.659341 0 -0.751844
    outer loop
      vertex 32.6964 0 -92.7269
      vertex 33.7782 19.6 -91.7782
      vertex 33.7782 0 -91.7782
    endloop
  endfacet
  facet normal 0.659341 0 -0.751844
    outer loop
      vertex 33.7782 19.6 -91.7782
      vertex 32.6964 0 -92.7269
      vertex 32.6964 19.6 -92.7269
    endloop
  endfacet
  facet normal -0.870205 -0.24207 0.429122
    outer loop
      vertex 33.9454 17.2 -87.2911
      vertex 33.391 19.6 -87.0615
      vertex 32.9282 19.6 -88
    endloop
  endfacet
  facet normal -0.946936 0 -0.321423
    outer loop
      vertex 34.307 0 86.2258
      vertex 33.9454 17.2 87.2911
      vertex 34.307 17.2 86.2258
    endloop
  endfacet
  facet normal -0.946936 -0 -0.321423
    outer loop
      vertex 33.9454 17.2 87.2911
      vertex 34.307 0 86.2258
      vertex 33.9454 0 87.2911
    endloop
  endfacet
  facet normal -0.806737 -0.242052 -0.539061
    outer loop
      vertex 32.9282 19.6 88
      vertex 32.8228 17.2 89.2354
      vertex 32.3468 19.6 88.8701
    endloop
  endfacet
  facet normal 0.968192 -0.242021 0.0634823
    outer loop
      vertex -34.5264 17.2 -85.1225
      vertex -33.9316 19.6 -85.0442
      vertex -34.6 17.2 -84
    endloop
  endfacet
  facet normal -0.831475 0 0.555561
    outer loop
      vertex 32.8228 0 -89.2354
      vertex 33.4478 17.2 -88.3
      vertex 32.8228 17.2 -89.2354
    endloop
  endfacet
  facet normal -0.831475 0 0.555561
    outer loop
      vertex 33.4478 17.2 -88.3
      vertex 32.8228 0 -89.2354
      vertex 33.4478 0 -88.3
    endloop
  endfacet
  facet normal 0.918772 -0.242071 -0.311863
    outer loop
      vertex -33.391 19.6 87.0615
      vertex -33.9454 17.2 87.2911
      vertex -34.307 17.2 86.2258
    endloop
  endfacet
  facet normal -0.918772 -0.242071 0.311863
    outer loop
      vertex 33.9454 17.2 -87.2911
      vertex 34.307 17.2 -86.2258
      vertex 33.391 19.6 -87.0615
    endloop
  endfacet
  facet normal 0.31191 -0.242051 -0.918762
    outer loop
      vertex -28.0706 19.6 91.7274
      vertex -28.2258 17.2 92.307
      vertex -29.0615 19.6 91.391
    endloop
  endfacet
  facet normal -0.968192 -0.242021 0.0634823
    outer loop
      vertex 34.5264 17.2 -85.1225
      vertex 34.6 17.2 -84
      vertex 33.9316 19.6 -85.0442
    endloop
  endfacet
  facet normal -0.968192 -0.242021 -0.0634823
    outer loop
      vertex 34.6 17.2 84
      vertex 34.5264 17.2 85.1225
      vertex 33.9316 19.6 85.0442
    endloop
  endfacet
  facet normal -0.806752 -0.242042 -0.539042
    outer loop
      vertex 32.9282 19.6 88
      vertex 33.4478 17.2 88.3
      vertex 32.8228 17.2 89.2354
    endloop
  endfacet
  facet normal -0.980795 0 0.195039
    outer loop
      vertex 34.307 0 -86.2258
      vertex 34.5264 17.2 -85.1225
      vertex 34.307 17.2 -86.2258
    endloop
  endfacet
  facet normal -0.980795 0 0.195039
    outer loop
      vertex 34.5264 17.2 -85.1225
      vertex 34.307 0 -86.2258
      vertex 34.5264 0 -85.1225
    endloop
  endfacet
  facet normal -1 0 0
    outer loop
      vertex 34.6 0 -84
      vertex 34.6 17.2 84
      vertex 34.6 17.2 -84
    endloop
  endfacet
  facet normal -1 -0 0
    outer loop
      vertex 34.6 17.2 84
      vertex 34.6 0 -84
      vertex 34.6 0 84
    endloop
  endfacet
  facet normal -0.997857 0 -0.0654274
    outer loop
      vertex 34.6 0 84
      vertex 34.5264 17.2 85.1225
      vertex 34.6 17.2 84
    endloop
  endfacet
  facet normal -0.997857 -0 -0.0654274
    outer loop
      vertex 34.5264 17.2 85.1225
      vertex 34.6 0 84
      vertex 34.5264 0 85.1225
    endloop
  endfacet
  facet normal -0.0634823 -0.242021 0.968192
    outer loop
      vertex 27.1225 17.2 -92.5264
      vertex 27.0442 19.6 -91.9316
      vertex 26 17.2 -92.6
    endloop
  endfacet
  facet normal -0.063421 -0.242047 0.968189
    outer loop
      vertex 27.0442 19.6 -91.9316
      vertex 26 19.6 -92
      vertex 26 17.2 -92.6
    endloop
  endfacet
  facet normal 0.31191 -0.242051 0.918762
    outer loop
      vertex -28.2258 17.2 -92.307
      vertex -28.0706 19.6 -91.7274
      vertex -29.0615 19.6 -91.391
    endloop
  endfacet
  facet normal 0.539042 -0.242042 0.806752
    outer loop
      vertex -30.3 17.2 -91.4478
      vertex -30 19.6 -90.9282
      vertex -31.2354 17.2 -90.8228
    endloop
  endfacet
  facet normal -0.970143 -0.242536 0
    outer loop
      vertex 34.6 17.2 -84
      vertex 34 19.6 84
      vertex 34 19.6 -84
    endloop
  endfacet
  facet normal -0.970143 -0.242536 0
    outer loop
      vertex 34 19.6 84
      vertex 34.6 17.2 -84
      vertex 34.6 17.2 84
    endloop
  endfacet
  facet normal -0.980795 0 -0.195039
    outer loop
      vertex 34.5264 0 85.1225
      vertex 34.307 17.2 86.2258
      vertex 34.5264 17.2 85.1225
    endloop
  endfacet
  facet normal -0.980795 -0 -0.195039
    outer loop
      vertex 34.307 17.2 86.2258
      vertex 34.5264 0 85.1225
      vertex 34.307 0 86.2258
    endloop
  endfacet
  facet normal 0.997857 -0 0.0654274
    outer loop
      vertex -34.6 0 -84
      vertex -34.5264 17.2 -85.1225
      vertex -34.6 17.2 -84
    endloop
  endfacet
  facet normal 0.997857 0 0.0654274
    outer loop
      vertex -34.5264 17.2 -85.1225
      vertex -34.6 0 -84
      vertex -34.5264 0 -85.1225
    endloop
  endfacet
  facet normal 0.0634823 -0.242021 -0.968192
    outer loop
      vertex -27.0442 19.6 91.9316
      vertex -26 17.2 92.6
      vertex -27.1225 17.2 92.5264
    endloop
  endfacet
  facet normal 0.968189 -0.242047 -0.063421
    outer loop
      vertex -34 19.6 84
      vertex -33.9316 19.6 85.0442
      vertex -34.6 17.2 84
    endloop
  endfacet
  facet normal -0.997857 0 0.0654274
    outer loop
      vertex 34.5264 0 -85.1225
      vertex 34.6 17.2 -84
      vertex 34.5264 17.2 -85.1225
    endloop
  endfacet
  facet normal -0.997857 0 0.0654274
    outer loop
      vertex 34.6 17.2 -84
      vertex 34.5264 0 -85.1225
      vertex 34.6 0 -84
    endloop
  endfacet
  facet normal -0.321423 0 0.946936
    outer loop
      vertex 28.2258 17.2 -92.307
      vertex 29.2911 0 -91.9454
      vertex 29.2911 17.2 -91.9454
    endloop
  endfacet
  facet normal -0.321423 0 0.946936
    outer loop
      vertex 29.2911 0 -91.9454
      vertex 28.2258 17.2 -92.307
      vertex 28.2258 0 -92.307
    endloop
  endfacet
  facet normal 0.311863 -0.242071 0.918772
    outer loop
      vertex -28.2258 17.2 -92.307
      vertex -29.0615 19.6 -91.391
      vertex -29.2911 17.2 -91.9454
    endloop
  endfacet
  facet normal -0.968189 -0.242047 -0.063421
    outer loop
      vertex 34 19.6 84
      vertex 34.6 17.2 84
      vertex 33.9316 19.6 85.0442
    endloop
  endfacet
  facet normal 0.063421 -0.242047 -0.968189
    outer loop
      vertex -26 19.6 92
      vertex -26 17.2 92.6
      vertex -27.0442 19.6 91.9316
    endloop
  endfacet
  facet normal 0.951637 -0.242021 -0.189241
    outer loop
      vertex -33.9316 19.6 85.0442
      vertex -34.307 17.2 86.2258
      vertex -34.5264 17.2 85.1225
    endloop
  endfacet
  facet normal -0.639765 -0.242013 0.729472
    outer loop
      vertex 32.0811 17.2 -90.0811
      vertex 31.6569 19.6 -89.6569
      vertex 31.2354 17.2 -90.8228
    endloop
  endfacet
  facet normal 0.980795 -0 0.195039
    outer loop
      vertex -34.5264 0 -85.1225
      vertex -34.307 17.2 -86.2258
      vertex -34.5264 17.2 -85.1225
    endloop
  endfacet
  facet normal 0.980795 0 0.195039
    outer loop
      vertex -34.307 17.2 -86.2258
      vertex -34.5264 0 -85.1225
      vertex -34.307 0 -86.2258
    endloop
  endfacet
  facet normal -0.951637 -0.242021 0.189241
    outer loop
      vertex 34.307 17.2 -86.2258
      vertex 34.5264 17.2 -85.1225
      vertex 33.9316 19.6 -85.0442
    endloop
  endfacet
  facet normal -0.0634823 -0.242021 -0.968192
    outer loop
      vertex 27.0442 19.6 91.9316
      vertex 27.1225 17.2 92.5264
      vertex 26 17.2 92.6
    endloop
  endfacet
  facet normal 0.870205 -0.24207 0.429122
    outer loop
      vertex -32.9282 19.6 -88
      vertex -33.391 19.6 -87.0615
      vertex -33.9454 17.2 -87.2911
    endloop
  endfacet
  facet normal 0 0 1
    outer loop
      vertex -8.4 17.2 -92.6
      vertex -26 17.2 -92.6
      vertex -8.4 1 -92.6
    endloop
  endfacet
  facet normal 0 0 1
    outer loop
      vertex 8.4 1 -92.6
      vertex 26 17.2 -92.6
      vertex 8.4 17.2 -92.6
    endloop
  endfacet
  facet normal 0 0 1
    outer loop
      vertex 26 17.2 -92.6
      vertex 8.4 1 -92.6
      vertex 26 0 -92.6
    endloop
  endfacet
  facet normal -0 0 1
    outer loop
      vertex -8.4 1 -92.6
      vertex 26 0 -92.6
      vertex 8.4 1 -92.6
    endloop
  endfacet
  facet normal 0 0 1
    outer loop
      vertex -8.4 1 -92.6
      vertex -26 0 -92.6
      vertex 26 0 -92.6
    endloop
  endfacet
  facet normal 0 0 1
    outer loop
      vertex -26 0 -92.6
      vertex -8.4 1 -92.6
      vertex -26 17.2 -92.6
    endloop
  endfacet
  facet normal 0.806737 -0.242052 -0.539061
    outer loop
      vertex -32.3468 19.6 88.8701
      vertex -32.8228 17.2 89.2354
      vertex -32.9282 19.6 88
    endloop
  endfacet
  facet normal -0.968189 -0.242047 0.063421
    outer loop
      vertex 34.6 17.2 -84
      vertex 34 19.6 -84
      vertex 33.9316 19.6 -85.0442
    endloop
  endfacet
  facet normal 0.72953 -0.242055 -0.639683
    outer loop
      vertex -32.3468 19.6 88.8701
      vertex -31.6569 19.6 89.6569
      vertex -32.8228 17.2 89.2354
    endloop
  endfacet
  facet normal -0.870182 -0.242042 -0.429183
    outer loop
      vertex 33.9454 17.2 87.2911
      vertex 33.4478 17.2 88.3
      vertex 32.9282 19.6 88
    endloop
  endfacet
  facet normal -0.539061 -0.242052 0.806737
    outer loop
      vertex 31.2354 17.2 -90.8228
      vertex 30.8701 19.6 -90.3468
      vertex 30 19.6 -90.9282
    endloop
  endfacet
  facet normal -0.189241 -0.242021 0.951637
    outer loop
      vertex 27.1225 17.2 -92.5264
      vertex 28.2258 17.2 -92.307
      vertex 27.0442 19.6 -91.9316
    endloop
  endfacet
  facet normal 0.970143 -0.242536 0
    outer loop
      vertex -34.6 17.2 84
      vertex -34 19.6 -84
      vertex -34 19.6 84
    endloop
  endfacet
  facet normal 0.970143 -0.242536 0
    outer loop
      vertex -34 19.6 -84
      vertex -34.6 17.2 84
      vertex -34.6 17.2 -84
    endloop
  endfacet
  facet normal 0 -0.242536 -0.970143
    outer loop
      vertex -26 17.2 92.6
      vertex 26 19.6 92
      vertex 26 17.2 92.6
    endloop
  endfacet
  facet normal -0 -0.242536 -0.970143
    outer loop
      vertex 26 19.6 92
      vertex -26 17.2 92.6
      vertex -26 19.6 92
    endloop
  endfacet
  facet normal 0.429122 -0.24207 0.870205
    outer loop
      vertex -29.2911 17.2 -91.9454
      vertex -29.0615 19.6 -91.391
      vertex -30 19.6 -90.9282
    endloop
  endfacet
  facet normal 0.870182 -0.242042 0.429183
    outer loop
      vertex -33.4478 17.2 -88.3
      vertex -32.9282 19.6 -88
      vertex -33.9454 17.2 -87.2911
    endloop
  endfacet
  facet normal -0.951637 -0.242021 -0.189241
    outer loop
      vertex 34.5264 17.2 85.1225
      vertex 34.307 17.2 86.2258
      vertex 33.9316 19.6 85.0442
    endloop
  endfacet
  facet normal 0.946936 0 -0.321423
    outer loop
      vertex -33.9454 0 87.2911
      vertex -34.307 17.2 86.2258
      vertex -33.9454 17.2 87.2911
    endloop
  endfacet
  facet normal 0.946936 0 -0.321423
    outer loop
      vertex -34.307 17.2 86.2258
      vertex -33.9454 0 87.2911
      vertex -34.307 0 86.2258
    endloop
  endfacet
  facet normal -0.189321 -0.242057 0.951612
    outer loop
      vertex 28.2258 17.2 -92.307
      vertex 28.0706 19.6 -91.7274
      vertex 27.0442 19.6 -91.9316
    endloop
  endfacet
  facet normal 0.751822 -0 0.659366
    outer loop
      vertex -32.8228 0 -89.2354
      vertex -32.0811 17.2 -90.0811
      vertex -32.8228 17.2 -89.2354
    endloop
  endfacet
  facet normal 0.751822 0 0.659366
    outer loop
      vertex -32.0811 17.2 -90.0811
      vertex -32.8228 0 -89.2354
      vertex -32.0811 0 -90.0811
    endloop
  endfacet
  facet normal 0.442336 0 0.89685
    outer loop
      vertex -30.3 17.2 -91.4478
      vertex -29.2911 0 -91.9454
      vertex -29.2911 17.2 -91.9454
    endloop
  endfacet
  facet normal 0.442336 0 0.89685
    outer loop
      vertex -29.2911 0 -91.9454
      vertex -30.3 17.2 -91.4478
      vertex -30.3 0 -91.4478
    endloop
  endfacet
  facet normal 0 -0.242536 0.970143
    outer loop
      vertex 8.4 19.6 -92
      vertex 26 17.2 -92.6
      vertex 26 19.6 -92
    endloop
  endfacet
  facet normal 0 -0.242536 0.970143
    outer loop
      vertex 26 17.2 -92.6
      vertex 8.4 19.6 -92
      vertex 8.4 17.2 -92.6
    endloop
  endfacet
  facet normal 0 -0.242536 0.970143
    outer loop
      vertex -26 19.6 -92
      vertex -8.4 17.2 -92.6
      vertex -8.4 19.6 -92
    endloop
  endfacet
  facet normal 0 -0.242536 0.970143
    outer loop
      vertex -8.4 17.2 -92.6
      vertex -26 19.6 -92
      vertex -26 17.2 -92.6
    endloop
  endfacet
  facet normal -0.918762 -0.242051 0.31191
    outer loop
      vertex 34.307 17.2 -86.2258
      vertex 33.7274 19.6 -86.0706
      vertex 33.391 19.6 -87.0615
    endloop
  endfacet
  facet normal 0.539061 -0.242052 0.806737
    outer loop
      vertex -30 19.6 -90.9282
      vertex -30.8701 19.6 -90.3468
      vertex -31.2354 17.2 -90.8228
    endloop
  endfacet
  facet normal -0.189321 -0.242057 -0.951612
    outer loop
      vertex 28.0706 19.6 91.7274
      vertex 28.2258 17.2 92.307
      vertex 27.0442 19.6 91.9316
    endloop
  endfacet
  facet normal -0.806737 -0.242052 0.539061
    outer loop
      vertex 32.8228 17.2 -89.2354
      vertex 32.9282 19.6 -88
      vertex 32.3468 19.6 -88.8701
    endloop
  endfacet
  facet normal -0.870182 -0.242042 0.429183
    outer loop
      vertex 33.4478 17.2 -88.3
      vertex 33.9454 17.2 -87.2911
      vertex 32.9282 19.6 -88
    endloop
  endfacet
  facet normal -0.751822 0 0.659366
    outer loop
      vertex 32.0811 0 -90.0811
      vertex 32.8228 17.2 -89.2354
      vertex 32.0811 17.2 -90.0811
    endloop
  endfacet
  facet normal -0.751822 0 0.659366
    outer loop
      vertex 32.8228 17.2 -89.2354
      vertex 32.0811 0 -90.0811
      vertex 32.8228 0 -89.2354
    endloop
  endfacet
  facet normal -0.659366 0 0.751822
    outer loop
      vertex 31.2354 17.2 -90.8228
      vertex 32.0811 0 -90.0811
      vertex 32.0811 17.2 -90.0811
    endloop
  endfacet
  facet normal -0.659366 0 0.751822
    outer loop
      vertex 32.0811 0 -90.0811
      vertex 31.2354 17.2 -90.8228
      vertex 31.2354 0 -90.8228
    endloop
  endfacet
  facet normal 0.946936 -0 0.321423
    outer loop
      vertex -34.307 0 -86.2258
      vertex -33.9454 17.2 -87.2911
      vertex -34.307 17.2 -86.2258
    endloop
  endfacet
  facet normal 0.946936 0 0.321423
    outer loop
      vertex -33.9454 17.2 -87.2911
      vertex -34.307 0 -86.2258
      vertex -33.9454 0 -87.2911
    endloop
  endfacet
  facet normal -0.0654274 0 0.997857
    outer loop
      vertex 26 17.2 -92.6
      vertex 27.1225 0 -92.5264
      vertex 27.1225 17.2 -92.5264
    endloop
  endfacet
  facet normal -0.0654274 0 0.997857
    outer loop
      vertex 27.1225 0 -92.5264
      vertex 26 17.2 -92.6
      vertex 26 0 -92.6
    endloop
  endfacet
  facet normal 0.870205 -0.24207 -0.429122
    outer loop
      vertex -33.391 19.6 87.0615
      vertex -32.9282 19.6 88
      vertex -33.9454 17.2 87.2911
    endloop
  endfacet
  facet normal 0.639683 -0.242055 0.72953
    outer loop
      vertex -31.2354 17.2 -90.8228
      vertex -30.8701 19.6 -90.3468
      vertex -31.6569 19.6 -89.6569
    endloop
  endfacet
  facet normal -0.555561 0 0.831475
    outer loop
      vertex 30.3 17.2 -91.4478
      vertex 31.2354 0 -90.8228
      vertex 31.2354 17.2 -90.8228
    endloop
  endfacet
  facet normal -0.555561 0 0.831475
    outer loop
      vertex 31.2354 0 -90.8228
      vertex 30.3 17.2 -91.4478
      vertex 30.3 0 -91.4478
    endloop
  endfacet
  facet normal 0.806752 -0.242042 -0.539042
    outer loop
      vertex -32.9282 19.6 88
      vertex -32.8228 17.2 89.2354
      vertex -33.4478 17.2 88.3
    endloop
  endfacet
  facet normal 0.659366 0 -0.751822
    outer loop
      vertex -32.0811 0 90.0811
      vertex -31.2354 17.2 90.8228
      vertex -31.2354 0 90.8228
    endloop
  endfacet
  facet normal 0.659366 0 -0.751822
    outer loop
      vertex -31.2354 17.2 90.8228
      vertex -32.0811 0 90.0811
      vertex -32.0811 17.2 90.0811
    endloop
  endfacet
  facet normal -0.555561 0 -0.831475
    outer loop
      vertex 30.3 0 91.4478
      vertex 31.2354 17.2 90.8228
      vertex 31.2354 0 90.8228
    endloop
  endfacet
  facet normal -0.555561 0 -0.831475
    outer loop
      vertex 31.2354 17.2 90.8228
      vertex 30.3 0 91.4478
      vertex 30.3 17.2 91.4478
    endloop
  endfacet
  facet normal 0.063421 -0.242047 0.968189
    outer loop
      vertex -26 17.2 -92.6
      vertex -26 19.6 -92
      vertex -27.0442 19.6 -91.9316
    endloop
  endfacet
  facet normal 0.831475 0 -0.555561
    outer loop
      vertex -32.8228 0 89.2354
      vertex -33.4478 17.2 88.3
      vertex -32.8228 17.2 89.2354
    endloop
  endfacet
  facet normal 0.831475 0 -0.555561
    outer loop
      vertex -33.4478 17.2 88.3
      vertex -32.8228 0 89.2354
      vertex -33.4478 0 88.3
    endloop
  endfacet
  facet normal 0.195039 0 -0.980795
    outer loop
      vertex -28.2258 0 92.307
      vertex -27.1225 17.2 92.5264
      vertex -27.1225 0 92.5264
    endloop
  endfacet
  facet normal 0.195039 0 -0.980795
    outer loop
      vertex -27.1225 17.2 92.5264
      vertex -28.2258 0 92.307
      vertex -28.2258 17.2 92.307
    endloop
  endfacet
  facet normal 0.951612 -0.242057 0.189321
    outer loop
      vertex -33.7274 19.6 -86.0706
      vertex -33.9316 19.6 -85.0442
      vertex -34.307 17.2 -86.2258
    endloop
  endfacet
  facet normal -0.89685 0 -0.442336
    outer loop
      vertex 33.9454 0 87.2911
      vertex 33.4478 17.2 88.3
      vertex 33.9454 17.2 87.2911
    endloop
  endfacet
  facet normal -0.89685 -0 -0.442336
    outer loop
      vertex 33.4478 17.2 88.3
      vertex 33.9454 0 87.2911
      vertex 33.4478 0 88.3
    endloop
  endfacet
  facet normal -0.951612 -0.242057 0.189321
    outer loop
      vertex 34.307 17.2 -86.2258
      vertex 33.9316 19.6 -85.0442
      vertex 33.7274 19.6 -86.0706
    endloop
  endfacet
  facet normal 0.968189 -0.242047 0.063421
    outer loop
      vertex -33.9316 19.6 -85.0442
      vertex -34 19.6 -84
      vertex -34.6 17.2 -84
    endloop
  endfacet
  facet normal 0.89685 -0 0.442336
    outer loop
      vertex -33.9454 0 -87.2911
      vertex -33.4478 17.2 -88.3
      vertex -33.9454 17.2 -87.2911
    endloop
  endfacet
  facet normal 0.89685 0 0.442336
    outer loop
      vertex -33.4478 17.2 -88.3
      vertex -33.9454 0 -87.2911
      vertex -33.4478 0 -88.3
    endloop
  endfacet
  facet normal 0.918772 -0.242071 0.311863
    outer loop
      vertex -33.9454 17.2 -87.2911
      vertex -33.391 19.6 -87.0615
      vertex -34.307 17.2 -86.2258
    endloop
  endfacet
  facet normal -0.639683 -0.242055 0.72953
    outer loop
      vertex 31.2354 17.2 -90.8228
      vertex 31.6569 19.6 -89.6569
      vertex 30.8701 19.6 -90.3468
    endloop
  endfacet
  facet normal -0.729472 -0.242013 0.639765
    outer loop
      vertex 32.0811 17.2 -90.0811
      vertex 32.8228 17.2 -89.2354
      vertex 31.6569 19.6 -89.6569
    endloop
  endfacet
  facet normal 0.997857 0 -0.0654274
    outer loop
      vertex -34.5264 0 85.1225
      vertex -34.6 17.2 84
      vertex -34.5264 17.2 85.1225
    endloop
  endfacet
  facet normal 0.997857 0 -0.0654274
    outer loop
      vertex -34.6 17.2 84
      vertex -34.5264 0 85.1225
      vertex -34.6 0 84
    endloop
  endfacet
  facet normal 1 -0 0
    outer loop
      vertex -34.6 0 84
      vertex -34.6 17.2 -84
      vertex -34.6 17.2 84
    endloop
  endfacet
  facet normal 1 0 0
    outer loop
      vertex -34.6 17.2 -84
      vertex -34.6 0 84
      vertex -34.6 0 -84
    endloop
  endfacet
  facet normal 0.311863 -0.242071 -0.918772
    outer loop
      vertex -29.0615 19.6 91.391
      vertex -28.2258 17.2 92.307
      vertex -29.2911 17.2 91.9454
    endloop
  endfacet
  facet normal 0.831475 -0 0.555561
    outer loop
      vertex -33.4478 0 -88.3
      vertex -32.8228 17.2 -89.2354
      vertex -33.4478 17.2 -88.3
    endloop
  endfacet
  facet normal 0.831475 0 0.555561
    outer loop
      vertex -32.8228 17.2 -89.2354
      vertex -33.4478 0 -88.3
      vertex -32.8228 0 -89.2354
    endloop
  endfacet
  facet normal 0.0654274 0 0.997857
    outer loop
      vertex -27.1225 17.2 -92.5264
      vertex -26 0 -92.6
      vertex -26 17.2 -92.6
    endloop
  endfacet
  facet normal 0.0654274 0 0.997857
    outer loop
      vertex -26 0 -92.6
      vertex -27.1225 17.2 -92.5264
      vertex -27.1225 0 -92.5264
    endloop
  endfacet
  facet normal 0.321423 0 0.946936
    outer loop
      vertex -29.2911 17.2 -91.9454
      vertex -28.2258 0 -92.307
      vertex -28.2258 17.2 -92.307
    endloop
  endfacet
  facet normal 0.321423 0 0.946936
    outer loop
      vertex -28.2258 0 -92.307
      vertex -29.2911 17.2 -91.9454
      vertex -29.2911 0 -91.9454
    endloop
  endfacet
  facet normal 0.195039 0 0.980795
    outer loop
      vertex -28.2258 17.2 -92.307
      vertex -27.1225 0 -92.5264
      vertex -27.1225 17.2 -92.5264
    endloop
  endfacet
  facet normal 0.195039 0 0.980795
    outer loop
      vertex -27.1225 0 -92.5264
      vertex -28.2258 17.2 -92.307
      vertex -28.2258 0 -92.307
    endloop
  endfacet
  facet normal 0.189321 -0.242057 0.951612
    outer loop
      vertex -27.0442 19.6 -91.9316
      vertex -28.0706 19.6 -91.7274
      vertex -28.2258 17.2 -92.307
    endloop
  endfacet
  facet normal -0.806752 -0.242042 0.539042
    outer loop
      vertex 33.4478 17.2 -88.3
      vertex 32.9282 19.6 -88
      vertex 32.8228 17.2 -89.2354
    endloop
  endfacet
  facet normal -0.72953 -0.242055 0.639683
    outer loop
      vertex 32.8228 17.2 -89.2354
      vertex 32.3468 19.6 -88.8701
      vertex 31.6569 19.6 -89.6569
    endloop
  endfacet
  facet normal 0.0634823 -0.242021 0.968192
    outer loop
      vertex -26 17.2 -92.6
      vertex -27.0442 19.6 -91.9316
      vertex -27.1225 17.2 -92.5264
    endloop
  endfacet
  facet normal -0.946936 0 0.321423
    outer loop
      vertex 33.9454 0 -87.2911
      vertex 34.307 17.2 -86.2258
      vertex 33.9454 17.2 -87.2911
    endloop
  endfacet
  facet normal -0.946936 0 0.321423
    outer loop
      vertex 34.307 17.2 -86.2258
      vertex 33.9454 0 -87.2911
      vertex 34.307 0 -86.2258
    endloop
  endfacet
  facet normal 0.89685 0 -0.442336
    outer loop
      vertex -33.4478 0 88.3
      vertex -33.9454 17.2 87.2911
      vertex -33.4478 17.2 88.3
    endloop
  endfacet
  facet normal 0.89685 0 -0.442336
    outer loop
      vertex -33.9454 17.2 87.2911
      vertex -33.4478 0 88.3
      vertex -33.9454 0 87.2911
    endloop
  endfacet
  facet normal -0.89685 0 0.442336
    outer loop
      vertex 33.4478 0 -88.3
      vertex 33.9454 17.2 -87.2911
      vertex 33.4478 17.2 -88.3
    endloop
  endfacet
  facet normal -0.89685 0 0.442336
    outer loop
      vertex 33.9454 17.2 -87.2911
      vertex 33.4478 0 -88.3
      vertex 33.9454 0 -87.2911
    endloop
  endfacet
  facet normal 0.951637 -0.242021 0.189241
    outer loop
      vertex -34.307 17.2 -86.2258
      vertex -33.9316 19.6 -85.0442
      vertex -34.5264 17.2 -85.1225
    endloop
  endfacet
  facet normal -0.429183 -0.242042 0.870182
    outer loop
      vertex 30.3 17.2 -91.4478
      vertex 30 19.6 -90.9282
      vertex 29.2911 17.2 -91.9454
    endloop
  endfacet
  facet normal 0.806752 -0.242042 0.539042
    outer loop
      vertex -32.8228 17.2 -89.2354
      vertex -32.9282 19.6 -88
      vertex -33.4478 17.2 -88.3
    endloop
  endfacet
  facet normal -0.442336 0 0.89685
    outer loop
      vertex 29.2911 17.2 -91.9454
      vertex 30.3 0 -91.4478
      vertex 30.3 17.2 -91.4478
    endloop
  endfacet
  facet normal -0.442336 0 0.89685
    outer loop
      vertex 30.3 0 -91.4478
      vertex 29.2911 17.2 -91.9454
      vertex 29.2911 0 -91.9454
    endloop
  endfacet
  facet normal 0.539061 -0.242052 -0.806737
    outer loop
      vertex -30.8701 19.6 90.3468
      vertex -30 19.6 90.9282
      vertex -31.2354 17.2 90.8228
    endloop
  endfacet
  facet normal 0.729472 -0.242013 0.639765
    outer loop
      vertex -32.0811 17.2 -90.0811
      vertex -31.6569 19.6 -89.6569
      vertex -32.8228 17.2 -89.2354
    endloop
  endfacet
  facet normal 0.639765 -0.242013 0.729472
    outer loop
      vertex -31.2354 17.2 -90.8228
      vertex -31.6569 19.6 -89.6569
      vertex -32.0811 17.2 -90.0811
    endloop
  endfacet
  facet normal 0.555561 0 -0.831475
    outer loop
      vertex -31.2354 0 90.8228
      vertex -30.3 17.2 91.4478
      vertex -30.3 0 91.4478
    endloop
  endfacet
  facet normal 0.555561 0 -0.831475
    outer loop
      vertex -30.3 17.2 91.4478
      vertex -31.2354 0 90.8228
      vertex -31.2354 17.2 90.8228
    endloop
  endfacet
  facet normal 0.870182 -0.242042 -0.429183
    outer loop
      vertex -32.9282 19.6 88
      vertex -33.4478 17.2 88.3
      vertex -33.9454 17.2 87.2911
    endloop
  endfacet
  facet normal 0.189241 -0.242021 0.951637
    outer loop
      vertex -27.1225 17.2 -92.5264
      vertex -27.0442 19.6 -91.9316
      vertex -28.2258 17.2 -92.307
    endloop
  endfacet
  facet normal -0.0654274 0 -0.997857
    outer loop
      vertex 26 0 92.6
      vertex 27.1225 17.2 92.5264
      vertex 27.1225 0 92.5264
    endloop
  endfacet
  facet normal -0.0654274 0 -0.997857
    outer loop
      vertex 27.1225 17.2 92.5264
      vertex 26 0 92.6
      vertex 26 17.2 92.6
    endloop
  endfacet
  facet normal 0.189321 -0.242057 -0.951612
    outer loop
      vertex -28.0706 19.6 91.7274
      vertex -27.0442 19.6 91.9316
      vertex -28.2258 17.2 92.307
    endloop
  endfacet
  facet normal 0.189241 -0.242021 -0.951637
    outer loop
      vertex -27.0442 19.6 91.9316
      vertex -27.1225 17.2 92.5264
      vertex -28.2258 17.2 92.307
    endloop
  endfacet
  facet normal 0 0 -1
    outer loop
      vertex -26 0 92.6
      vertex 26 17.2 92.6
      vertex 26 0 92.6
    endloop
  endfacet
  facet normal -0 0 -1
    outer loop
      vertex 26 17.2 92.6
      vertex -26 0 92.6
      vertex -26 17.2 92.6
    endloop
  endfacet
  facet normal 0.429122 -0.24207 -0.870205
    outer loop
      vertex -29.0615 19.6 91.391
      vertex -29.2911 17.2 91.9454
      vertex -30 19.6 90.9282
    endloop
  endfacet
  facet normal 0.918762 -0.242051 -0.31191
    outer loop
      vertex -33.7274 19.6 86.0706
      vertex -33.391 19.6 87.0615
      vertex -34.307 17.2 86.2258
    endloop
  endfacet
  facet normal 0.968192 -0.242021 -0.0634823
    outer loop
      vertex -33.9316 19.6 85.0442
      vertex -34.5264 17.2 85.1225
      vertex -34.6 17.2 84
    endloop
  endfacet
  facet normal -0.311863 -0.242071 0.918772
    outer loop
      vertex 29.2911 17.2 -91.9454
      vertex 29.0615 19.6 -91.391
      vertex 28.2258 17.2 -92.307
    endloop
  endfacet
  facet normal -0.429122 -0.24207 0.870205
    outer loop
      vertex 29.2911 17.2 -91.9454
      vertex 30 19.6 -90.9282
      vertex 29.0615 19.6 -91.391
    endloop
  endfacet
  facet normal 0.918762 -0.242051 0.31191
    outer loop
      vertex -33.391 19.6 -87.0615
      vertex -33.7274 19.6 -86.0706
      vertex -34.307 17.2 -86.2258
    endloop
  endfacet
  facet normal 0.555561 0 0.831475
    outer loop
      vertex -31.2354 17.2 -90.8228
      vertex -30.3 0 -91.4478
      vertex -30.3 17.2 -91.4478
    endloop
  endfacet
  facet normal 0.555561 0 0.831475
    outer loop
      vertex -30.3 0 -91.4478
      vertex -31.2354 17.2 -90.8228
      vertex -31.2354 0 -90.8228
    endloop
  endfacet
  facet normal 0.429183 -0.242042 0.870182
    outer loop
      vertex -29.2911 17.2 -91.9454
      vertex -30 19.6 -90.9282
      vertex -30.3 17.2 -91.4478
    endloop
  endfacet
  facet normal -0.195039 0 0.980795
    outer loop
      vertex 27.1225 17.2 -92.5264
      vertex 28.2258 0 -92.307
      vertex 28.2258 17.2 -92.307
    endloop
  endfacet
  facet normal -0.195039 0 0.980795
    outer loop
      vertex 28.2258 0 -92.307
      vertex 27.1225 17.2 -92.5264
      vertex 27.1225 0 -92.5264
    endloop
  endfacet
  facet normal 0.72953 -0.242055 0.639683
    outer loop
      vertex -31.6569 19.6 -89.6569
      vertex -32.3468 19.6 -88.8701
      vertex -32.8228 17.2 -89.2354
    endloop
  endfacet
  facet normal 0.806737 -0.242052 0.539061
    outer loop
      vertex -32.8228 17.2 -89.2354
      vertex -32.3468 19.6 -88.8701
      vertex -32.9282 19.6 -88
    endloop
  endfacet
  facet normal -0.918762 -0.242051 -0.31191
    outer loop
      vertex 33.7274 19.6 86.0706
      vertex 34.307 17.2 86.2258
      vertex 33.391 19.6 87.0615
    endloop
  endfacet
  facet normal -0.951612 -0.242057 -0.189321
    outer loop
      vertex 33.9316 19.6 85.0442
      vertex 34.307 17.2 86.2258
      vertex 33.7274 19.6 86.0706
    endloop
  endfacet
  facet normal 0.659366 0 0.751822
    outer loop
      vertex -32.0811 17.2 -90.0811
      vertex -31.2354 0 -90.8228
      vertex -31.2354 17.2 -90.8228
    endloop
  endfacet
  facet normal 0.659366 0 0.751822
    outer loop
      vertex -31.2354 0 -90.8228
      vertex -32.0811 17.2 -90.0811
      vertex -32.0811 0 -90.0811
    endloop
  endfacet
  facet normal -0.539042 -0.242042 -0.806752
    outer loop
      vertex 31.2354 17.2 90.8228
      vertex 30.3 17.2 91.4478
      vertex 30 19.6 90.9282
    endloop
  endfacet
  facet normal -0.195039 0 -0.980795
    outer loop
      vertex 27.1225 0 92.5264
      vertex 28.2258 17.2 92.307
      vertex 28.2258 0 92.307
    endloop
  endfacet
  facet normal -0.195039 0 -0.980795
    outer loop
      vertex 28.2258 17.2 92.307
      vertex 27.1225 0 92.5264
      vertex 27.1225 17.2 92.5264
    endloop
  endfacet
  facet normal -0.429183 -0.242042 -0.870182
    outer loop
      vertex 30 19.6 90.9282
      vertex 30.3 17.2 91.4478
      vertex 29.2911 17.2 91.9454
    endloop
  endfacet
  facet normal -0.72953 -0.242055 -0.639683
    outer loop
      vertex 32.3468 19.6 88.8701
      vertex 32.8228 17.2 89.2354
      vertex 31.6569 19.6 89.6569
    endloop
  endfacet
  facet normal -0.918772 -0.242071 -0.311863
    outer loop
      vertex 34.307 17.2 86.2258
      vertex 33.9454 17.2 87.2911
      vertex 33.391 19.6 87.0615
    endloop
  endfacet
  facet normal -0.870205 -0.24207 -0.429122
    outer loop
      vertex 33.391 19.6 87.0615
      vertex 33.9454 17.2 87.2911
      vertex 32.9282 19.6 88
    endloop
  endfacet
  facet normal -0.831475 0 -0.555561
    outer loop
      vertex 33.4478 0 88.3
      vertex 32.8228 17.2 89.2354
      vertex 33.4478 17.2 88.3
    endloop
  endfacet
  facet normal -0.831475 -0 -0.555561
    outer loop
      vertex 32.8228 17.2 89.2354
      vertex 33.4478 0 88.3
      vertex 32.8228 0 89.2354
    endloop
  endfacet
  facet normal -0.539042 -0.242042 0.806752
    outer loop
      vertex 30.3 17.2 -91.4478
      vertex 31.2354 17.2 -90.8228
      vertex 30 19.6 -90.9282
    endloop
  endfacet
  facet normal -0.639683 -0.242055 -0.72953
    outer loop
      vertex 31.6569 19.6 89.6569
      vertex 31.2354 17.2 90.8228
      vertex 30.8701 19.6 90.3468
    endloop
  endfacet
  facet normal 0.0654274 0 -0.997857
    outer loop
      vertex -27.1225 0 92.5264
      vertex -26 17.2 92.6
      vertex -26 0 92.6
    endloop
  endfacet
  facet normal 0.0654274 0 -0.997857
    outer loop
      vertex -26 17.2 92.6
      vertex -27.1225 0 92.5264
      vertex -27.1225 17.2 92.5264
    endloop
  endfacet
  facet normal 0.442336 0 -0.89685
    outer loop
      vertex -30.3 0 91.4478
      vertex -29.2911 17.2 91.9454
      vertex -29.2911 0 91.9454
    endloop
  endfacet
  facet normal 0.442336 0 -0.89685
    outer loop
      vertex -29.2911 17.2 91.9454
      vertex -30.3 0 91.4478
      vertex -30.3 17.2 91.4478
    endloop
  endfacet
  facet normal 0.951612 -0.242057 -0.189321
    outer loop
      vertex -33.9316 19.6 85.0442
      vertex -33.7274 19.6 86.0706
      vertex -34.307 17.2 86.2258
    endloop
  endfacet
  facet normal 0.429183 -0.242042 -0.870182
    outer loop
      vertex -30 19.6 90.9282
      vertex -29.2911 17.2 91.9454
      vertex -30.3 17.2 91.4478
    endloop
  endfacet
  facet normal 0.980795 0 -0.195039
    outer loop
      vertex -34.307 0 86.2258
      vertex -34.5264 17.2 85.1225
      vertex -34.307 17.2 86.2258
    endloop
  endfacet
  facet normal 0.980795 0 -0.195039
    outer loop
      vertex -34.5264 17.2 85.1225
      vertex -34.307 0 86.2258
      vertex -34.5264 0 85.1225
    endloop
  endfacet
  facet normal -0.31191 -0.242051 0.918762
    outer loop
      vertex 28.2258 17.2 -92.307
      vertex 29.0615 19.6 -91.391
      vertex 28.0706 19.6 -91.7274
    endloop
  endfacet
  facet normal -0.321423 0 -0.946936
    outer loop
      vertex 28.2258 0 92.307
      vertex 29.2911 17.2 91.9454
      vertex 29.2911 0 91.9454
    endloop
  endfacet
  facet normal -0.321423 0 -0.946936
    outer loop
      vertex 29.2911 17.2 91.9454
      vertex 28.2258 0 92.307
      vertex 28.2258 17.2 92.307
    endloop
  endfacet
  facet normal 0.639683 -0.242055 -0.72953
    outer loop
      vertex -30.8701 19.6 90.3468
      vertex -31.2354 17.2 90.8228
      vertex -31.6569 19.6 89.6569
    endloop
  endfacet
  facet normal -0.539061 -0.242052 -0.806737
    outer loop
      vertex 30.8701 19.6 90.3468
      vertex 31.2354 17.2 90.8228
      vertex 30 19.6 90.9282
    endloop
  endfacet
  facet normal -0.639765 -0.242013 -0.729472
    outer loop
      vertex 31.6569 19.6 89.6569
      vertex 32.0811 17.2 90.0811
      vertex 31.2354 17.2 90.8228
    endloop
  endfacet
  facet normal -0.729472 -0.242013 -0.639765
    outer loop
      vertex 32.8228 17.2 89.2354
      vertex 32.0811 17.2 90.0811
      vertex 31.6569 19.6 89.6569
    endloop
  endfacet
  facet normal -0.189241 -0.242021 -0.951637
    outer loop
      vertex 28.2258 17.2 92.307
      vertex 27.1225 17.2 92.5264
      vertex 27.0442 19.6 91.9316
    endloop
  endfacet
  facet normal -0.31191 -0.242051 -0.918762
    outer loop
      vertex 29.0615 19.6 91.391
      vertex 28.2258 17.2 92.307
      vertex 28.0706 19.6 91.7274
    endloop
  endfacet
  facet normal -0.063421 -0.242047 -0.968189
    outer loop
      vertex 26 19.6 92
      vertex 27.0442 19.6 91.9316
      vertex 26 17.2 92.6
    endloop
  endfacet
  facet normal 0.539042 -0.242042 -0.806752
    outer loop
      vertex -30 19.6 90.9282
      vertex -30.3 17.2 91.4478
      vertex -31.2354 17.2 90.8228
    endloop
  endfacet
  facet normal 0.751822 0 -0.659366
    outer loop
      vertex -32.0811 0 90.0811
      vertex -32.8228 17.2 89.2354
      vertex -32.0811 17.2 90.0811
    endloop
  endfacet
  facet normal 0.751822 0 -0.659366
    outer loop
      vertex -32.8228 17.2 89.2354
      vertex -32.0811 0 90.0811
      vertex -32.8228 0 89.2354
    endloop
  endfacet
  facet normal 0.729472 -0.242013 -0.639765
    outer loop
      vertex -31.6569 19.6 89.6569
      vertex -32.0811 17.2 90.0811
      vertex -32.8228 17.2 89.2354
    endloop
  endfacet
  facet normal 0.321423 0 -0.946936
    outer loop
      vertex -29.2911 0 91.9454
      vertex -28.2258 17.2 92.307
      vertex -28.2258 0 92.307
    endloop
  endfacet
  facet normal 0.321423 0 -0.946936
    outer loop
      vertex -28.2258 17.2 92.307
      vertex -29.2911 0 91.9454
      vertex -29.2911 17.2 91.9454
    endloop
  endfacet
  facet normal 0.639765 -0.242013 -0.729472
    outer loop
      vertex -31.6569 19.6 89.6569
      vertex -31.2354 17.2 90.8228
      vertex -32.0811 17.2 90.0811
    endloop
  endfacet
  facet normal -0.659366 0 -0.751822
    outer loop
      vertex 31.2354 0 90.8228
      vertex 32.0811 17.2 90.0811
      vertex 32.0811 0 90.0811
    endloop
  endfacet
  facet normal -0.659366 0 -0.751822
    outer loop
      vertex 32.0811 17.2 90.0811
      vertex 31.2354 0 90.8228
      vertex 31.2354 17.2 90.8228
    endloop
  endfacet
  facet normal -0.751822 0 -0.659366
    outer loop
      vertex 32.8228 0 89.2354
      vertex 32.0811 17.2 90.0811
      vertex 32.8228 17.2 89.2354
    endloop
  endfacet
  facet normal -0.751822 -0 -0.659366
    outer loop
      vertex 32.0811 17.2 90.0811
      vertex 32.8228 0 89.2354
      vertex 32.0811 0 90.0811
    endloop
  endfacet
  facet normal -0.429122 -0.24207 -0.870205
    outer loop
      vertex 30 19.6 90.9282
      vertex 29.2911 17.2 91.9454
      vertex 29.0615 19.6 91.391
    endloop
  endfacet
  facet normal -0.311863 -0.242071 -0.918772
    outer loop
      vertex 29.0615 19.6 91.391
      vertex 29.2911 17.2 91.9454
      vertex 28.2258 17.2 92.307
    endloop
  endfacet
  facet normal 0 -1 -0
    outer loop
      vertex -20 19.6 -76.75
      vertex -26 19.6 -92
      vertex -11 19.6 -86.5
    endloop
  endfacet
  facet normal 0 -1 0
    outer loop
      vertex -26 19.6 -92
      vertex -29.0615 19.6 -91.391
      vertex -28.0706 19.6 -91.7274
    endloop
  endfacet
  facet normal 0 -1 0
    outer loop
      vertex -26 19.6 -92
      vertex -28.0706 19.6 -91.7274
      vertex -27.0442 19.6 -91.9316
    endloop
  endfacet
  facet normal 0 -1 0
    outer loop
      vertex -8.4 19.6 -92
      vertex -11 19.6 -86.5
      vertex -26 19.6 -92
    endloop
  endfacet
  facet normal 0 -1 0
    outer loop
      vertex -11 19.6 -86.5
      vertex -8.4 19.6 -92
      vertex -8.4 19.6 -91
    endloop
  endfacet
  facet normal 0 -1 0
    outer loop
      vertex -4 19.6 -86.5
      vertex 4 19.6 -76.5
      vertex -4 19.6 -76.5
    endloop
  endfacet
  facet normal 0 -1 -0
    outer loop
      vertex 4 19.6 -76.5
      vertex -4 19.6 -86.5
      vertex 4 19.6 -86.5
    endloop
  endfacet
  facet normal 0 -1 0
    outer loop
      vertex -17.125 19.6 -66.0204
      vertex -13.1 19.6 -61.9
      vertex -17.7996 19.6 -65.6877
    endloop
  endfacet
  facet normal 0 -1 0
    outer loop
      vertex 8.9 19.6 -61.9
      vertex 19.2495 19.6 -65.2992
      vertex 20 19.6 -65.25
    endloop
  endfacet
  facet normal 0 -1 0
    outer loop
      vertex -16.4996 19.6 -66.4382
      vertex -13.1 19.6 -61.9
      vertex -17.125 19.6 -66.0204
    endloop
  endfacet
  facet normal 0 -1 0
    outer loop
      vertex 8.9 19.6 -61.9
      vertex 18.5118 19.6 -65.4459
      vertex 19.2495 19.6 -65.2992
    endloop
  endfacet
  facet normal 0 -1 0
    outer loop
      vertex -15.9341 19.6 -66.9341
      vertex -13.1 19.6 -61.9
      vertex -16.4996 19.6 -66.4382
    endloop
  endfacet
  facet normal 0 -1 0
    outer loop
      vertex 8.9 19.6 -61.9
      vertex 17.7996 19.6 -65.6877
      vertex 18.5118 19.6 -65.4459
    endloop
  endfacet
  facet normal 0 -1 0
    outer loop
      vertex -15.4382 19.6 -67.4996
      vertex -13.1 19.6 -61.9
      vertex -15.9341 19.6 -66.9341
    endloop
  endfacet
  facet normal 0 -1 0
    outer loop
      vertex 8.9 19.6 -61.9
      vertex 17.125 19.6 -66.0204
      vertex 17.7996 19.6 -65.6877
    endloop
  endfacet
  facet normal 0 -1 0
    outer loop
      vertex -15.0204 19.6 -68.125
      vertex -13.1 19.6 -61.9
      vertex -15.4382 19.6 -67.4996
    endloop
  endfacet
  facet normal 0 -1 0
    outer loop
      vertex 8.9 19.6 -61.9
      vertex 16.4996 19.6 -66.4382
      vertex 17.125 19.6 -66.0204
    endloop
  endfacet
  facet normal 0 -1 -0
    outer loop
      vertex -13.1 19.6 -61.9
      vertex -15.0204 19.6 -68.125
      vertex -8.9 19.6 -61.9
    endloop
  endfacet
  facet normal 0 -1 0
    outer loop
      vertex 8.9 19.6 -61.9
      vertex 15.9341 19.6 -66.9341
      vertex 16.4996 19.6 -66.4382
    endloop
  endfacet
  facet normal 0 -1 0
    outer loop
      vertex -14.6877 19.6 -68.7996
      vertex -8.9 19.6 -61.9
      vertex -15.0204 19.6 -68.125
    endloop
  endfacet
  facet normal 0 -1 0
    outer loop
      vertex 8.9 19.6 -61.9
      vertex 15.4382 19.6 -67.4996
      vertex 15.9341 19.6 -66.9341
    endloop
  endfacet
  facet normal 0 -1 0
    outer loop
      vertex -14.4459 19.6 -69.5118
      vertex -8.9 19.6 -61.9
      vertex -14.6877 19.6 -68.7996
    endloop
  endfacet
  facet normal 0 -1 0
    outer loop
      vertex 8.9 19.6 -61.9
      vertex 15.0204 19.6 -68.125
      vertex 15.4382 19.6 -67.4996
    endloop
  endfacet
  facet normal 0 -1 0
    outer loop
      vertex -8.9 19.6 -61.9
      vertex -4 19.6 -76.5
      vertex 8.9 19.6 -61.9
    endloop
  endfacet
  facet normal 0 -1 0
    outer loop
      vertex 4 19.6 -76.5
      vertex 8.9 19.6 -61.9
      vertex -4 19.6 -76.5
    endloop
  endfacet
  facet normal 0 -1 0
    outer loop
      vertex -14.2992 19.6 -70.2495
      vertex -8.9 19.6 -61.9
      vertex -14.4459 19.6 -69.5118
    endloop
  endfacet
  facet normal -0 -1 0
    outer loop
      vertex 14.2992 19.6 -70.2495
      vertex 8.9 19.6 -61.9
      vertex 4 19.6 -76.5
    endloop
  endfacet
  facet normal 0 -1 -0
    outer loop
      vertex -8.9 19.6 -61.9
      vertex -14.2992 19.6 -70.2495
      vertex -4 19.6 -76.5
    endloop
  endfacet
  facet normal 0 -1 0
    outer loop
      vertex 8.9 19.6 -61.9
      vertex 14.6877 19.6 -68.7996
      vertex 15.0204 19.6 -68.125
    endloop
  endfacet
  facet normal 0 -1 0
    outer loop
      vertex -4 19.6 -76.5
      vertex -14.2992 19.6 -70.2495
      vertex -14.25 19.6 -71
    endloop
  endfacet
  facet normal 0 -1 0
    outer loop
      vertex 8.9 19.6 -61.9
      vertex 14.4459 19.6 -69.5118
      vertex 14.6877 19.6 -68.7996
    endloop
  endfacet
  facet normal 0 -1 0
    outer loop
      vertex -11 19.6 -76.5
      vertex -14.25 19.6 -71
      vertex -14.2992 19.6 -71.7505
    endloop
  endfacet
  facet normal 0 -1 0
    outer loop
      vertex 8.9 19.6 -61.9
      vertex 14.2992 19.6 -70.2495
      vertex 14.4459 19.6 -69.5118
    endloop
  endfacet
  facet normal 0 -1 0
    outer loop
      vertex -11 19.6 -76.5
      vertex -14.2992 19.6 -71.7505
      vertex -14.4459 19.6 -72.4882
    endloop
  endfacet
  facet normal 0 -1 0
    outer loop
      vertex 14.2992 19.6 -70.2495
      vertex 4 19.6 -76.5
      vertex 14.25 19.6 -71
    endloop
  endfacet
  facet normal 0 -1 0
    outer loop
      vertex -11 19.6 -76.5
      vertex -14.4459 19.6 -72.4882
      vertex -14.6877 19.6 -73.2004
    endloop
  endfacet
  facet normal 0 -1 0
    outer loop
      vertex 11 19.6 -76.5
      vertex 14.25 19.6 -71
      vertex 4 19.6 -76.5
    endloop
  endfacet
  facet normal 0 -1 0
    outer loop
      vertex -11 19.6 -76.5
      vertex -14.6877 19.6 -73.2004
      vertex -15.0204 19.6 -73.875
    endloop
  endfacet
  facet normal 0 -1 -0
    outer loop
      vertex 14.25 19.6 -71
      vertex 11 19.6 -76.5
      vertex 14.2992 19.6 -71.7505
    endloop
  endfacet
  facet normal 0 -1 0
    outer loop
      vertex -11 19.6 -76.5
      vertex -15.0204 19.6 -73.875
      vertex -15.4382 19.6 -74.5004
    endloop
  endfacet
  facet normal 0 -1 -0
    outer loop
      vertex 14.2992 19.6 -71.7505
      vertex 11 19.6 -76.5
      vertex 14.4459 19.6 -72.4882
    endloop
  endfacet
  facet normal 0 -1 0
    outer loop
      vertex -11 19.6 -76.5
      vertex -15.4382 19.6 -74.5004
      vertex -15.9341 19.6 -75.0659
    endloop
  endfacet
  facet normal 0 -1 -0
    outer loop
      vertex 14.4459 19.6 -72.4882
      vertex 11 19.6 -76.5
      vertex 14.6877 19.6 -73.2004
    endloop
  endfacet
  facet normal 0 -1 0
    outer loop
      vertex -11 19.6 -76.5
      vertex -15.9341 19.6 -75.0659
      vertex -16.4996 19.6 -75.5618
    endloop
  endfacet
  facet normal 0 -1 -0
    outer loop
      vertex 14.6877 19.6 -73.2004
      vertex 11 19.6 -76.5
      vertex 15.0204 19.6 -73.875
    endloop
  endfacet
  facet normal 0 -1 0
    outer loop
      vertex -11 19.6 -76.5
      vertex -16.4996 19.6 -75.5618
      vertex -17.125 19.6 -75.9796
    endloop
  endfacet
  facet normal 0 -1 -0
    outer loop
      vertex 15.0204 19.6 -73.875
      vertex 11 19.6 -76.5
      vertex 15.4382 19.6 -74.5004
    endloop
  endfacet
  facet normal 0 -1 0
    outer loop
      vertex -11 19.6 -86.5
      vertex -17.125 19.6 -75.9796
      vertex -17.7996 19.6 -76.3123
    endloop
  endfacet
  facet normal 0 -1 -0
    outer loop
      vertex 15.4382 19.6 -74.5004
      vertex 11 19.6 -76.5
      vertex 15.9341 19.6 -75.0659
    endloop
  endfacet
  facet normal 0 -1 0
    outer loop
      vertex -14.25 19.6 -71
      vertex -11 19.6 -76.5
      vertex -4 19.6 -76.5
    endloop
  endfacet
  facet normal 0 -1 0
    outer loop
      vertex -11 19.6 -86.5
      vertex -17.7996 19.6 -76.3123
      vertex -18.5118 19.6 -76.5541
    endloop
  endfacet
  facet normal 0 -1 0
    outer loop
      vertex -11 19.6 -86.5
      vertex -18.5118 19.6 -76.5541
      vertex -19.2495 19.6 -76.7008
    endloop
  endfacet
  facet normal 0 -1 0
    outer loop
      vertex -11 19.6 -86.5
      vertex -19.2495 19.6 -76.7008
      vertex -20 19.6 -76.75
    endloop
  endfacet
  facet normal 0 -1 -0
    outer loop
      vertex -22.2004 19.6 -76.3123
      vertex -26 19.6 -92
      vertex -21.4882 19.6 -76.5541
    endloop
  endfacet
  facet normal 0 -1 0
    outer loop
      vertex -30 19.6 -90.9282
      vertex -34 19.6 -84
      vertex -33.9316 19.6 -85.0442
    endloop
  endfacet
  facet normal 0 -1 0
    outer loop
      vertex -30 19.6 -90.9282
      vertex -33.9316 19.6 -85.0442
      vertex -33.7274 19.6 -86.0706
    endloop
  endfacet
  facet normal 0 -1 -0
    outer loop
      vertex -21.4882 19.6 -76.5541
      vertex -26 19.6 -92
      vertex -20.7505 19.6 -76.7008
    endloop
  endfacet
  facet normal 0 -1 0
    outer loop
      vertex -6.2 19.6 -86.6
      vertex -4 19.6 -86.5
      vertex -11 19.6 -86.5
    endloop
  endfacet
  facet normal 0 -1 -0
    outer loop
      vertex -4 19.6 -86.5
      vertex -6.2 19.6 -86.6
      vertex 4 19.6 -86.5
    endloop
  endfacet
  facet normal 0 -1 0
    outer loop
      vertex 6.2 19.6 -86.6
      vertex 4 19.6 -86.5
      vertex -6.2 19.6 -86.6
    endloop
  endfacet
  facet normal 0 -1 0
    outer loop
      vertex -17.125 19.6 -75.9796
      vertex -11 19.6 -86.5
      vertex -11 19.6 -76.5
    endloop
  endfacet
  facet normal 0 -1 0
    outer loop
      vertex -11 19.6 -86.5
      vertex -6.48715 19.6 -86.6188
      vertex -6.2 19.6 -86.6
    endloop
  endfacet
  facet normal 0 -1 0
    outer loop
      vertex -11 19.6 -86.5
      vertex -6.76939 19.6 -86.675
      vertex -6.48715 19.6 -86.6188
    endloop
  endfacet
  facet normal 0 -1 0
    outer loop
      vertex -11 19.6 -86.5
      vertex -7.0419 19.6 -86.7675
      vertex -6.76939 19.6 -86.675
    endloop
  endfacet
  facet normal 0 -1 0
    outer loop
      vertex -11 19.6 -86.5
      vertex -7.3 19.6 -86.8947
      vertex -7.0419 19.6 -86.7675
    endloop
  endfacet
  facet normal 0 -1 0
    outer loop
      vertex -11 19.6 -86.5
      vertex -7.53928 19.6 -87.0546
      vertex -7.3 19.6 -86.8947
    endloop
  endfacet
  facet normal 0 -1 0
    outer loop
      vertex -30 19.6 -90.9282
      vertex -33.7274 19.6 -86.0706
      vertex -33.391 19.6 -87.0615
    endloop
  endfacet
  facet normal 0 -1 0
    outer loop
      vertex -11 19.6 -86.5
      vertex -7.75563 19.6 -87.2444
      vertex -7.53928 19.6 -87.0546
    endloop
  endfacet
  facet normal 0 -1 0
    outer loop
      vertex -11 19.6 -86.5
      vertex -7.94537 19.6 -87.4607
      vertex -7.75563 19.6 -87.2444
    endloop
  endfacet
  facet normal 0 -1 0
    outer loop
      vertex -11 19.6 -86.5
      vertex -8.10526 19.6 -87.7
      vertex -7.94537 19.6 -87.4607
    endloop
  endfacet
  facet normal 0 -1 -0
    outer loop
      vertex -20.7505 19.6 -76.7008
      vertex -26 19.6 -92
      vertex -20 19.6 -76.75
    endloop
  endfacet
  facet normal 0 -1 0
    outer loop
      vertex -30 19.6 -90.9282
      vertex -33.391 19.6 -87.0615
      vertex -32.9282 19.6 -88
    endloop
  endfacet
  facet normal 0 -1 0
    outer loop
      vertex -11 19.6 -86.5
      vertex -8.23253 19.6 -87.9581
      vertex -8.10526 19.6 -87.7
    endloop
  endfacet
  facet normal 0 -1 0
    outer loop
      vertex -11 19.6 -86.5
      vertex -8.32503 19.6 -88.2306
      vertex -8.23253 19.6 -87.9581
    endloop
  endfacet
  facet normal 0 -1 0
    outer loop
      vertex -11 19.6 -86.5
      vertex -8.38118 19.6 -88.5128
      vertex -8.32503 19.6 -88.2306
    endloop
  endfacet
  facet normal 0 -1 0
    outer loop
      vertex -30 19.6 -90.9282
      vertex -32.9282 19.6 -88
      vertex -32.3468 19.6 -88.8701
    endloop
  endfacet
  facet normal 0 -1 0
    outer loop
      vertex -30 19.6 -90.9282
      vertex -32.3468 19.6 -88.8701
      vertex -31.6569 19.6 -89.6569
    endloop
  endfacet
  facet normal 0 -1 0
    outer loop
      vertex -30 19.6 -90.9282
      vertex -31.6569 19.6 -89.6569
      vertex -30.8701 19.6 -90.3468
    endloop
  endfacet
  facet normal 0 -1 0
    outer loop
      vertex -11 19.6 -86.5
      vertex -8.39999 19.6 -88.8
      vertex -8.38118 19.6 -88.5128
    endloop
  endfacet
  facet normal 0 -1 0
    outer loop
      vertex -11 19.6 -86.5
      vertex -8.4 19.6 -91
      vertex -8.39999 19.6 -88.8
    endloop
  endfacet
  facet normal 0 -1 -0
    outer loop
      vertex -8.39999 19.6 -88.8
      vertex -8.4 19.6 -91
      vertex -8.39999 19.6 -91
    endloop
  endfacet
  facet normal 0 -1 0
    outer loop
      vertex 8.9 19.6 -61.9
      vertex 13.1 19.6 -52.1
      vertex 8.9 19.6 -52.1
    endloop
  endfacet
  facet normal 0 -1 -0
    outer loop
      vertex 13.1 19.6 -52.1
      vertex 8.9 19.6 -61.9
      vertex 13.1 19.6 -61.9
    endloop
  endfacet
  facet normal 0 -1 0
    outer loop
      vertex -13.1 19.6 -61.9
      vertex -8.9 19.6 -52.1
      vertex -13.1 19.6 -52.1
    endloop
  endfacet
  facet normal 0 -1 -0
    outer loop
      vertex -8.9 19.6 -52.1
      vertex -13.1 19.6 -61.9
      vertex -8.9 19.6 -61.9
    endloop
  endfacet
  facet normal 0 -1 -0
    outer loop
      vertex 15.9341 19.6 -75.0659
      vertex 11 19.6 -76.5
      vertex 16.4996 19.6 -75.5618
    endloop
  endfacet
  facet normal 0 -1 -0
    outer loop
      vertex 16.4996 19.6 -75.5618
      vertex 11 19.6 -76.5
      vertex 17.125 19.6 -75.9796
    endloop
  endfacet
  facet normal 0 -1 0
    outer loop
      vertex 11 19.6 -86.5
      vertex 17.125 19.6 -75.9796
      vertex 11 19.6 -76.5
    endloop
  endfacet
  facet normal 0 -1 -0
    outer loop
      vertex 17.125 19.6 -75.9796
      vertex 11 19.6 -86.5
      vertex 17.7996 19.6 -76.3123
    endloop
  endfacet
  facet normal 0 -1 -0
    outer loop
      vertex 17.7996 19.6 -76.3123
      vertex 11 19.6 -86.5
      vertex 18.5118 19.6 -76.5541
    endloop
  endfacet
  facet normal 0 -1 -0
    outer loop
      vertex 18.5118 19.6 -76.5541
      vertex 11 19.6 -86.5
      vertex 19.2495 19.6 -76.7008
    endloop
  endfacet
  facet normal 0 -1 -0
    outer loop
      vertex 19.2495 19.6 -76.7008
      vertex 11 19.6 -86.5
      vertex 20 19.6 -76.75
    endloop
  endfacet
  facet normal 0 -1 0
    outer loop
      vertex 20 19.6 -76.75
      vertex 26 19.6 -92
      vertex 34 19.6 -84
    endloop
  endfacet
  facet normal 0 -1 0
    outer loop
      vertex 34 19.6 -84
      vertex 26 19.6 -92
      vertex 33.9316 19.6 -85.0442
    endloop
  endfacet
  facet normal 0 -1 -0
    outer loop
      vertex 20 19.6 -76.75
      vertex 11 19.6 -86.5
      vertex 26 19.6 -92
    endloop
  endfacet
  facet normal 0 -1 0
    outer loop
      vertex 4 19.6 -86.5
      vertex 6.2 19.6 -86.6
      vertex 11 19.6 -86.5
    endloop
  endfacet
  facet normal 0 -1 0
    outer loop
      vertex 6.48715 19.6 -86.6188
      vertex 11 19.6 -86.5
      vertex 6.2 19.6 -86.6
    endloop
  endfacet
  facet normal 0 -1 0
    outer loop
      vertex 6.76939 19.6 -86.675
      vertex 11 19.6 -86.5
      vertex 6.48715 19.6 -86.6188
    endloop
  endfacet
  facet normal 0 -1 0
    outer loop
      vertex 7.0419 19.6 -86.7675
      vertex 11 19.6 -86.5
      vertex 6.76939 19.6 -86.675
    endloop
  endfacet
  facet normal 0 -1 0
    outer loop
      vertex 7.3 19.6 -86.8947
      vertex 11 19.6 -86.5
      vertex 7.0419 19.6 -86.7675
    endloop
  endfacet
  facet normal 0 -1 0
    outer loop
      vertex 7.53928 19.6 -87.0546
      vertex 11 19.6 -86.5
      vertex 7.3 19.6 -86.8947
    endloop
  endfacet
  facet normal 0 -1 0
    outer loop
      vertex 7.75563 19.6 -87.2444
      vertex 11 19.6 -86.5
      vertex 7.53928 19.6 -87.0546
    endloop
  endfacet
  facet normal 0 -1 0
    outer loop
      vertex 7.94537 19.6 -87.4607
      vertex 11 19.6 -86.5
      vertex 7.75563 19.6 -87.2444
    endloop
  endfacet
  facet normal 0 -1 0
    outer loop
      vertex 33.9316 19.6 -85.0442
      vertex 26 19.6 -92
      vertex 33.7274 19.6 -86.0706
    endloop
  endfacet
  facet normal 0 -1 0
    outer loop
      vertex 8.10526 19.6 -87.7
      vertex 11 19.6 -86.5
      vertex 7.94537 19.6 -87.4607
    endloop
  endfacet
  facet normal 0 -1 0
    outer loop
      vertex 8.23253 19.6 -87.9581
      vertex 11 19.6 -86.5
      vertex 8.10526 19.6 -87.7
    endloop
  endfacet
  facet normal 0 -1 0
    outer loop
      vertex 8.32503 19.6 -88.2306
      vertex 11 19.6 -86.5
      vertex 8.23253 19.6 -87.9581
    endloop
  endfacet
  facet normal 0 -1 0
    outer loop
      vertex 33.7274 19.6 -86.0706
      vertex 26 19.6 -92
      vertex 33.391 19.6 -87.0615
    endloop
  endfacet
  facet normal 0 -1 0
    outer loop
      vertex 8.38118 19.6 -88.5128
      vertex 11 19.6 -86.5
      vertex 8.32503 19.6 -88.2306
    endloop
  endfacet
  facet normal 0 -1 0
    outer loop
      vertex 8.39999 19.6 -88.8
      vertex 11 19.6 -86.5
      vertex 8.38118 19.6 -88.5128
    endloop
  endfacet
  facet normal 0 -1 0
    outer loop
      vertex 8.4 19.6 -91
      vertex 11 19.6 -86.5
      vertex 8.39999 19.6 -88.8
    endloop
  endfacet
  facet normal 0 -1 0
    outer loop
      vertex 33.391 19.6 -87.0615
      vertex 26 19.6 -92
      vertex 32.9282 19.6 -88
    endloop
  endfacet
  facet normal 0 -1 0
    outer loop
      vertex 32.9282 19.6 -88
      vertex 26 19.6 -92
      vertex 32.3468 19.6 -88.8701
    endloop
  endfacet
  facet normal 0 -1 0
    outer loop
      vertex 32.3468 19.6 -88.8701
      vertex 26 19.6 -92
      vertex 31.6569 19.6 -89.6569
    endloop
  endfacet
  facet normal 0 -1 0
    outer loop
      vertex 31.6569 19.6 -89.6569
      vertex 26 19.6 -92
      vertex 30.8701 19.6 -90.3468
    endloop
  endfacet
  facet normal 0 -1 0
    outer loop
      vertex 8.4 19.6 -91
      vertex 8.39999 19.6 -88.8
      vertex 8.39999 19.6 -91
    endloop
  endfacet
  facet normal 0 -1 0
    outer loop
      vertex 8.4 19.6 -92
      vertex 11 19.6 -86.5
      vertex 8.4 19.6 -91
    endloop
  endfacet
  facet normal 0 -1 0
    outer loop
      vertex 30.8701 19.6 -90.3468
      vertex 26 19.6 -92
      vertex 30 19.6 -90.9282
    endloop
  endfacet
  facet normal 0 -1 0
    outer loop
      vertex 30 19.6 -90.9282
      vertex 26 19.6 -92
      vertex 29.0615 19.6 -91.391
    endloop
  endfacet
  facet normal 0 -1 0
    outer loop
      vertex 29.0615 19.6 -91.391
      vertex 26 19.6 -92
      vertex 28.0706 19.6 -91.7274
    endloop
  endfacet
  facet normal 0 -1 -0
    outer loop
      vertex 11 19.6 -86.5
      vertex 8.4 19.6 -92
      vertex 26 19.6 -92
    endloop
  endfacet
  facet normal 0 -1 0
    outer loop
      vertex 28.0706 19.6 -91.7274
      vertex 26 19.6 -92
      vertex 27.0442 19.6 -91.9316
    endloop
  endfacet
  facet normal 0 -1 0
    outer loop
      vertex 15.5 19.6 -36
      vertex 15.5 19.6 -36.5
      vertex 18.6 19.6 -36
    endloop
  endfacet
  facet normal 0 -1 0
    outer loop
      vertex -15.4 19.6 -33.5
      vertex 15.4 19.6 30
      vertex -15.4 19.6 30
    endloop
  endfacet
  facet normal 0 -1 -0
    outer loop
      vertex 15.4 19.6 30
      vertex -15.4 19.6 -33.5
      vertex 15.4 19.6 -33.5
    endloop
  endfacet
  facet normal 0 -1 0
    outer loop
      vertex 15.4 19.6 30
      vertex 0 19.6 41
      vertex -15.4 19.6 30
    endloop
  endfacet
  facet normal 0 -1 0
    outer loop
      vertex -26.1 19.6 24.5
      vertex -18.6 19.6 30
      vertex -26.1 19.6 31.5
    endloop
  endfacet
  facet normal 0 -1 0
    outer loop
      vertex -26.1 19.6 19.5
      vertex -26.1 19.6 24.5
      vertex -31.9 19.6 19.5
    endloop
  endfacet
  facet normal 0 -1 0
    outer loop
      vertex -26.1 19.6 24.5
      vertex -26.1 19.6 19.5
      vertex -18.6 19.6 30
    endloop
  endfacet
  facet normal 0 -1 0
    outer loop
      vertex -26.1 19.6 12.5
      vertex -18.6 19.6 30
      vertex -26.1 19.6 19.5
    endloop
  endfacet
  facet normal 0 -1 0
    outer loop
      vertex -26.1 19.6 1.5
      vertex -26.1 19.6 12.5
      vertex -31.9 19.6 1.5
    endloop
  endfacet
  facet normal 0 -1 0
    outer loop
      vertex -26.1 19.6 1.5
      vertex -18.6 19.6 30
      vertex -26.1 19.6 12.5
    endloop
  endfacet
  facet normal 0 -1 0
    outer loop
      vertex -26.1 19.6 -5.5
      vertex -18.6 19.6 30
      vertex -26.1 19.6 1.5
    endloop
  endfacet
  facet normal 0 -1 0
    outer loop
      vertex -26.1 19.6 -16.5
      vertex -26.1 19.6 -5.5
      vertex -31.9 19.6 -16.5
    endloop
  endfacet
  facet normal 0 -1 0
    outer loop
      vertex -18.6 19.6 -36
      vertex -26.1 19.6 -5.5
      vertex -26.1 19.6 -16.5
    endloop
  endfacet
  facet normal 0 -1 0
    outer loop
      vertex -18.6 19.6 -36
      vertex -26.1 19.6 -16.5
      vertex -26.1 19.6 -23.5
    endloop
  endfacet
  facet normal 0 -1 0
    outer loop
      vertex -26.1 19.6 -34.5
      vertex -26.1 19.6 -23.5
      vertex -31.9 19.6 -34.5
    endloop
  endfacet
  facet normal 0 -1 0
    outer loop
      vertex -18.6 19.6 -36
      vertex -26.1 19.6 -23.5
      vertex -26.1 19.6 -34.5
    endloop
  endfacet
  facet normal 0 -1 0
    outer loop
      vertex -26.1 19.6 -5.5
      vertex -18.6 19.6 -36
      vertex -18.6 19.6 30
    endloop
  endfacet
  facet normal 0 -1 0
    outer loop
      vertex -18.6 19.6 -36
      vertex -15.5 19.6 -36.5
      vertex -15.5 19.6 -36
    endloop
  endfacet
  facet normal 0 -1 -0
    outer loop
      vertex -15.5 19.6 -36.5
      vertex -26.1 19.6 -41.5
      vertex 15.5 19.6 -36.5
    endloop
  endfacet
  facet normal 0 -1 -0
    outer loop
      vertex -18.6 19.6 -36
      vertex -26.1 19.6 -41.5
      vertex -15.5 19.6 -36.5
    endloop
  endfacet
  facet normal 0 -1 0
    outer loop
      vertex -26.1 19.6 -41.5
      vertex -18.6 19.6 -36
      vertex -26.1 19.6 -34.5
    endloop
  endfacet
  facet normal 0 -1 0
    outer loop
      vertex -0.489472 19.6 68.7179
      vertex -16 19.6 83.2
      vertex -16 19.6 80.8
    endloop
  endfacet
  facet normal 0 -1 0
    outer loop
      vertex -16 19.6 83.2
      vertex 0 19.6 68.75
      vertex 16 19.6 83.2
    endloop
  endfacet
  facet normal 0 -1 0
    outer loop
      vertex -24 19.6 83.2
      vertex -26 19.6 92
      vertex -27.0442 19.6 91.9316
    endloop
  endfacet
  facet normal 0 -1 0
    outer loop
      vertex -26 19.6 92
      vertex -16 19.6 83.2
      vertex 26 19.6 92
    endloop
  endfacet
  facet normal 0 -1 0
    outer loop
      vertex -24 19.6 83.2
      vertex -27.0442 19.6 91.9316
      vertex -28.0706 19.6 91.7274
    endloop
  endfacet
  facet normal 0 -1 0
    outer loop
      vertex 16 19.6 83.2
      vertex 26 19.6 92
      vertex -16 19.6 83.2
    endloop
  endfacet
  facet normal 0 -1 0
    outer loop
      vertex -24 19.6 83.2
      vertex -28.0706 19.6 91.7274
      vertex -29.0615 19.6 91.391
    endloop
  endfacet
  facet normal 0 -1 0
    outer loop
      vertex 24 19.6 83.2
      vertex 26 19.6 92
      vertex 16 19.6 83.2
    endloop
  endfacet
  facet normal 0 -1 0
    outer loop
      vertex -24 19.6 83.2
      vertex -29.0615 19.6 91.391
      vertex -30 19.6 90.9282
    endloop
  endfacet
  facet normal 0 -1 -0
    outer loop
      vertex 26 19.6 92
      vertex 24 19.6 83.2
      vertex 27.0442 19.6 91.9316
    endloop
  endfacet
  facet normal 0 -1 0
    outer loop
      vertex -24 19.6 83.2
      vertex -30 19.6 90.9282
      vertex -30.8701 19.6 90.3468
    endloop
  endfacet
  facet normal 0 -1 -0
    outer loop
      vertex 27.0442 19.6 91.9316
      vertex 24 19.6 83.2
      vertex 28.0706 19.6 91.7274
    endloop
  endfacet
  facet normal 0 -1 0
    outer loop
      vertex -24 19.6 83.2
      vertex -30.8701 19.6 90.3468
      vertex -31.6569 19.6 89.6569
    endloop
  endfacet
  facet normal 0 -1 -0
    outer loop
      vertex 28.0706 19.6 91.7274
      vertex 24 19.6 83.2
      vertex 29.0615 19.6 91.391
    endloop
  endfacet
  facet normal 0 -1 0
    outer loop
      vertex -24 19.6 83.2
      vertex -31.6569 19.6 89.6569
      vertex -32.3468 19.6 88.8701
    endloop
  endfacet
  facet normal 0 -1 -0
    outer loop
      vertex 29.0615 19.6 91.391
      vertex 24 19.6 83.2
      vertex 30 19.6 90.9282
    endloop
  endfacet
  facet normal 0 -1 0
    outer loop
      vertex -24 19.6 83.2
      vertex -32.3468 19.6 88.8701
      vertex -32.9282 19.6 88
    endloop
  endfacet
  facet normal 0 -1 -0
    outer loop
      vertex 30 19.6 90.9282
      vertex 24 19.6 83.2
      vertex 30.8701 19.6 90.3468
    endloop
  endfacet
  facet normal 0 -1 0
    outer loop
      vertex -24 19.6 83.2
      vertex -32.9282 19.6 88
      vertex -33.391 19.6 87.0615
    endloop
  endfacet
  facet normal 0 -1 -0
    outer loop
      vertex 30.8701 19.6 90.3468
      vertex 24 19.6 83.2
      vertex 31.6569 19.6 89.6569
    endloop
  endfacet
  facet normal 0 -1 0
    outer loop
      vertex -24 19.6 83.2
      vertex -33.391 19.6 87.0615
      vertex -33.7274 19.6 86.0706
    endloop
  endfacet
  facet normal 0 -1 -0
    outer loop
      vertex 31.6569 19.6 89.6569
      vertex 24 19.6 83.2
      vertex 32.3468 19.6 88.8701
    endloop
  endfacet
  facet normal 0 -1 0
    outer loop
      vertex -24 19.6 83.2
      vertex -33.7274 19.6 86.0706
      vertex -33.9316 19.6 85.0442
    endloop
  endfacet
  facet normal 0 -1 -0
    outer loop
      vertex 32.3468 19.6 88.8701
      vertex 24 19.6 83.2
      vertex 32.9282 19.6 88
    endloop
  endfacet
  facet normal 0 -1 0
    outer loop
      vertex -24 19.6 83.2
      vertex -33.9316 19.6 85.0442
      vertex -34 19.6 84
    endloop
  endfacet
  facet normal 0 -1 -0
    outer loop
      vertex 32.9282 19.6 88
      vertex 24 19.6 83.2
      vertex 33.391 19.6 87.0615
    endloop
  endfacet
  facet normal 0 -1 0
    outer loop
      vertex -26 19.6 92
      vertex -24 19.6 83.2
      vertex -16 19.6 83.2
    endloop
  endfacet
  facet normal 0 -1 0
    outer loop
      vertex -34 19.6 84
      vertex -24 19.6 80.8
      vertex -24 19.6 83.2
    endloop
  endfacet
  facet normal 0 -1 0
    outer loop
      vertex -3.75 19.6 65
      vertex -16 19.6 80.8
      vertex -24 19.6 80.8
    endloop
  endfacet
  facet normal 0 -1 0
    outer loop
      vertex -16 19.6 83.2
      vertex -0.489472 19.6 68.7179
      vertex 0 19.6 68.75
    endloop
  endfacet
  facet normal 0 -1 -0
    outer loop
      vertex 16 19.6 83.2
      vertex 0.489472 19.6 68.7179
      vertex 16 19.6 80.8
    endloop
  endfacet
  facet normal 0 -1 0
    outer loop
      vertex -31.9 19.6 31.5
      vertex -24 19.6 80.8
      vertex -34 19.6 84
    endloop
  endfacet
  facet normal 0 -1 0
    outer loop
      vertex 0.489472 19.6 68.7179
      vertex 16 19.6 83.2
      vertex 0 19.6 68.75
    endloop
  endfacet
  facet normal 0 -1 0
    outer loop
      vertex -16 19.6 80.8
      vertex -0.970571 19.6 68.6222
      vertex -0.489472 19.6 68.7179
    endloop
  endfacet
  facet normal 0 -1 0
    outer loop
      vertex -16 19.6 80.8
      vertex -1.43506 19.6 68.4645
      vertex -0.970571 19.6 68.6222
    endloop
  endfacet
  facet normal 0 -1 0
    outer loop
      vertex -16 19.6 80.8
      vertex -1.875 19.6 68.2476
      vertex -1.43506 19.6 68.4645
    endloop
  endfacet
  facet normal 0 -1 0
    outer loop
      vertex -16 19.6 80.8
      vertex -2.28286 19.6 67.9751
      vertex -1.875 19.6 68.2476
    endloop
  endfacet
  facet normal 0 -1 0
    outer loop
      vertex -16 19.6 80.8
      vertex -2.65165 19.6 67.6516
      vertex -2.28286 19.6 67.9751
    endloop
  endfacet
  facet normal 0 -1 0
    outer loop
      vertex -16 19.6 80.8
      vertex -2.97507 19.6 67.2829
      vertex -2.65165 19.6 67.6516
    endloop
  endfacet
  facet normal 0 -1 0
    outer loop
      vertex -16 19.6 80.8
      vertex -3.24759 19.6 66.875
      vertex -2.97507 19.6 67.2829
    endloop
  endfacet
  facet normal 0 -1 0
    outer loop
      vertex -16 19.6 80.8
      vertex -3.46455 19.6 66.4351
      vertex -3.24759 19.6 66.875
    endloop
  endfacet
  facet normal 0 -1 0
    outer loop
      vertex -16 19.6 80.8
      vertex -3.62222 19.6 65.9706
      vertex -3.46455 19.6 66.4351
    endloop
  endfacet
  facet normal 0 -1 0
    outer loop
      vertex -16 19.6 80.8
      vertex -3.71792 19.6 65.4895
      vertex -3.62222 19.6 65.9706
    endloop
  endfacet
  facet normal 0 -1 0
    outer loop
      vertex -16 19.6 80.8
      vertex -3.75 19.6 65
      vertex -3.71792 19.6 65.4895
    endloop
  endfacet
  facet normal 0 -1 0
    outer loop
      vertex -24 19.6 80.8
      vertex -3.71792 19.6 64.5105
      vertex -3.75 19.6 65
    endloop
  endfacet
  facet normal 0 -1 0
    outer loop
      vertex -24 19.6 80.8
      vertex -3.62222 19.6 64.0294
      vertex -3.71792 19.6 64.5105
    endloop
  endfacet
  facet normal 0 -1 0
    outer loop
      vertex -26.1 19.6 31.5
      vertex -24 19.6 80.8
      vertex -31.9 19.6 31.5
    endloop
  endfacet
  facet normal 0 -1 0
    outer loop
      vertex -3.62222 19.6 64.0294
      vertex -2.18118 19.6 55.2872
      vertex -2.12504 19.6 59.4306
    endloop
  endfacet
  facet normal -0 -1 0
    outer loop
      vertex -2.12504 19.6 55.5694
      vertex -2.12504 19.6 59.4306
      vertex -2.18118 19.6 55.2872
    endloop
  endfacet
  facet normal 0 -1 0
    outer loop
      vertex -2.12504 19.6 59.4306
      vertex -2.12504 19.6 55.5694
      vertex -2.03253 19.6 59.1581
    endloop
  endfacet
  facet normal 0 -1 0
    outer loop
      vertex -2.03253 19.6 59.1581
      vertex -2.03253 19.6 55.8419
      vertex -1.90526 19.6 58.9
    endloop
  endfacet
  facet normal -0 -1 0
    outer loop
      vertex -1.90526 19.6 56.1
      vertex -1.90526 19.6 58.9
      vertex -2.03253 19.6 55.8419
    endloop
  endfacet
  facet normal 0 -1 0
    outer loop
      vertex -0.287157 19.6 57.8188
      vertex 0 19.6 57.2
      vertex 0 19.6 57.8
    endloop
  endfacet
  facet normal 0 -1 0
    outer loop
      vertex -0.287157 19.6 57.1812
      vertex -0.287157 19.6 57.8188
      vertex -0.569402 19.6 57.875
    endloop
  endfacet
  facet normal 0 -1 0
    outer loop
      vertex -0.569402 19.6 57.125
      vertex -0.569402 19.6 57.875
      vertex -0.841903 19.6 57.9675
    endloop
  endfacet
  facet normal 0 -1 0
    outer loop
      vertex -0.841903 19.6 57.0325
      vertex -0.841903 19.6 57.9675
      vertex -1.1 19.6 58.0947
    endloop
  endfacet
  facet normal 0 -1 0
    outer loop
      vertex -1.1 19.6 56.9053
      vertex -1.1 19.6 58.0947
      vertex -1.33927 19.6 58.2546
    endloop
  endfacet
  facet normal 0 -1 0
    outer loop
      vertex -0.287157 19.6 57.8188
      vertex -0.287157 19.6 57.1812
      vertex 0 19.6 57.2
    endloop
  endfacet
  facet normal -0 -1 0
    outer loop
      vertex -1.74538 19.6 56.3393
      vertex -1.74538 19.6 58.6607
      vertex -1.90526 19.6 56.1
    endloop
  endfacet
  facet normal 0 -1 0
    outer loop
      vertex -0.569402 19.6 57.875
      vertex -0.569402 19.6 57.125
      vertex -0.287157 19.6 57.1812
    endloop
  endfacet
  facet normal 0 -1 0
    outer loop
      vertex -0.841903 19.6 57.9675
      vertex -0.841903 19.6 57.0325
      vertex -0.569402 19.6 57.125
    endloop
  endfacet
  facet normal 0 -1 0
    outer loop
      vertex -1.1 19.6 58.0947
      vertex -1.1 19.6 56.9053
      vertex -0.841903 19.6 57.0325
    endloop
  endfacet
  facet normal 0 -1 0
    outer loop
      vertex -1.33927 19.6 58.2546
      vertex -1.33927 19.6 56.7454
      vertex -1.1 19.6 56.9053
    endloop
  endfacet
  facet normal 0 -1 -0
    outer loop
      vertex -1.33927 19.6 58.2546
      vertex -1.55563 19.6 56.5556
      vertex -1.33927 19.6 56.7454
    endloop
  endfacet
  facet normal 0 -1 0
    outer loop
      vertex -1.55563 19.6 58.4444
      vertex -1.55563 19.6 56.5556
      vertex -1.33927 19.6 58.2546
    endloop
  endfacet
  facet normal -0 -1 0
    outer loop
      vertex -1.55563 19.6 56.5556
      vertex -1.55563 19.6 58.4444
      vertex -1.74538 19.6 56.3393
    endloop
  endfacet
  facet normal 0 -1 0
    outer loop
      vertex -1.74538 19.6 58.6607
      vertex -1.74538 19.6 56.3393
      vertex -1.55563 19.6 58.4444
    endloop
  endfacet
  facet normal 0 -1 0
    outer loop
      vertex -1.90526 19.6 58.9
      vertex -1.90526 19.6 56.1
      vertex -1.74538 19.6 58.6607
    endloop
  endfacet
  facet normal -0 -1 0
    outer loop
      vertex -2.03253 19.6 55.8419
      vertex -2.03253 19.6 59.1581
      vertex -2.12504 19.6 55.5694
    endloop
  endfacet
  facet normal -0 -1 0
    outer loop
      vertex -2.2 19.6 55
      vertex -3.62222 19.6 64.0294
      vertex -26.1 19.6 31.5
    endloop
  endfacet
  facet normal 0 -1 0
    outer loop
      vertex -3.62222 19.6 64.0294
      vertex -2.2 19.6 55
      vertex -2.18118 19.6 55.2872
    endloop
  endfacet
  facet normal 0 -1 -0
    outer loop
      vertex -2.2 19.6 55
      vertex -26.1 19.6 31.5
      vertex -2.18118 19.6 54.7128
    endloop
  endfacet
  facet normal 0 -1 -0
    outer loop
      vertex -2.18118 19.6 54.7128
      vertex -26.1 19.6 31.5
      vertex -2.12504 19.6 54.4306
    endloop
  endfacet
  facet normal -0 -1 0
    outer loop
      vertex -1.93185 19.6 43.5176
      vertex -2.12504 19.6 54.4306
      vertex -26.1 19.6 31.5
    endloop
  endfacet
  facet normal 0 -1 0
    outer loop
      vertex -2.12504 19.6 54.4306
      vertex -1.93185 19.6 43.5176
      vertex -2.03253 19.6 54.1581
    endloop
  endfacet
  facet normal -0 -1 0
    outer loop
      vertex -1.84776 19.6 43.7654
      vertex -2.03253 19.6 54.1581
      vertex -1.93185 19.6 43.5176
    endloop
  endfacet
  facet normal 0 -1 0
    outer loop
      vertex -0.287157 19.6 52.8188
      vertex 0 19.6 45
      vertex 0 19.6 52.8
    endloop
  endfacet
  facet normal 0 -1 0
    outer loop
      vertex -0.261052 19.6 44.9829
      vertex -0.287157 19.6 52.8188
      vertex -0.569402 19.6 52.875
    endloop
  endfacet
  facet normal 0 -1 0
    outer loop
      vertex -0.765367 19.6 44.8478
      vertex -0.569402 19.6 52.875
      vertex -0.841903 19.6 52.9675
    endloop
  endfacet
  facet normal 0 -1 0
    outer loop
      vertex -1 19.6 44.732
      vertex -0.841903 19.6 52.9675
      vertex -1.1 19.6 53.0947
    endloop
  endfacet
  facet normal 0 -1 0
    outer loop
      vertex -1.21752 19.6 44.5867
      vertex -1.1 19.6 53.0947
      vertex -1.33927 19.6 53.2546
    endloop
  endfacet
  facet normal 0 -1 0
    outer loop
      vertex -1.41421 19.6 44.4142
      vertex -1.33927 19.6 53.2546
      vertex -1.55563 19.6 53.4444
    endloop
  endfacet
  facet normal 0 -1 0
    outer loop
      vertex -2.03253 19.6 54.1581
      vertex -1.84776 19.6 43.7654
      vertex -1.90526 19.6 53.9
    endloop
  endfacet
  facet normal 0 -1 0
    outer loop
      vertex -0.287157 19.6 52.8188
      vertex -0.261052 19.6 44.9829
      vertex 0 19.6 45
    endloop
  endfacet
  facet normal 0 -1 0
    outer loop
      vertex -0.569402 19.6 52.875
      vertex -0.517637 19.6 44.9319
      vertex -0.261052 19.6 44.9829
    endloop
  endfacet
  facet normal 0 -1 -0
    outer loop
      vertex -0.569402 19.6 52.875
      vertex -0.765367 19.6 44.8478
      vertex -0.517637 19.6 44.9319
    endloop
  endfacet
  facet normal 0 -1 -0
    outer loop
      vertex -0.841903 19.6 52.9675
      vertex -1 19.6 44.732
      vertex -0.765367 19.6 44.8478
    endloop
  endfacet
  facet normal 0 -1 -0
    outer loop
      vertex -1.1 19.6 53.0947
      vertex -1.21752 19.6 44.5867
      vertex -1 19.6 44.732
    endloop
  endfacet
  facet normal 0 -1 -0
    outer loop
      vertex -1.33927 19.6 53.2546
      vertex -1.41421 19.6 44.4142
      vertex -1.21752 19.6 44.5867
    endloop
  endfacet
  facet normal 0 -1 -0
    outer loop
      vertex -1.55563 19.6 53.4444
      vertex -1.58671 19.6 44.2175
      vertex -1.41421 19.6 44.4142
    endloop
  endfacet
  facet normal 0 -1 0
    outer loop
      vertex -1.74538 19.6 53.6607
      vertex -1.58671 19.6 44.2175
      vertex -1.55563 19.6 53.4444
    endloop
  endfacet
  facet normal -0 -1 0
    outer loop
      vertex -1.73205 19.6 44
      vertex -1.90526 19.6 53.9
      vertex -1.84776 19.6 43.7654
    endloop
  endfacet
  facet normal -0 -1 0
    outer loop
      vertex -1.58671 19.6 44.2175
      vertex -1.74538 19.6 53.6607
      vertex -1.73205 19.6 44
    endloop
  endfacet
  facet normal 0 -1 0
    outer loop
      vertex -1.90526 19.6 53.9
      vertex -1.73205 19.6 44
      vertex -1.74538 19.6 53.6607
    endloop
  endfacet
  facet normal 0 -1 0
    outer loop
      vertex -18.6 19.6 30
      vertex -1.93185 19.6 43.5176
      vertex -26.1 19.6 31.5
    endloop
  endfacet
  facet normal 0 -1 0
    outer loop
      vertex -1.93185 19.6 43.5176
      vertex -18.6 19.6 30
      vertex -1.98289 19.6 43.2611
    endloop
  endfacet
  facet normal 0 -1 0
    outer loop
      vertex -15.4 19.6 30
      vertex -1.98289 19.6 43.2611
      vertex -18.6 19.6 30
    endloop
  endfacet
  facet normal 0 -1 0
    outer loop
      vertex -1.98289 19.6 43.2611
      vertex -15.4 19.6 30
      vertex -2 19.6 43
    endloop
  endfacet
  facet normal 0 -1 -0
    outer loop
      vertex -2 19.6 43
      vertex -15.4 19.6 30
      vertex -1.98289 19.6 42.7389
    endloop
  endfacet
  facet normal 0 -1 -0
    outer loop
      vertex -1.98289 19.6 42.7389
      vertex -15.4 19.6 30
      vertex -1.93185 19.6 42.4824
    endloop
  endfacet
  facet normal 0 -1 -0
    outer loop
      vertex -1 19.6 41.2679
      vertex -15.4 19.6 30
      vertex -0.765367 19.6 41.1522
    endloop
  endfacet
  facet normal 0 -1 -0
    outer loop
      vertex -1.21752 19.6 41.4133
      vertex -15.4 19.6 30
      vertex -1 19.6 41.2679
    endloop
  endfacet
  facet normal 0 -1 -0
    outer loop
      vertex -1.41421 19.6 41.5858
      vertex -15.4 19.6 30
      vertex -1.21752 19.6 41.4133
    endloop
  endfacet
  facet normal 0 -1 -0
    outer loop
      vertex -1.58671 19.6 41.7825
      vertex -15.4 19.6 30
      vertex -1.41421 19.6 41.5858
    endloop
  endfacet
  facet normal 0 -1 -0
    outer loop
      vertex -1.73205 19.6 42
      vertex -15.4 19.6 30
      vertex -1.58671 19.6 41.7825
    endloop
  endfacet
  facet normal 0 -1 -0
    outer loop
      vertex -1.84776 19.6 42.2346
      vertex -15.4 19.6 30
      vertex -1.73205 19.6 42
    endloop
  endfacet
  facet normal 0 -1 -0
    outer loop
      vertex -1.93185 19.6 42.4824
      vertex -15.4 19.6 30
      vertex -1.84776 19.6 42.2346
    endloop
  endfacet
  facet normal 0 -1 -0
    outer loop
      vertex -24 19.6 80.8
      vertex -26.1 19.6 31.5
      vertex -3.62222 19.6 64.0294
    endloop
  endfacet
  facet normal 0 -1 0
    outer loop
      vertex -34 19.6 84
      vertex -31.9 19.6 24.5
      vertex -31.9 19.6 31.5
    endloop
  endfacet
  facet normal 0 -1 0
    outer loop
      vertex -31.9 19.6 24.5
      vertex -31.9 19.6 19.5
      vertex -26.1 19.6 24.5
    endloop
  endfacet
  facet normal 0 -1 0
    outer loop
      vertex -34 19.6 84
      vertex -31.9 19.6 19.5
      vertex -31.9 19.6 24.5
    endloop
  endfacet
  facet normal 0 -1 0
    outer loop
      vertex -34 19.6 84
      vertex -31.9 19.6 12.5
      vertex -31.9 19.6 19.5
    endloop
  endfacet
  facet normal 0 -1 0
    outer loop
      vertex -31.9 19.6 12.5
      vertex -31.9 19.6 1.5
      vertex -26.1 19.6 12.5
    endloop
  endfacet
  facet normal 0 -1 0
    outer loop
      vertex -34 19.6 84
      vertex -31.9 19.6 1.5
      vertex -31.9 19.6 12.5
    endloop
  endfacet
  facet normal 0 -1 0
    outer loop
      vertex -34 19.6 84
      vertex -31.9 19.6 -5.5
      vertex -31.9 19.6 1.5
    endloop
  endfacet
  facet normal 0 -1 0
    outer loop
      vertex -31.9 19.6 -5.5
      vertex -31.9 19.6 -16.5
      vertex -26.1 19.6 -5.5
    endloop
  endfacet
  facet normal 0 -1 0
    outer loop
      vertex -34 19.6 84
      vertex -31.9 19.6 -16.5
      vertex -31.9 19.6 -5.5
    endloop
  endfacet
  facet normal 0 -1 0
    outer loop
      vertex -34 19.6 -84
      vertex -31.9 19.6 -16.5
      vertex -34 19.6 84
    endloop
  endfacet
  facet normal 0 -1 0
    outer loop
      vertex -31.9 19.6 -23.5
      vertex -31.9 19.6 -34.5
      vertex -26.1 19.6 -23.5
    endloop
  endfacet
  facet normal 0 -1 -0
    outer loop
      vertex -31.9 19.6 -16.5
      vertex -34 19.6 -84
      vertex -31.9 19.6 -23.5
    endloop
  endfacet
  facet normal 0 -1 -0
    outer loop
      vertex -31.9 19.6 -23.5
      vertex -34 19.6 -84
      vertex -31.9 19.6 -34.5
    endloop
  endfacet
  facet normal 0 -1 0
    outer loop
      vertex -30.9 19.6 -52.1
      vertex -26.1 19.6 -41.5
      vertex -31.9 19.6 -41.5
    endloop
  endfacet
  facet normal 0 -1 0
    outer loop
      vertex -26.1 19.6 -41.5
      vertex -8.9 19.6 -52.1
      vertex 26.1 19.6 -41.5
    endloop
  endfacet
  facet normal 0 -1 -0
    outer loop
      vertex -26.1 19.6 -41.5
      vertex -30.9 19.6 -52.1
      vertex -13.1 19.6 -52.1
    endloop
  endfacet
  facet normal 0 -1 0
    outer loop
      vertex -31.9 19.6 -41.5
      vertex -30.9 19.6 -61.9
      vertex -30.9 19.6 -52.1
    endloop
  endfacet
  facet normal 0 -1 0
    outer loop
      vertex -20.7505 19.6 -65.2992
      vertex -13.1 19.6 -61.9
      vertex -30.9 19.6 -61.9
    endloop
  endfacet
  facet normal 0 -1 0
    outer loop
      vertex -19.2495 19.6 -65.2992
      vertex -13.1 19.6 -61.9
      vertex -20 19.6 -65.25
    endloop
  endfacet
  facet normal 0 -1 0
    outer loop
      vertex -18.5118 19.6 -65.4459
      vertex -13.1 19.6 -61.9
      vertex -19.2495 19.6 -65.2992
    endloop
  endfacet
  facet normal 0 -1 0
    outer loop
      vertex -17.7996 19.6 -65.6877
      vertex -13.1 19.6 -61.9
      vertex -18.5118 19.6 -65.4459
    endloop
  endfacet
  facet normal 0 -1 0
    outer loop
      vertex 8.9 19.6 -61.9
      vertex 20 19.6 -65.25
      vertex 13.1 19.6 -61.9
    endloop
  endfacet
  facet normal 0 -1 0
    outer loop
      vertex -13.1 19.6 -61.9
      vertex -20.7505 19.6 -65.2992
      vertex -20 19.6 -65.25
    endloop
  endfacet
  facet normal 0 -1 0
    outer loop
      vertex -30.9 19.6 -61.9
      vertex -21.4882 19.6 -65.4459
      vertex -20.7505 19.6 -65.2992
    endloop
  endfacet
  facet normal 0 -1 0
    outer loop
      vertex -30.9 19.6 -61.9
      vertex -22.2004 19.6 -65.6877
      vertex -21.4882 19.6 -65.4459
    endloop
  endfacet
  facet normal 0 -1 0
    outer loop
      vertex -30.9 19.6 -61.9
      vertex -22.875 19.6 -66.0204
      vertex -22.2004 19.6 -65.6877
    endloop
  endfacet
  facet normal 0 -1 0
    outer loop
      vertex -30.9 19.6 -61.9
      vertex -23.5004 19.6 -66.4382
      vertex -22.875 19.6 -66.0204
    endloop
  endfacet
  facet normal 0 -1 0
    outer loop
      vertex -30.9 19.6 -61.9
      vertex -24.0659 19.6 -66.9341
      vertex -23.5004 19.6 -66.4382
    endloop
  endfacet
  facet normal 0 -1 0
    outer loop
      vertex -30.9 19.6 -61.9
      vertex -24.5618 19.6 -67.4996
      vertex -24.0659 19.6 -66.9341
    endloop
  endfacet
  facet normal 0 -1 0
    outer loop
      vertex -30.9 19.6 -61.9
      vertex -24.9796 19.6 -68.125
      vertex -24.5618 19.6 -67.4996
    endloop
  endfacet
  facet normal 0 -1 0
    outer loop
      vertex -30.9 19.6 -61.9
      vertex -25.3123 19.6 -68.7996
      vertex -24.9796 19.6 -68.125
    endloop
  endfacet
  facet normal 0 -1 0
    outer loop
      vertex -30.9 19.6 -61.9
      vertex -25.5541 19.6 -69.5118
      vertex -25.3123 19.6 -68.7996
    endloop
  endfacet
  facet normal 0 -1 0
    outer loop
      vertex -30.9 19.6 -61.9
      vertex -25.7008 19.6 -70.2495
      vertex -25.5541 19.6 -69.5118
    endloop
  endfacet
  facet normal 0 -1 0
    outer loop
      vertex -30.9 19.6 -61.9
      vertex -25.75 19.6 -71
      vertex -25.7008 19.6 -70.2495
    endloop
  endfacet
  facet normal 0 -1 0
    outer loop
      vertex -30.9 19.6 -61.9
      vertex -25.7008 19.6 -71.7505
      vertex -25.75 19.6 -71
    endloop
  endfacet
  facet normal 0 -1 0
    outer loop
      vertex -34 19.6 -84
      vertex -25.7008 19.6 -71.7505
      vertex -30.9 19.6 -61.9
    endloop
  endfacet
  facet normal 0 -1 -0
    outer loop
      vertex -25.7008 19.6 -71.7505
      vertex -34 19.6 -84
      vertex -25.5541 19.6 -72.4882
    endloop
  endfacet
  facet normal 0 -1 -0
    outer loop
      vertex -25.5541 19.6 -72.4882
      vertex -34 19.6 -84
      vertex -25.3123 19.6 -73.2004
    endloop
  endfacet
  facet normal 0 -1 0
    outer loop
      vertex -34 19.6 -84
      vertex -26 19.6 -92
      vertex -22.2004 19.6 -76.3123
    endloop
  endfacet
  facet normal 0 -1 0
    outer loop
      vertex -26 19.6 -92
      vertex -34 19.6 -84
      vertex -29.0615 19.6 -91.391
    endloop
  endfacet
  facet normal 0 -1 0
    outer loop
      vertex -29.0615 19.6 -91.391
      vertex -34 19.6 -84
      vertex -30 19.6 -90.9282
    endloop
  endfacet
  facet normal 0 -1 -0
    outer loop
      vertex -22.875 19.6 -75.9796
      vertex -34 19.6 -84
      vertex -22.2004 19.6 -76.3123
    endloop
  endfacet
  facet normal 0 -1 -0
    outer loop
      vertex -23.5004 19.6 -75.5618
      vertex -34 19.6 -84
      vertex -22.875 19.6 -75.9796
    endloop
  endfacet
  facet normal 0 -1 -0
    outer loop
      vertex -24.0659 19.6 -75.0659
      vertex -34 19.6 -84
      vertex -23.5004 19.6 -75.5618
    endloop
  endfacet
  facet normal 0 -1 -0
    outer loop
      vertex -24.5618 19.6 -74.5004
      vertex -34 19.6 -84
      vertex -24.0659 19.6 -75.0659
    endloop
  endfacet
  facet normal 0 -1 -0
    outer loop
      vertex -24.9796 19.6 -73.875
      vertex -34 19.6 -84
      vertex -24.5618 19.6 -74.5004
    endloop
  endfacet
  facet normal 0 -1 -0
    outer loop
      vertex -25.3123 19.6 -73.2004
      vertex -34 19.6 -84
      vertex -24.9796 19.6 -73.875
    endloop
  endfacet
  facet normal 0 -1 -0
    outer loop
      vertex -31.9 19.6 -41.5
      vertex -34 19.6 -84
      vertex -30.9 19.6 -61.9
    endloop
  endfacet
  facet normal 0 -1 -0
    outer loop
      vertex -31.9 19.6 -34.5
      vertex -34 19.6 -84
      vertex -31.9 19.6 -41.5
    endloop
  endfacet
  facet normal 0 -1 -0
    outer loop
      vertex 33.391 19.6 87.0615
      vertex 24 19.6 83.2
      vertex 33.7274 19.6 86.0706
    endloop
  endfacet
  facet normal 0 -1 -0
    outer loop
      vertex 33.7274 19.6 86.0706
      vertex 24 19.6 83.2
      vertex 33.9316 19.6 85.0442
    endloop
  endfacet
  facet normal 0 -1 -0
    outer loop
      vertex 33.9316 19.6 85.0442
      vertex 24 19.6 83.2
      vertex 34 19.6 84
    endloop
  endfacet
  facet normal 0 -1 0
    outer loop
      vertex 24 19.6 80.8
      vertex 34 19.6 84
      vertex 24 19.6 83.2
    endloop
  endfacet
  facet normal 0 -1 0
    outer loop
      vertex 0.970571 19.6 68.6222
      vertex 16 19.6 80.8
      vertex 0.489472 19.6 68.7179
    endloop
  endfacet
  facet normal 0 -1 0
    outer loop
      vertex 1.43506 19.6 68.4645
      vertex 16 19.6 80.8
      vertex 0.970571 19.6 68.6222
    endloop
  endfacet
  facet normal 0 -1 0
    outer loop
      vertex 1.875 19.6 68.2476
      vertex 16 19.6 80.8
      vertex 1.43506 19.6 68.4645
    endloop
  endfacet
  facet normal 0 -1 0
    outer loop
      vertex 2.28286 19.6 67.9751
      vertex 16 19.6 80.8
      vertex 1.875 19.6 68.2476
    endloop
  endfacet
  facet normal 0 -1 0
    outer loop
      vertex 2.65165 19.6 67.6516
      vertex 16 19.6 80.8
      vertex 2.28286 19.6 67.9751
    endloop
  endfacet
  facet normal 0 -1 0
    outer loop
      vertex 2.97507 19.6 67.2829
      vertex 16 19.6 80.8
      vertex 2.65165 19.6 67.6516
    endloop
  endfacet
  facet normal 0 -1 0
    outer loop
      vertex 3.24759 19.6 66.875
      vertex 16 19.6 80.8
      vertex 2.97507 19.6 67.2829
    endloop
  endfacet
  facet normal 0 -1 0
    outer loop
      vertex 3.46455 19.6 66.4351
      vertex 16 19.6 80.8
      vertex 3.24759 19.6 66.875
    endloop
  endfacet
  facet normal 0 -1 0
    outer loop
      vertex 3.62222 19.6 65.9706
      vertex 16 19.6 80.8
      vertex 3.46455 19.6 66.4351
    endloop
  endfacet
  facet normal 0 -1 0
    outer loop
      vertex 3.71792 19.6 65.4895
      vertex 16 19.6 80.8
      vertex 3.62222 19.6 65.9706
    endloop
  endfacet
  facet normal 0 -1 0
    outer loop
      vertex 3.75 19.6 65
      vertex 16 19.6 80.8
      vertex 3.71792 19.6 65.4895
    endloop
  endfacet
  facet normal 0 -1 -0
    outer loop
      vertex 16 19.6 80.8
      vertex 3.75 19.6 65
      vertex 24 19.6 80.8
    endloop
  endfacet
  facet normal 0 -1 0
    outer loop
      vertex 3.71792 19.6 64.5105
      vertex 24 19.6 80.8
      vertex 3.75 19.6 65
    endloop
  endfacet
  facet normal 0 -1 0
    outer loop
      vertex 3.62222 19.6 64.0294
      vertex 24 19.6 80.8
      vertex 3.71792 19.6 64.5105
    endloop
  endfacet
  facet normal 0 -1 0
    outer loop
      vertex 26.1 19.6 31.5
      vertex 24 19.6 80.8
      vertex 3.62222 19.6 64.0294
    endloop
  endfacet
  facet normal 0 -1 0
    outer loop
      vertex 2.18118 19.6 55.2872
      vertex 3.62222 19.6 64.0294
      vertex 2.12504 19.6 59.4306
    endloop
  endfacet
  facet normal 0 -1 0
    outer loop
      vertex 2.12504 19.6 55.5694
      vertex 2.12504 19.6 59.4306
      vertex 2.03253 19.6 59.1581
    endloop
  endfacet
  facet normal 0 -1 0
    outer loop
      vertex 2.03253 19.6 55.8419
      vertex 2.03253 19.6 59.1581
      vertex 1.90526 19.6 58.9
    endloop
  endfacet
  facet normal 0 -1 0
    outer loop
      vertex 1.90526 19.6 56.1
      vertex 1.90526 19.6 58.9
      vertex 1.74538 19.6 58.6607
    endloop
  endfacet
  facet normal 0 -1 0
    outer loop
      vertex 1.74538 19.6 56.3393
      vertex 1.74538 19.6 58.6607
      vertex 1.55563 19.6 58.4444
    endloop
  endfacet
  facet normal 0 -1 0
    outer loop
      vertex 1.55563 19.6 56.5556
      vertex 1.55563 19.6 58.4444
      vertex 1.33927 19.6 58.2546
    endloop
  endfacet
  facet normal 0 -1 0
    outer loop
      vertex 0 19.6 57.2
      vertex 0.287157 19.6 57.8188
      vertex 0 19.6 57.8
    endloop
  endfacet
  facet normal 0 -1 0
    outer loop
      vertex 0.287157 19.6 57.1812
      vertex 0.287157 19.6 57.8188
      vertex 0 19.6 57.2
    endloop
  endfacet
  facet normal 0 -1 0
    outer loop
      vertex 0.287157 19.6 57.8188
      vertex 0.287157 19.6 57.1812
      vertex 0.569402 19.6 57.875
    endloop
  endfacet
  facet normal 0 -1 0
    outer loop
      vertex 0.569402 19.6 57.125
      vertex 0.569402 19.6 57.875
      vertex 0.287157 19.6 57.1812
    endloop
  endfacet
  facet normal 0 -1 0
    outer loop
      vertex 0.569402 19.6 57.875
      vertex 0.569402 19.6 57.125
      vertex 0.841903 19.6 57.9675
    endloop
  endfacet
  facet normal 0 -1 0
    outer loop
      vertex 0.841903 19.6 57.0325
      vertex 0.841903 19.6 57.9675
      vertex 0.569402 19.6 57.125
    endloop
  endfacet
  facet normal 0 -1 0
    outer loop
      vertex 0.841903 19.6 57.9675
      vertex 0.841903 19.6 57.0325
      vertex 1.1 19.6 58.0947
    endloop
  endfacet
  facet normal 0 -1 0
    outer loop
      vertex 1.1 19.6 56.9053
      vertex 1.1 19.6 58.0947
      vertex 0.841903 19.6 57.0325
    endloop
  endfacet
  facet normal 0 -1 0
    outer loop
      vertex 1.1 19.6 58.0947
      vertex 1.1 19.6 56.9053
      vertex 1.33927 19.6 58.2546
    endloop
  endfacet
  facet normal 0 -1 0
    outer loop
      vertex 1.33927 19.6 56.7454
      vertex 1.33927 19.6 58.2546
      vertex 1.1 19.6 56.9053
    endloop
  endfacet
  facet normal 0 -1 0
    outer loop
      vertex 1.55563 19.6 56.5556
      vertex 1.33927 19.6 58.2546
      vertex 1.33927 19.6 56.7454
    endloop
  endfacet
  facet normal 0 -1 0
    outer loop
      vertex 1.55563 19.6 58.4444
      vertex 1.55563 19.6 56.5556
      vertex 1.74538 19.6 56.3393
    endloop
  endfacet
  facet normal 0 -1 0
    outer loop
      vertex 1.74538 19.6 58.6607
      vertex 1.74538 19.6 56.3393
      vertex 1.90526 19.6 56.1
    endloop
  endfacet
  facet normal 0 -1 0
    outer loop
      vertex 1.90526 19.6 58.9
      vertex 1.90526 19.6 56.1
      vertex 2.03253 19.6 55.8419
    endloop
  endfacet
  facet normal 0 -1 0
    outer loop
      vertex 2.03253 19.6 59.1581
      vertex 2.03253 19.6 55.8419
      vertex 2.12504 19.6 55.5694
    endloop
  endfacet
  facet normal 0 -1 0
    outer loop
      vertex 2.12504 19.6 59.4306
      vertex 2.12504 19.6 55.5694
      vertex 2.18118 19.6 55.2872
    endloop
  endfacet
  facet normal 0 -1 0
    outer loop
      vertex 2.2 19.6 55
      vertex 3.62222 19.6 64.0294
      vertex 2.18118 19.6 55.2872
    endloop
  endfacet
  facet normal 0 -1 -0
    outer loop
      vertex 3.62222 19.6 64.0294
      vertex 2.2 19.6 55
      vertex 26.1 19.6 31.5
    endloop
  endfacet
  facet normal 0 -1 0
    outer loop
      vertex 26.1 19.6 31.5
      vertex 2.2 19.6 55
      vertex 2.18118 19.6 54.7128
    endloop
  endfacet
  facet normal 0 -1 0
    outer loop
      vertex 26.1 19.6 31.5
      vertex 2.18118 19.6 54.7128
      vertex 2.12504 19.6 54.4306
    endloop
  endfacet
  facet normal 0 -1 0
    outer loop
      vertex 1.93185 19.6 43.5176
      vertex 2.12504 19.6 54.4306
      vertex 2.03253 19.6 54.1581
    endloop
  endfacet
  facet normal 0 -1 0
    outer loop
      vertex 1.84776 19.6 43.7654
      vertex 2.03253 19.6 54.1581
      vertex 1.90526 19.6 53.9
    endloop
  endfacet
  facet normal 0 -1 0
    outer loop
      vertex 1.73205 19.6 44
      vertex 1.90526 19.6 53.9
      vertex 1.74538 19.6 53.6607
    endloop
  endfacet
  facet normal 0 -1 0
    outer loop
      vertex 1.58671 19.6 44.2175
      vertex 1.74538 19.6 53.6607
      vertex 1.55563 19.6 53.4444
    endloop
  endfacet
  facet normal 0 -1 0
    outer loop
      vertex 0 19.6 45
      vertex 0.287157 19.6 52.8188
      vertex 0 19.6 52.8
    endloop
  endfacet
  facet normal 0 -1 0
    outer loop
      vertex 0.261052 19.6 44.9829
      vertex 0.287157 19.6 52.8188
      vertex 0 19.6 45
    endloop
  endfacet
  facet normal 0 -1 -0
    outer loop
      vertex 0.287157 19.6 52.8188
      vertex 0.261052 19.6 44.9829
      vertex 0.569402 19.6 52.875
    endloop
  endfacet
  facet normal 0 -1 0
    outer loop
      vertex 0.517637 19.6 44.9319
      vertex 0.569402 19.6 52.875
      vertex 0.261052 19.6 44.9829
    endloop
  endfacet
  facet normal 0 -1 0
    outer loop
      vertex 0.765367 19.6 44.8478
      vertex 0.569402 19.6 52.875
      vertex 0.517637 19.6 44.9319
    endloop
  endfacet
  facet normal 0 -1 0
    outer loop
      vertex 0.569402 19.6 52.875
      vertex 0.765367 19.6 44.8478
      vertex 0.841903 19.6 52.9675
    endloop
  endfacet
  facet normal 0 -1 0
    outer loop
      vertex 1 19.6 44.732
      vertex 0.841903 19.6 52.9675
      vertex 0.765367 19.6 44.8478
    endloop
  endfacet
  facet normal 0 -1 0
    outer loop
      vertex 0.841903 19.6 52.9675
      vertex 1 19.6 44.732
      vertex 1.1 19.6 53.0947
    endloop
  endfacet
  facet normal 0 -1 0
    outer loop
      vertex 1.21752 19.6 44.5867
      vertex 1.1 19.6 53.0947
      vertex 1 19.6 44.732
    endloop
  endfacet
  facet normal 0 -1 0
    outer loop
      vertex 1.1 19.6 53.0947
      vertex 1.21752 19.6 44.5867
      vertex 1.33927 19.6 53.2546
    endloop
  endfacet
  facet normal 0 -1 0
    outer loop
      vertex 1.41421 19.6 44.4142
      vertex 1.33927 19.6 53.2546
      vertex 1.21752 19.6 44.5867
    endloop
  endfacet
  facet normal 0 -1 0
    outer loop
      vertex 1.33927 19.6 53.2546
      vertex 1.41421 19.6 44.4142
      vertex 1.55563 19.6 53.4444
    endloop
  endfacet
  facet normal 0 -1 0
    outer loop
      vertex 1.58671 19.6 44.2175
      vertex 1.55563 19.6 53.4444
      vertex 1.41421 19.6 44.4142
    endloop
  endfacet
  facet normal 0 -1 0
    outer loop
      vertex 1.74538 19.6 53.6607
      vertex 1.58671 19.6 44.2175
      vertex 1.73205 19.6 44
    endloop
  endfacet
  facet normal 0 -1 0
    outer loop
      vertex 1.90526 19.6 53.9
      vertex 1.73205 19.6 44
      vertex 1.84776 19.6 43.7654
    endloop
  endfacet
  facet normal 0 -1 0
    outer loop
      vertex 2.03253 19.6 54.1581
      vertex 1.84776 19.6 43.7654
      vertex 1.93185 19.6 43.5176
    endloop
  endfacet
  facet normal 0 -1 -0
    outer loop
      vertex 2.12504 19.6 54.4306
      vertex 1.93185 19.6 43.5176
      vertex 26.1 19.6 31.5
    endloop
  endfacet
  facet normal 0 -1 0
    outer loop
      vertex 26.1 19.6 31.5
      vertex 1.93185 19.6 43.5176
      vertex 1.98289 19.6 43.2611
    endloop
  endfacet
  facet normal 0 -1 0
    outer loop
      vertex 26.1 19.6 31.5
      vertex 1.98289 19.6 43.2611
      vertex 2 19.6 43
    endloop
  endfacet
  facet normal 0 -1 0
    outer loop
      vertex 26.1 19.6 31.5
      vertex 2 19.6 43
      vertex 1.98289 19.6 42.7389
    endloop
  endfacet
  facet normal 0 -1 0
    outer loop
      vertex 26.1 19.6 31.5
      vertex 1.98289 19.6 42.7389
      vertex 1.93185 19.6 42.4824
    endloop
  endfacet
  facet normal 0 -1 0
    outer loop
      vertex 26.1 19.6 31.5
      vertex 1.93185 19.6 42.4824
      vertex 1.84776 19.6 42.2346
    endloop
  endfacet
  facet normal 0 -1 0
    outer loop
      vertex 26.1 19.6 31.5
      vertex 1.84776 19.6 42.2346
      vertex 1.73205 19.6 42
    endloop
  endfacet
  facet normal 0 -1 0
    outer loop
      vertex 26.1 19.6 31.5
      vertex 1.73205 19.6 42
      vertex 1.58671 19.6 41.7825
    endloop
  endfacet
  facet normal 0 -1 -0
    outer loop
      vertex -0.765367 19.6 41.1522
      vertex -15.4 19.6 30
      vertex -0.517637 19.6 41.0681
    endloop
  endfacet
  facet normal 0 -1 -0
    outer loop
      vertex -0.517637 19.6 41.0681
      vertex -15.4 19.6 30
      vertex -0.261052 19.6 41.0171
    endloop
  endfacet
  facet normal 0 -1 -0
    outer loop
      vertex -0.261052 19.6 41.0171
      vertex -15.4 19.6 30
      vertex 0 19.6 41
    endloop
  endfacet
  facet normal 0 -1 0
    outer loop
      vertex 0.261052 19.6 41.0171
      vertex 26.1 19.6 31.5
      vertex 0.517637 19.6 41.0681
    endloop
  endfacet
  facet normal 0 -1 0
    outer loop
      vertex 0.517637 19.6 41.0681
      vertex 26.1 19.6 31.5
      vertex 0.765367 19.6 41.1522
    endloop
  endfacet
  facet normal 0 -1 0
    outer loop
      vertex 26.1 19.6 31.5
      vertex 1 19.6 41.2679
      vertex 0.765367 19.6 41.1522
    endloop
  endfacet
  facet normal 0 -1 0
    outer loop
      vertex 26.1 19.6 31.5
      vertex 1.21752 19.6 41.4133
      vertex 1 19.6 41.2679
    endloop
  endfacet
  facet normal 0 -1 0
    outer loop
      vertex 26.1 19.6 31.5
      vertex 1.41421 19.6 41.5858
      vertex 1.21752 19.6 41.4133
    endloop
  endfacet
  facet normal 0 -1 0
    outer loop
      vertex 26.1 19.6 31.5
      vertex 1.58671 19.6 41.7825
      vertex 1.41421 19.6 41.5858
    endloop
  endfacet
  facet normal 0 -1 0
    outer loop
      vertex 24 19.6 80.8
      vertex 26.1 19.6 31.5
      vertex 31.9 19.6 31.5
    endloop
  endfacet
  facet normal 0 -1 0
    outer loop
      vertex 24 19.6 80.8
      vertex 31.9 19.6 31.5
      vertex 34 19.6 84
    endloop
  endfacet
  facet normal 0 -1 0
    outer loop
      vertex 31.9 19.6 24.5
      vertex 34 19.6 84
      vertex 31.9 19.6 31.5
    endloop
  endfacet
  facet normal 0 -1 0
    outer loop
      vertex 31.9 19.6 19.5
      vertex 31.9 19.6 24.5
      vertex 26.1 19.6 19.5
    endloop
  endfacet
  facet normal 0 -1 0
    outer loop
      vertex 31.9 19.6 19.5
      vertex 34 19.6 84
      vertex 31.9 19.6 24.5
    endloop
  endfacet
  facet normal 0 -1 0
    outer loop
      vertex 31.9 19.6 12.5
      vertex 34 19.6 84
      vertex 31.9 19.6 19.5
    endloop
  endfacet
  facet normal 0 -1 0
    outer loop
      vertex 31.9 19.6 1.5
      vertex 31.9 19.6 12.5
      vertex 26.1 19.6 1.5
    endloop
  endfacet
  facet normal 0 -1 0
    outer loop
      vertex 31.9 19.6 1.5
      vertex 34 19.6 84
      vertex 31.9 19.6 12.5
    endloop
  endfacet
  facet normal 0 -1 0
    outer loop
      vertex 31.9 19.6 -5.5
      vertex 34 19.6 84
      vertex 31.9 19.6 1.5
    endloop
  endfacet
  facet normal 0 -1 0
    outer loop
      vertex 31.9 19.6 -16.5
      vertex 31.9 19.6 -5.5
      vertex 26.1 19.6 -16.5
    endloop
  endfacet
  facet normal 0 -1 0
    outer loop
      vertex 31.9 19.6 -16.5
      vertex 34 19.6 84
      vertex 31.9 19.6 -5.5
    endloop
  endfacet
  facet normal 0 -1 0
    outer loop
      vertex 34 19.6 -84
      vertex 31.9 19.6 -16.5
      vertex 31.9 19.6 -23.5
    endloop
  endfacet
  facet normal 0 -1 0
    outer loop
      vertex 31.9 19.6 -34.5
      vertex 31.9 19.6 -23.5
      vertex 26.1 19.6 -34.5
    endloop
  endfacet
  facet normal 0 -1 0
    outer loop
      vertex 34 19.6 -84
      vertex 31.9 19.6 -23.5
      vertex 31.9 19.6 -34.5
    endloop
  endfacet
  facet normal 0 -1 0
    outer loop
      vertex 34 19.6 -84
      vertex 31.9 19.6 -34.5
      vertex 31.9 19.6 -41.5
    endloop
  endfacet
  facet normal 0 -1 0
    outer loop
      vertex -26.1 19.6 -41.5
      vertex -13.1 19.6 -52.1
      vertex -8.9 19.6 -52.1
    endloop
  endfacet
  facet normal 0 -1 0
    outer loop
      vertex 8.9 19.6 -52.1
      vertex 26.1 19.6 -41.5
      vertex -8.9 19.6 -52.1
    endloop
  endfacet
  facet normal 0 -1 0
    outer loop
      vertex 13.1 19.6 -52.1
      vertex 26.1 19.6 -41.5
      vertex 8.9 19.6 -52.1
    endloop
  endfacet
  facet normal 0 -1 0
    outer loop
      vertex 30.9 19.6 -52.1
      vertex 26.1 19.6 -41.5
      vertex 13.1 19.6 -52.1
    endloop
  endfacet
  facet normal 0 -1 0
    outer loop
      vertex 26.1 19.6 -41.5
      vertex 30.9 19.6 -52.1
      vertex 31.9 19.6 -41.5
    endloop
  endfacet
  facet normal 0 -1 0
    outer loop
      vertex 30.9 19.6 -61.9
      vertex 31.9 19.6 -41.5
      vertex 30.9 19.6 -52.1
    endloop
  endfacet
  facet normal 0 -1 0
    outer loop
      vertex 20.7505 19.6 -65.2992
      vertex 13.1 19.6 -61.9
      vertex 20 19.6 -65.25
    endloop
  endfacet
  facet normal 0 -1 0
    outer loop
      vertex 13.1 19.6 -61.9
      vertex 20.7505 19.6 -65.2992
      vertex 30.9 19.6 -61.9
    endloop
  endfacet
  facet normal 0 -1 0
    outer loop
      vertex 21.4882 19.6 -65.4459
      vertex 30.9 19.6 -61.9
      vertex 20.7505 19.6 -65.2992
    endloop
  endfacet
  facet normal 0 -1 0
    outer loop
      vertex 22.2004 19.6 -65.6877
      vertex 30.9 19.6 -61.9
      vertex 21.4882 19.6 -65.4459
    endloop
  endfacet
  facet normal 0 -1 0
    outer loop
      vertex 22.875 19.6 -66.0204
      vertex 30.9 19.6 -61.9
      vertex 22.2004 19.6 -65.6877
    endloop
  endfacet
  facet normal 0 -1 0
    outer loop
      vertex 23.5004 19.6 -66.4382
      vertex 30.9 19.6 -61.9
      vertex 22.875 19.6 -66.0204
    endloop
  endfacet
  facet normal 0 -1 0
    outer loop
      vertex 24.0659 19.6 -66.9341
      vertex 30.9 19.6 -61.9
      vertex 23.5004 19.6 -66.4382
    endloop
  endfacet
  facet normal 0 -1 0
    outer loop
      vertex 24.5618 19.6 -67.4996
      vertex 30.9 19.6 -61.9
      vertex 24.0659 19.6 -66.9341
    endloop
  endfacet
  facet normal 0 -1 0
    outer loop
      vertex 24.9796 19.6 -68.125
      vertex 30.9 19.6 -61.9
      vertex 24.5618 19.6 -67.4996
    endloop
  endfacet
  facet normal 0 -1 0
    outer loop
      vertex 25.3123 19.6 -68.7996
      vertex 30.9 19.6 -61.9
      vertex 24.9796 19.6 -68.125
    endloop
  endfacet
  facet normal 0 -1 0
    outer loop
      vertex 25.5541 19.6 -69.5118
      vertex 30.9 19.6 -61.9
      vertex 25.3123 19.6 -68.7996
    endloop
  endfacet
  facet normal 0 -1 0
    outer loop
      vertex 25.7008 19.6 -70.2495
      vertex 30.9 19.6 -61.9
      vertex 25.5541 19.6 -69.5118
    endloop
  endfacet
  facet normal 0 -1 0
    outer loop
      vertex 25.75 19.6 -71
      vertex 30.9 19.6 -61.9
      vertex 25.7008 19.6 -70.2495
    endloop
  endfacet
  facet normal 0 -1 0
    outer loop
      vertex 25.7008 19.6 -71.7505
      vertex 30.9 19.6 -61.9
      vertex 25.75 19.6 -71
    endloop
  endfacet
  facet normal 0 -1 0
    outer loop
      vertex 34 19.6 -84
      vertex 25.7008 19.6 -71.7505
      vertex 25.5541 19.6 -72.4882
    endloop
  endfacet
  facet normal 0 -1 0
    outer loop
      vertex 34 19.6 -84
      vertex 25.5541 19.6 -72.4882
      vertex 25.3123 19.6 -73.2004
    endloop
  endfacet
  facet normal 0 -1 0
    outer loop
      vertex 34 19.6 -84
      vertex 25.3123 19.6 -73.2004
      vertex 24.9796 19.6 -73.875
    endloop
  endfacet
  facet normal 0 -1 0
    outer loop
      vertex 31.9 19.6 -16.5
      vertex 34 19.6 -84
      vertex 34 19.6 84
    endloop
  endfacet
  facet normal 0 -1 0
    outer loop
      vertex 30.9 19.6 -61.9
      vertex 34 19.6 -84
      vertex 31.9 19.6 -41.5
    endloop
  endfacet
  facet normal 0 -1 0
    outer loop
      vertex 25.7008 19.6 -71.7505
      vertex 34 19.6 -84
      vertex 30.9 19.6 -61.9
    endloop
  endfacet
  facet normal 0 -1 0
    outer loop
      vertex 24.5618 19.6 -74.5004
      vertex 34 19.6 -84
      vertex 24.9796 19.6 -73.875
    endloop
  endfacet
  facet normal 0 -1 0
    outer loop
      vertex 24.0659 19.6 -75.0659
      vertex 34 19.6 -84
      vertex 24.5618 19.6 -74.5004
    endloop
  endfacet
  facet normal 0 -1 0
    outer loop
      vertex 23.5004 19.6 -75.5618
      vertex 34 19.6 -84
      vertex 24.0659 19.6 -75.0659
    endloop
  endfacet
  facet normal 0 -1 0
    outer loop
      vertex 22.875 19.6 -75.9796
      vertex 34 19.6 -84
      vertex 23.5004 19.6 -75.5618
    endloop
  endfacet
  facet normal 0 -1 0
    outer loop
      vertex 22.2004 19.6 -76.3123
      vertex 34 19.6 -84
      vertex 22.875 19.6 -75.9796
    endloop
  endfacet
  facet normal 0 -1 0
    outer loop
      vertex 21.4882 19.6 -76.5541
      vertex 34 19.6 -84
      vertex 22.2004 19.6 -76.3123
    endloop
  endfacet
  facet normal 0 -1 0
    outer loop
      vertex 20.7505 19.6 -76.7008
      vertex 34 19.6 -84
      vertex 21.4882 19.6 -76.5541
    endloop
  endfacet
  facet normal 0 -1 0
    outer loop
      vertex 34 19.6 -84
      vertex 20.7505 19.6 -76.7008
      vertex 20 19.6 -76.75
    endloop
  endfacet
  facet normal 0 -1 0
    outer loop
      vertex 0 19.6 41
      vertex 15.4 19.6 30
      vertex 0.261052 19.6 41.0171
    endloop
  endfacet
  facet normal 0 -1 0
    outer loop
      vertex 18.6 19.6 30
      vertex 0.261052 19.6 41.0171
      vertex 15.4 19.6 30
    endloop
  endfacet
  facet normal 0 -1 0
    outer loop
      vertex 0.261052 19.6 41.0171
      vertex 18.6 19.6 30
      vertex 26.1 19.6 31.5
    endloop
  endfacet
  facet normal 0 -1 0
    outer loop
      vertex 18.6 19.6 30
      vertex 26.1 19.6 24.5
      vertex 26.1 19.6 31.5
    endloop
  endfacet
  facet normal 0 -1 0
    outer loop
      vertex 26.1 19.6 24.5
      vertex 26.1 19.6 19.5
      vertex 31.9 19.6 24.5
    endloop
  endfacet
  facet normal 0 -1 0
    outer loop
      vertex 18.6 19.6 30
      vertex 26.1 19.6 19.5
      vertex 26.1 19.6 24.5
    endloop
  endfacet
  facet normal 0 -1 0
    outer loop
      vertex 18.6 19.6 30
      vertex 26.1 19.6 12.5
      vertex 26.1 19.6 19.5
    endloop
  endfacet
  facet normal 0 -1 0
    outer loop
      vertex 26.1 19.6 12.5
      vertex 26.1 19.6 1.5
      vertex 31.9 19.6 12.5
    endloop
  endfacet
  facet normal 0 -1 0
    outer loop
      vertex 18.6 19.6 30
      vertex 26.1 19.6 1.5
      vertex 26.1 19.6 12.5
    endloop
  endfacet
  facet normal 0 -1 0
    outer loop
      vertex 18.6 19.6 30
      vertex 26.1 19.6 -5.5
      vertex 26.1 19.6 1.5
    endloop
  endfacet
  facet normal 0 -1 0
    outer loop
      vertex 26.1 19.6 -5.5
      vertex 26.1 19.6 -16.5
      vertex 31.9 19.6 -5.5
    endloop
  endfacet
  facet normal 0 -1 0
    outer loop
      vertex 18.6 19.6 -36
      vertex 26.1 19.6 -5.5
      vertex 18.6 19.6 30
    endloop
  endfacet
  facet normal 0 -1 -0
    outer loop
      vertex 26.1 19.6 -5.5
      vertex 18.6 19.6 -36
      vertex 26.1 19.6 -16.5
    endloop
  endfacet
  facet normal 0 -1 0
    outer loop
      vertex 26.1 19.6 -23.5
      vertex 26.1 19.6 -34.5
      vertex 31.9 19.6 -23.5
    endloop
  endfacet
  facet normal 0 -1 -0
    outer loop
      vertex 26.1 19.6 -16.5
      vertex 18.6 19.6 -36
      vertex 26.1 19.6 -23.5
    endloop
  endfacet
  facet normal 0 -1 -0
    outer loop
      vertex 26.1 19.6 -23.5
      vertex 18.6 19.6 -36
      vertex 26.1 19.6 -34.5
    endloop
  endfacet
  facet normal 0 -1 0
    outer loop
      vertex 18.6 19.6 -36
      vertex 26.1 19.6 -41.5
      vertex 26.1 19.6 -34.5
    endloop
  endfacet
  facet normal 0 -1 0
    outer loop
      vertex 15.5 19.6 -36.5
      vertex 26.1 19.6 -41.5
      vertex 18.6 19.6 -36
    endloop
  endfacet
  facet normal 0 -1 0
    outer loop
      vertex 26.1 19.6 -41.5
      vertex 15.5 19.6 -36.5
      vertex -26.1 19.6 -41.5
    endloop
  endfacet
  facet normal -0.442336 0 -0.89685
    outer loop
      vertex 29.2911 0 91.9454
      vertex 30.3 17.2 91.4478
      vertex 30.3 0 91.4478
    endloop
  endfacet
  facet normal -0.442336 0 -0.89685
    outer loop
      vertex 30.3 17.2 91.4478
      vertex 29.2911 0 91.9454
      vertex 29.2911 17.2 91.9454
    endloop
  endfacet
  facet normal 0 -1 0
    outer loop
      vertex -26 0 92.6
      vertex -26 0 95
      vertex -27.4358 0 94.9059
    endloop
  endfacet
  facet normal 0 -1 0
    outer loop
      vertex -26 0 95
      vertex -26 0 92.6
      vertex 26 0 95
    endloop
  endfacet
  facet normal 0 -1 0
    outer loop
      vertex -27.1225 0 92.5264
      vertex -27.4358 0 94.9059
      vertex -28.847 0 94.6252
    endloop
  endfacet
  facet normal 0 -1 0
    outer loop
      vertex 26 0 92.6
      vertex 26 0 95
      vertex -26 0 92.6
    endloop
  endfacet
  facet normal 0 -1 0
    outer loop
      vertex -28.2258 0 92.307
      vertex -28.847 0 94.6252
      vertex -30.2095 0 94.1627
    endloop
  endfacet
  facet normal 0 -1 0
    outer loop
      vertex 26 0 95
      vertex 26 0 92.6
      vertex 27.4358 0 94.9059
    endloop
  endfacet
  facet normal 0 -1 0
    outer loop
      vertex -29.2911 0 91.9454
      vertex -30.2095 0 94.1627
      vertex -31.5 0 93.5263
    endloop
  endfacet
  facet normal 0 -1 0
    outer loop
      vertex 27.1225 0 92.5264
      vertex 27.4358 0 94.9059
      vertex 26 0 92.6
    endloop
  endfacet
  facet normal 0 -1 0
    outer loop
      vertex -30.3 0 91.4478
      vertex -31.5 0 93.5263
      vertex -32.6964 0 92.7269
    endloop
  endfacet
  facet normal 0 -1 -0
    outer loop
      vertex 27.4358 0 94.9059
      vertex 27.1225 0 92.5264
      vertex 28.847 0 94.6252
    endloop
  endfacet
  facet normal 0 -1 0
    outer loop
      vertex 28.2258 0 92.307
      vertex 28.847 0 94.6252
      vertex 27.1225 0 92.5264
    endloop
  endfacet
  facet normal 0 -1 0
    outer loop
      vertex -27.4358 0 94.9059
      vertex -27.1225 0 92.5264
      vertex -26 0 92.6
    endloop
  endfacet
  facet normal 0 -1 0
    outer loop
      vertex -28.847 0 94.6252
      vertex -28.2258 0 92.307
      vertex -27.1225 0 92.5264
    endloop
  endfacet
  facet normal 0 -1 0
    outer loop
      vertex -30.2095 0 94.1627
      vertex -29.2911 0 91.9454
      vertex -28.2258 0 92.307
    endloop
  endfacet
  facet normal 0 -1 0
    outer loop
      vertex -31.2354 0 90.8228
      vertex -32.6964 0 92.7269
      vertex -33.7782 0 91.7782
    endloop
  endfacet
  facet normal 0 -1 0
    outer loop
      vertex -31.5 0 93.5263
      vertex -30.3 0 91.4478
      vertex -29.2911 0 91.9454
    endloop
  endfacet
  facet normal 0 -1 0
    outer loop
      vertex -32.6964 0 92.7269
      vertex -31.2354 0 90.8228
      vertex -30.3 0 91.4478
    endloop
  endfacet
  facet normal 0 -1 0
    outer loop
      vertex -32.0811 0 90.0811
      vertex -33.7782 0 91.7782
      vertex -34.7269 0 90.6964
    endloop
  endfacet
  facet normal 0 -1 0
    outer loop
      vertex -33.7782 0 91.7782
      vertex -32.0811 0 90.0811
      vertex -31.2354 0 90.8228
    endloop
  endfacet
  facet normal 0 -1 0
    outer loop
      vertex -32.8228 0 89.2354
      vertex -34.7269 0 90.6964
      vertex -35.5263 0 89.5
    endloop
  endfacet
  facet normal 0 -1 0
    outer loop
      vertex -34.7269 0 90.6964
      vertex -32.8228 0 89.2354
      vertex -32.0811 0 90.0811
    endloop
  endfacet
  facet normal 0 -1 0
    outer loop
      vertex -35.5263 0 89.5
      vertex -33.4478 0 88.3
      vertex -32.8228 0 89.2354
    endloop
  endfacet
  facet normal 0 -1 0
    outer loop
      vertex -36.1627 0 88.2095
      vertex -33.4478 0 88.3
      vertex -35.5263 0 89.5
    endloop
  endfacet
  facet normal 0 -1 0
    outer loop
      vertex -36.1627 0 88.2095
      vertex -33.9454 0 87.2911
      vertex -33.4478 0 88.3
    endloop
  endfacet
  facet normal 0 -1 0
    outer loop
      vertex -36.6252 0 86.847
      vertex -33.9454 0 87.2911
      vertex -36.1627 0 88.2095
    endloop
  endfacet
  facet normal 0 -1 0
    outer loop
      vertex -36.6252 0 86.847
      vertex -34.307 0 86.2258
      vertex -33.9454 0 87.2911
    endloop
  endfacet
  facet normal 0 -1 0
    outer loop
      vertex -36.9059 0 85.4358
      vertex -34.307 0 86.2258
      vertex -36.6252 0 86.847
    endloop
  endfacet
  facet normal 0 -1 0
    outer loop
      vertex -36.9059 0 85.4358
      vertex -34.5264 0 85.1225
      vertex -34.307 0 86.2258
    endloop
  endfacet
  facet normal 0 -1 0
    outer loop
      vertex -37 0 84
      vertex -34.5264 0 85.1225
      vertex -36.9059 0 85.4358
    endloop
  endfacet
  facet normal 0 -1 0
    outer loop
      vertex -37 0 84
      vertex -34.6 0 84
      vertex -34.5264 0 85.1225
    endloop
  endfacet
  facet normal 0 -1 0
    outer loop
      vertex -37 0 -84
      vertex -34.6 0 84
      vertex -37 0 84
    endloop
  endfacet
  facet normal 0 -1 0
    outer loop
      vertex -37 0 -84
      vertex -34.6 0 -84
      vertex -34.6 0 84
    endloop
  endfacet
  facet normal 0 -1 0
    outer loop
      vertex -37 0 -84
      vertex -34.5264 0 -85.1225
      vertex -34.6 0 -84
    endloop
  endfacet
  facet normal 0 -1 0
    outer loop
      vertex -36.9059 0 -85.4358
      vertex -34.5264 0 -85.1225
      vertex -37 0 -84
    endloop
  endfacet
  facet normal 0 -1 0
    outer loop
      vertex -36.9059 0 -85.4358
      vertex -34.307 0 -86.2258
      vertex -34.5264 0 -85.1225
    endloop
  endfacet
  facet normal 0 -1 0
    outer loop
      vertex -36.6252 0 -86.847
      vertex -34.307 0 -86.2258
      vertex -36.9059 0 -85.4358
    endloop
  endfacet
  facet normal 0 -1 0
    outer loop
      vertex -36.6252 0 -86.847
      vertex -33.9454 0 -87.2911
      vertex -34.307 0 -86.2258
    endloop
  endfacet
  facet normal 0 -1 0
    outer loop
      vertex -36.1627 0 -88.2095
      vertex -33.9454 0 -87.2911
      vertex -36.6252 0 -86.847
    endloop
  endfacet
  facet normal 0 -1 0
    outer loop
      vertex -36.1627 0 -88.2095
      vertex -33.4478 0 -88.3
      vertex -33.9454 0 -87.2911
    endloop
  endfacet
  facet normal 0 -1 0
    outer loop
      vertex -35.5263 0 -89.5
      vertex -33.4478 0 -88.3
      vertex -36.1627 0 -88.2095
    endloop
  endfacet
  facet normal 0 -1 -0
    outer loop
      vertex -33.4478 0 -88.3
      vertex -35.5263 0 -89.5
      vertex -32.8228 0 -89.2354
    endloop
  endfacet
  facet normal 0 -1 0
    outer loop
      vertex -34.7269 0 -90.6964
      vertex -32.8228 0 -89.2354
      vertex -35.5263 0 -89.5
    endloop
  endfacet
  facet normal 0 -1 -0
    outer loop
      vertex -32.8228 0 -89.2354
      vertex -34.7269 0 -90.6964
      vertex -32.0811 0 -90.0811
    endloop
  endfacet
  facet normal 0 -1 0
    outer loop
      vertex -33.7782 0 -91.7782
      vertex -32.0811 0 -90.0811
      vertex -34.7269 0 -90.6964
    endloop
  endfacet
  facet normal 0 -1 -0
    outer loop
      vertex -32.0811 0 -90.0811
      vertex -33.7782 0 -91.7782
      vertex -31.2354 0 -90.8228
    endloop
  endfacet
  facet normal 0 -1 0
    outer loop
      vertex -32.6964 0 -92.7269
      vertex -31.2354 0 -90.8228
      vertex -33.7782 0 -91.7782
    endloop
  endfacet
  facet normal 0 -1 -0
    outer loop
      vertex -31.2354 0 -90.8228
      vertex -32.6964 0 -92.7269
      vertex -30.3 0 -91.4478
    endloop
  endfacet
  facet normal 0 -1 0
    outer loop
      vertex -31.5 0 -93.5263
      vertex -30.3 0 -91.4478
      vertex -32.6964 0 -92.7269
    endloop
  endfacet
  facet normal 0 -1 -0
    outer loop
      vertex -30.3 0 -91.4478
      vertex -31.5 0 -93.5263
      vertex -29.2911 0 -91.9454
    endloop
  endfacet
  facet normal 0 -1 0
    outer loop
      vertex -28.847 0 -94.6252
      vertex -28.2258 0 -92.307
      vertex -30.2095 0 -94.1627
    endloop
  endfacet
  facet normal 0 -1 -0
    outer loop
      vertex -29.2911 0 -91.9454
      vertex -30.2095 0 -94.1627
      vertex -28.2258 0 -92.307
    endloop
  endfacet
  facet normal 0 -1 0
    outer loop
      vertex -30.2095 0 -94.1627
      vertex -29.2911 0 -91.9454
      vertex -31.5 0 -93.5263
    endloop
  endfacet
  facet normal 0 -1 -0
    outer loop
      vertex 28.847 0 94.6252
      vertex 28.2258 0 92.307
      vertex 30.2095 0 94.1627
    endloop
  endfacet
  facet normal 0 -1 0
    outer loop
      vertex 29.2911 0 91.9454
      vertex 30.2095 0 94.1627
      vertex 28.2258 0 92.307
    endloop
  endfacet
  facet normal 0 -1 -0
    outer loop
      vertex 30.2095 0 94.1627
      vertex 29.2911 0 91.9454
      vertex 31.5 0 93.5263
    endloop
  endfacet
  facet normal 0 -1 0
    outer loop
      vertex 30.3 0 91.4478
      vertex 31.5 0 93.5263
      vertex 29.2911 0 91.9454
    endloop
  endfacet
  facet normal 0 -1 -0
    outer loop
      vertex 31.5 0 93.5263
      vertex 30.3 0 91.4478
      vertex 32.6964 0 92.7269
    endloop
  endfacet
  facet normal 0 -1 0
    outer loop
      vertex 31.2354 0 90.8228
      vertex 32.6964 0 92.7269
      vertex 30.3 0 91.4478
    endloop
  endfacet
  facet normal 0 -1 -0
    outer loop
      vertex 32.6964 0 92.7269
      vertex 31.2354 0 90.8228
      vertex 33.7782 0 91.7782
    endloop
  endfacet
  facet normal 0 -1 0
    outer loop
      vertex 32.0811 0 90.0811
      vertex 33.7782 0 91.7782
      vertex 31.2354 0 90.8228
    endloop
  endfacet
  facet normal 0 -1 -0
    outer loop
      vertex 33.7782 0 91.7782
      vertex 32.0811 0 90.0811
      vertex 34.7269 0 90.6964
    endloop
  endfacet
  facet normal 0 -1 0
    outer loop
      vertex 32.8228 0 89.2354
      vertex 34.7269 0 90.6964
      vertex 32.0811 0 90.0811
    endloop
  endfacet
  facet normal 0 -1 -0
    outer loop
      vertex 34.7269 0 90.6964
      vertex 32.8228 0 89.2354
      vertex 35.5263 0 89.5
    endloop
  endfacet
  facet normal 0 -1 0
    outer loop
      vertex 33.4478 0 88.3
      vertex 35.5263 0 89.5
      vertex 32.8228 0 89.2354
    endloop
  endfacet
  facet normal 0 -1 0
    outer loop
      vertex 33.4478 0 88.3
      vertex 36.1627 0 88.2095
      vertex 35.5263 0 89.5
    endloop
  endfacet
  facet normal 0 -1 0
    outer loop
      vertex 33.9454 0 87.2911
      vertex 36.1627 0 88.2095
      vertex 33.4478 0 88.3
    endloop
  endfacet
  facet normal 0 -1 0
    outer loop
      vertex 33.9454 0 87.2911
      vertex 36.6252 0 86.847
      vertex 36.1627 0 88.2095
    endloop
  endfacet
  facet normal 0 -1 0
    outer loop
      vertex 34.307 0 86.2258
      vertex 36.6252 0 86.847
      vertex 33.9454 0 87.2911
    endloop
  endfacet
  facet normal 0 -1 0
    outer loop
      vertex 34.307 0 86.2258
      vertex 36.9059 0 85.4358
      vertex 36.6252 0 86.847
    endloop
  endfacet
  facet normal 0 -1 0
    outer loop
      vertex 34.5264 0 85.1225
      vertex 36.9059 0 85.4358
      vertex 34.307 0 86.2258
    endloop
  endfacet
  facet normal 0 -1 0
    outer loop
      vertex 34.6 0 84
      vertex 36.9059 0 85.4358
      vertex 34.5264 0 85.1225
    endloop
  endfacet
  facet normal 0 -1 0
    outer loop
      vertex 34.6 0 84
      vertex 37 0 84
      vertex 36.9059 0 85.4358
    endloop
  endfacet
  facet normal 0 -1 0
    outer loop
      vertex 34.6 0 -84
      vertex 37 0 84
      vertex 34.6 0 84
    endloop
  endfacet
  facet normal 0 -1 0
    outer loop
      vertex 34.6 0 -84
      vertex 37 0 -84
      vertex 37 0 84
    endloop
  endfacet
  facet normal 0 -1 0
    outer loop
      vertex 34.5264 0 -85.1225
      vertex 37 0 -84
      vertex 34.6 0 -84
    endloop
  endfacet
  facet normal 0 -1 0
    outer loop
      vertex 34.5264 0 -85.1225
      vertex 36.9059 0 -85.4358
      vertex 37 0 -84
    endloop
  endfacet
  facet normal 0 -1 0
    outer loop
      vertex 34.307 0 -86.2258
      vertex 36.9059 0 -85.4358
      vertex 34.5264 0 -85.1225
    endloop
  endfacet
  facet normal 0 -1 0
    outer loop
      vertex 34.307 0 -86.2258
      vertex 36.6252 0 -86.847
      vertex 36.9059 0 -85.4358
    endloop
  endfacet
  facet normal 0 -1 0
    outer loop
      vertex 33.9454 0 -87.2911
      vertex 36.6252 0 -86.847
      vertex 34.307 0 -86.2258
    endloop
  endfacet
  facet normal 0 -1 0
    outer loop
      vertex 33.9454 0 -87.2911
      vertex 36.1627 0 -88.2095
      vertex 36.6252 0 -86.847
    endloop
  endfacet
  facet normal 0 -1 0
    outer loop
      vertex 33.4478 0 -88.3
      vertex 36.1627 0 -88.2095
      vertex 33.9454 0 -87.2911
    endloop
  endfacet
  facet normal 0 -1 0
    outer loop
      vertex 35.5263 0 -89.5
      vertex 33.4478 0 -88.3
      vertex 32.8228 0 -89.2354
    endloop
  endfacet
  facet normal 0 -1 0
    outer loop
      vertex 33.4478 0 -88.3
      vertex 35.5263 0 -89.5
      vertex 36.1627 0 -88.2095
    endloop
  endfacet
  facet normal 0 -1 0
    outer loop
      vertex 34.7269 0 -90.6964
      vertex 32.8228 0 -89.2354
      vertex 32.0811 0 -90.0811
    endloop
  endfacet
  facet normal 0 -1 0
    outer loop
      vertex 32.8228 0 -89.2354
      vertex 34.7269 0 -90.6964
      vertex 35.5263 0 -89.5
    endloop
  endfacet
  facet normal 0 -1 0
    outer loop
      vertex 33.7782 0 -91.7782
      vertex 32.0811 0 -90.0811
      vertex 31.2354 0 -90.8228
    endloop
  endfacet
  facet normal 0 -1 0
    outer loop
      vertex 32.6964 0 -92.7269
      vertex 31.2354 0 -90.8228
      vertex 30.3 0 -91.4478
    endloop
  endfacet
  facet normal 0 -1 0
    outer loop
      vertex 32.0811 0 -90.0811
      vertex 33.7782 0 -91.7782
      vertex 34.7269 0 -90.6964
    endloop
  endfacet
  facet normal 0 -1 0
    outer loop
      vertex 31.5 0 -93.5263
      vertex 30.3 0 -91.4478
      vertex 29.2911 0 -91.9454
    endloop
  endfacet
  facet normal 0 -1 0
    outer loop
      vertex 30.2095 0 -94.1627
      vertex 29.2911 0 -91.9454
      vertex 28.2258 0 -92.307
    endloop
  endfacet
  facet normal 0 -1 0
    outer loop
      vertex 28.847 0 -94.6252
      vertex 28.2258 0 -92.307
      vertex 27.1225 0 -92.5264
    endloop
  endfacet
  facet normal 0 -1 0
    outer loop
      vertex 31.2354 0 -90.8228
      vertex 32.6964 0 -92.7269
      vertex 33.7782 0 -91.7782
    endloop
  endfacet
  facet normal 0 -1 0
    outer loop
      vertex 27.4358 0 -94.9059
      vertex 27.1225 0 -92.5264
      vertex 26 0 -92.6
    endloop
  endfacet
  facet normal 0 -1 0
    outer loop
      vertex -26 0 -92.6
      vertex -26 0 -95
      vertex 26 0 -92.6
    endloop
  endfacet
  facet normal 0 -1 -0
    outer loop
      vertex -28.2258 0 -92.307
      vertex -28.847 0 -94.6252
      vertex -27.1225 0 -92.5264
    endloop
  endfacet
  facet normal 0 -1 0
    outer loop
      vertex 26 0 -95
      vertex 26 0 -92.6
      vertex -26 0 -95
    endloop
  endfacet
  facet normal 0 -1 0
    outer loop
      vertex -27.4358 0 -94.9059
      vertex -27.1225 0 -92.5264
      vertex -28.847 0 -94.6252
    endloop
  endfacet
  facet normal -0 -1 0
    outer loop
      vertex 27.4358 0 -94.9059
      vertex 26 0 -92.6
      vertex 26 0 -95
    endloop
  endfacet
  facet normal 0 -1 -0
    outer loop
      vertex -27.1225 0 -92.5264
      vertex -27.4358 0 -94.9059
      vertex -26 0 -92.6
    endloop
  endfacet
  facet normal 0 -1 0
    outer loop
      vertex 30.3 0 -91.4478
      vertex 31.5 0 -93.5263
      vertex 32.6964 0 -92.7269
    endloop
  endfacet
  facet normal 0 -1 -0
    outer loop
      vertex -26 0 -92.6
      vertex -27.4358 0 -94.9059
      vertex -26 0 -95
    endloop
  endfacet
  facet normal 0 -1 0
    outer loop
      vertex 29.2911 0 -91.9454
      vertex 30.2095 0 -94.1627
      vertex 31.5 0 -93.5263
    endloop
  endfacet
  facet normal 0 -1 0
    outer loop
      vertex 28.2258 0 -92.307
      vertex 28.847 0 -94.6252
      vertex 30.2095 0 -94.1627
    endloop
  endfacet
  facet normal 0 -1 0
    outer loop
      vertex 27.1225 0 -92.5264
      vertex 27.4358 0 -94.9059
      vertex 28.847 0 -94.6252
    endloop
  endfacet
  facet normal 1 -0 0
    outer loop
      vertex -14.5 0 82.3
      vertex -14.5 6.2 81.55
      vertex -14.5 6.2 82.3
    endloop
  endfacet
  facet normal 1 0 0
    outer loop
      vertex -14.5 6.2 81.55
      vertex -14.5 0 82.3
      vertex -14.5 0 81.55
    endloop
  endfacet
  facet normal 0 0 1
    outer loop
      vertex -24 6.2 82.3
      vertex -25.5 6.2 82.3
      vertex -24 4.5 82.3
    endloop
  endfacet
  facet normal 0 0 1
    outer loop
      vertex -16 4.5 82.3
      vertex -14.5 6.2 82.3
      vertex -16 6.2 82.3
    endloop
  endfacet
  facet normal 0 0 1
    outer loop
      vertex -14.5 6.2 82.3
      vertex -16 4.5 82.3
      vertex -14.5 0 82.3
    endloop
  endfacet
  facet normal -0 0 1
    outer loop
      vertex -24 4.5 82.3
      vertex -14.5 0 82.3
      vertex -16 4.5 82.3
    endloop
  endfacet
  facet normal 0 0 1
    outer loop
      vertex -24 4.5 82.3
      vertex -25.5 0 82.3
      vertex -14.5 0 82.3
    endloop
  endfacet
  facet normal 0 0 1
    outer loop
      vertex -25.5 0 82.3
      vertex -24 4.5 82.3
      vertex -25.5 6.2 82.3
    endloop
  endfacet
  facet normal 0 0 -1
    outer loop
      vertex -23.9 3.2 78.9
      vertex -16.1 6.2 78.9
      vertex -16.1 3.2 78.9
    endloop
  endfacet
  facet normal -0 0 -1
    outer loop
      vertex -16.1 6.2 78.9
      vertex -23.9 3.2 78.9
      vertex -23.9 6.2 78.9
    endloop
  endfacet
  facet normal -1 0 0
    outer loop
      vertex -25.5 0 81.55
      vertex -25.5 6.2 82.3
      vertex -25.5 6.2 81.55
    endloop
  endfacet
  facet normal -1 -0 0
    outer loop
      vertex -25.5 6.2 82.3
      vertex -25.5 0 81.55
      vertex -25.5 0 82.3
    endloop
  endfacet
  facet normal 0 1 0
    outer loop
      vertex -16.1 6.2 78.9
      vertex -14.5 6.2 81.55
      vertex -14.3 6.2 81.55
    endloop
  endfacet
  facet normal 0 1 0
    outer loop
      vertex -16 6.2 80.8
      vertex -16.1 6.2 78.9
      vertex -24 6.2 80.8
    endloop
  endfacet
  facet normal 0 1 0
    outer loop
      vertex -14.5 6.2 81.55
      vertex -16.1 6.2 78.9
      vertex -16 6.2 80.8
    endloop
  endfacet
  facet normal 0 1 -0
    outer loop
      vertex -14.3 6.2 74.05
      vertex -16.1 6.2 78.9
      vertex -14.3 6.2 81.55
    endloop
  endfacet
  facet normal 0 1 0
    outer loop
      vertex -16.1 6.2 78.9
      vertex -14.3 6.2 74.05
      vertex -16.1 6.2 74.05
    endloop
  endfacet
  facet normal 0 1 -0
    outer loop
      vertex -14.5 6.2 81.55
      vertex -16 6.2 82.3
      vertex -14.5 6.2 82.3
    endloop
  endfacet
  facet normal 0 1 0
    outer loop
      vertex -16 6.2 82.3
      vertex -14.5 6.2 81.55
      vertex -16 6.2 80.8
    endloop
  endfacet
  facet normal 0 1 0
    outer loop
      vertex -24 6.2 82.3
      vertex -25.5 6.2 81.55
      vertex -25.5 6.2 82.3
    endloop
  endfacet
  facet normal 0 1 -0
    outer loop
      vertex -24 6.2 80.8
      vertex -25.5 6.2 81.55
      vertex -24 6.2 82.3
    endloop
  endfacet
  facet normal 0 1 0
    outer loop
      vertex -23.9 6.2 78.9
      vertex -25.5 6.2 81.55
      vertex -24 6.2 80.8
    endloop
  endfacet
  facet normal 0 1 -0
    outer loop
      vertex -23.9 6.2 78.9
      vertex -24 6.2 80.8
      vertex -16.1 6.2 78.9
    endloop
  endfacet
  facet normal 0 1 0
    outer loop
      vertex -25.5 6.2 81.55
      vertex -23.9 6.2 78.9
      vertex -25.7 6.2 81.55
    endloop
  endfacet
  facet normal 0 1 0
    outer loop
      vertex -25.7 6.2 74.05
      vertex -23.9 6.2 78.9
      vertex -23.9 6.2 74.05
    endloop
  endfacet
  facet normal 0 1 0
    outer loop
      vertex -23.9 6.2 78.9
      vertex -25.7 6.2 74.05
      vertex -25.7 6.2 81.55
    endloop
  endfacet
  facet normal 0 -1 0
    outer loop
      vertex -16.1 0 75.7
      vertex -16.1 0 74.05
      vertex -15.3 0 75.7
    endloop
  endfacet
  facet normal 0 -1 0
    outer loop
      vertex -24.7 0 80.5
      vertex -25.5 0 81.55
      vertex -25.7 0 81.55
    endloop
  endfacet
  facet normal 0 -1 0
    outer loop
      vertex -25.5 0 81.55
      vertex -24.7 0 80.5
      vertex -14.5 0 81.55
    endloop
  endfacet
  facet normal 0 -1 0
    outer loop
      vertex -15.3 0 80.5
      vertex -14.5 0 81.55
      vertex -24.7 0 80.5
    endloop
  endfacet
  facet normal 0 -1 0
    outer loop
      vertex -25.7 0 81.55
      vertex -24.7 0 75.7
      vertex -24.7 0 80.5
    endloop
  endfacet
  facet normal 0 -1 0
    outer loop
      vertex -25.7 0 74.05
      vertex -24.7 0 75.7
      vertex -25.7 0 81.55
    endloop
  endfacet
  facet normal 0 -1 0
    outer loop
      vertex -23.9 0 74.05
      vertex -24.7 0 75.7
      vertex -25.7 0 74.05
    endloop
  endfacet
  facet normal 0 -1 0
    outer loop
      vertex -24.7 0 75.7
      vertex -23.9 0 74.05
      vertex -23.9 0 75.7
    endloop
  endfacet
  facet normal 0 -1 0
    outer loop
      vertex -25.5 0 81.55
      vertex -14.5 0 82.3
      vertex -25.5 0 82.3
    endloop
  endfacet
  facet normal 0 -1 -0
    outer loop
      vertex -14.5 0 82.3
      vertex -25.5 0 81.55
      vertex -14.5 0 81.55
    endloop
  endfacet
  facet normal 0 -1 -0
    outer loop
      vertex -14.5 0 81.55
      vertex -15.3 0 80.5
      vertex -14.3 0 81.55
    endloop
  endfacet
  facet normal 0 -1 0
    outer loop
      vertex -15.3 0 75.7
      vertex -14.3 0 81.55
      vertex -15.3 0 80.5
    endloop
  endfacet
  facet normal 0 -1 0
    outer loop
      vertex -15.3 0 75.7
      vertex -14.3 0 74.05
      vertex -14.3 0 81.55
    endloop
  endfacet
  facet normal 0 -1 0
    outer loop
      vertex -14.3 0 74.05
      vertex -15.3 0 75.7
      vertex -16.1 0 74.05
    endloop
  endfacet
  facet normal 1 0 0
    outer loop
      vertex -23.9 3.2 75.7
      vertex -23.9 6.2 78.9
      vertex -23.9 3.2 78.9
    endloop
  endfacet
  facet normal 1 0 0
    outer loop
      vertex -23.9 6.2 78.9
      vertex -23.9 3.2 75.7
      vertex -23.9 6.2 74.05
    endloop
  endfacet
  facet normal 1 0 0
    outer loop
      vertex -23.9 0 74.05
      vertex -23.9 3.2 75.7
      vertex -23.9 0 75.7
    endloop
  endfacet
  facet normal 1 0 0
    outer loop
      vertex -23.9 3.2 75.7
      vertex -23.9 0 74.05
      vertex -23.9 6.2 74.05
    endloop
  endfacet
  facet normal -0 0 1
    outer loop
      vertex -25.7 6.2 81.55
      vertex -25.5 0 81.55
      vertex -25.5 6.2 81.55
    endloop
  endfacet
  facet normal 0 0 1
    outer loop
      vertex -25.5 0 81.55
      vertex -25.7 6.2 81.55
      vertex -25.7 0 81.55
    endloop
  endfacet
  facet normal 0 0 -1
    outer loop
      vertex -25.7 0 74.05
      vertex -23.9 6.2 74.05
      vertex -23.9 0 74.05
    endloop
  endfacet
  facet normal -0 0 -1
    outer loop
      vertex -23.9 6.2 74.05
      vertex -25.7 0 74.05
      vertex -25.7 6.2 74.05
    endloop
  endfacet
  facet normal -1 0 0
    outer loop
      vertex -25.7 0 74.05
      vertex -25.7 6.2 81.55
      vertex -25.7 6.2 74.05
    endloop
  endfacet
  facet normal -1 -0 0
    outer loop
      vertex -25.7 6.2 81.55
      vertex -25.7 0 74.05
      vertex -25.7 0 81.55
    endloop
  endfacet
  facet normal 1 -0 0
    outer loop
      vertex -14.3 0 81.55
      vertex -14.3 6.2 74.05
      vertex -14.3 6.2 81.55
    endloop
  endfacet
  facet normal 1 0 0
    outer loop
      vertex -14.3 6.2 74.05
      vertex -14.3 0 81.55
      vertex -14.3 0 74.05
    endloop
  endfacet
  facet normal -0 0 1
    outer loop
      vertex -14.5 6.2 81.55
      vertex -14.3 0 81.55
      vertex -14.3 6.2 81.55
    endloop
  endfacet
  facet normal 0 0 1
    outer loop
      vertex -14.3 0 81.55
      vertex -14.5 6.2 81.55
      vertex -14.5 0 81.55
    endloop
  endfacet
  facet normal 0 0 -1
    outer loop
      vertex -16.1 0 74.05
      vertex -14.3 6.2 74.05
      vertex -14.3 0 74.05
    endloop
  endfacet
  facet normal -0 0 -1
    outer loop
      vertex -14.3 6.2 74.05
      vertex -16.1 0 74.05
      vertex -16.1 6.2 74.05
    endloop
  endfacet
  facet normal -1 0 0
    outer loop
      vertex -16.1 6.2 74.05
      vertex -16.1 3.2 75.7
      vertex -16.1 6.2 78.9
    endloop
  endfacet
  facet normal -1 0 0
    outer loop
      vertex -16.1 0 74.05
      vertex -16.1 3.2 75.7
      vertex -16.1 6.2 74.05
    endloop
  endfacet
  facet normal -1 -0 0
    outer loop
      vertex -16.1 3.2 75.7
      vertex -16.1 0 74.05
      vertex -16.1 0 75.7
    endloop
  endfacet
  facet normal -1 -0 0
    outer loop
      vertex -16.1 6.2 78.9
      vertex -16.1 3.2 75.7
      vertex -16.1 3.2 78.9
    endloop
  endfacet
  facet normal -1 0 0
    outer loop
      vertex -15.3 0 75.7
      vertex -15.3 3.2 80.5
      vertex -15.3 3.2 75.7
    endloop
  endfacet
  facet normal -1 -0 0
    outer loop
      vertex -15.3 3.2 80.5
      vertex -15.3 0 75.7
      vertex -15.3 0 80.5
    endloop
  endfacet
  facet normal 0 0 -1
    outer loop
      vertex -24.7 0 80.5
      vertex -15.3 3.2 80.5
      vertex -15.3 0 80.5
    endloop
  endfacet
  facet normal -0 0 -1
    outer loop
      vertex -15.3 3.2 80.5
      vertex -24.7 0 80.5
      vertex -24.7 3.2 80.5
    endloop
  endfacet
  facet normal -0 0 1
    outer loop
      vertex -16.1 3.2 75.7
      vertex -15.3 0 75.7
      vertex -15.3 3.2 75.7
    endloop
  endfacet
  facet normal 0 0 1
    outer loop
      vertex -15.3 0 75.7
      vertex -16.1 3.2 75.7
      vertex -16.1 0 75.7
    endloop
  endfacet
  facet normal -0 0 1
    outer loop
      vertex -24.7 3.2 75.7
      vertex -23.9 0 75.7
      vertex -23.9 3.2 75.7
    endloop
  endfacet
  facet normal 0 0 1
    outer loop
      vertex -23.9 0 75.7
      vertex -24.7 3.2 75.7
      vertex -24.7 0 75.7
    endloop
  endfacet
  facet normal 1 -0 0
    outer loop
      vertex -24.7 0 80.5
      vertex -24.7 3.2 75.7
      vertex -24.7 3.2 80.5
    endloop
  endfacet
  facet normal 1 0 0
    outer loop
      vertex -24.7 3.2 75.7
      vertex -24.7 0 80.5
      vertex -24.7 0 75.7
    endloop
  endfacet
  facet normal 0 -1 0
    outer loop
      vertex -24.7 3.2 80.5
      vertex -23.9 3.2 78.9
      vertex -15.3 3.2 80.5
    endloop
  endfacet
  facet normal 0 -1 0
    outer loop
      vertex -24.7 3.2 75.7
      vertex -23.9 3.2 78.9
      vertex -24.7 3.2 80.5
    endloop
  endfacet
  facet normal 0 -1 -0
    outer loop
      vertex -23.9 3.2 78.9
      vertex -24.7 3.2 75.7
      vertex -23.9 3.2 75.7
    endloop
  endfacet
  facet normal 0 -1 0
    outer loop
      vertex -16.1 3.2 78.9
      vertex -15.3 3.2 80.5
      vertex -23.9 3.2 78.9
    endloop
  endfacet
  facet normal 0 -1 0
    outer loop
      vertex -15.3 3.2 75.7
      vertex -16.1 3.2 78.9
      vertex -16.1 3.2 75.7
    endloop
  endfacet
  facet normal 0 -1 0
    outer loop
      vertex -16.1 3.2 78.9
      vertex -15.3 3.2 75.7
      vertex -15.3 3.2 80.5
    endloop
  endfacet
  facet normal 1 -0 0
    outer loop
      vertex 25.5 0 82.3
      vertex 25.5 6.2 81.55
      vertex 25.5 6.2 82.3
    endloop
  endfacet
  facet normal 1 0 0
    outer loop
      vertex 25.5 6.2 81.55
      vertex 25.5 0 82.3
      vertex 25.5 0 81.55
    endloop
  endfacet
  facet normal 0 0 1
    outer loop
      vertex 16 6.2 82.3
      vertex 14.5 6.2 82.3
      vertex 16 4.5 82.3
    endloop
  endfacet
  facet normal 0 0 1
    outer loop
      vertex 24 4.5 82.3
      vertex 25.5 6.2 82.3
      vertex 24 6.2 82.3
    endloop
  endfacet
  facet normal 0 0 1
    outer loop
      vertex 25.5 6.2 82.3
      vertex 24 4.5 82.3
      vertex 25.5 0 82.3
    endloop
  endfacet
  facet normal -0 0 1
    outer loop
      vertex 16 4.5 82.3
      vertex 25.5 0 82.3
      vertex 24 4.5 82.3
    endloop
  endfacet
  facet normal 0 0 1
    outer loop
      vertex 16 4.5 82.3
      vertex 14.5 0 82.3
      vertex 25.5 0 82.3
    endloop
  endfacet
  facet normal 0 0 1
    outer loop
      vertex 14.5 0 82.3
      vertex 16 4.5 82.3
      vertex 14.5 6.2 82.3
    endloop
  endfacet
  facet normal 0 0 -1
    outer loop
      vertex 16.1 3.2 78.9
      vertex 23.9 6.2 78.9
      vertex 23.9 3.2 78.9
    endloop
  endfacet
  facet normal -0 0 -1
    outer loop
      vertex 23.9 6.2 78.9
      vertex 16.1 3.2 78.9
      vertex 16.1 6.2 78.9
    endloop
  endfacet
  facet normal -1 0 0
    outer loop
      vertex 14.5 0 81.55
      vertex 14.5 6.2 82.3
      vertex 14.5 6.2 81.55
    endloop
  endfacet
  facet normal -1 -0 0
    outer loop
      vertex 14.5 6.2 82.3
      vertex 14.5 0 81.55
      vertex 14.5 0 82.3
    endloop
  endfacet
  facet normal 0 1 0
    outer loop
      vertex 23.9 6.2 78.9
      vertex 25.5 6.2 81.55
      vertex 25.7 6.2 81.55
    endloop
  endfacet
  facet normal 0 1 0
    outer loop
      vertex 24 6.2 80.8
      vertex 23.9 6.2 78.9
      vertex 16 6.2 80.8
    endloop
  endfacet
  facet normal 0 1 0
    outer loop
      vertex 25.5 6.2 81.55
      vertex 23.9 6.2 78.9
      vertex 24 6.2 80.8
    endloop
  endfacet
  facet normal 0 1 -0
    outer loop
      vertex 25.7 6.2 74.05
      vertex 23.9 6.2 78.9
      vertex 25.7 6.2 81.55
    endloop
  endfacet
  facet normal 0 1 0
    outer loop
      vertex 23.9 6.2 78.9
      vertex 25.7 6.2 74.05
      vertex 23.9 6.2 74.05
    endloop
  endfacet
  facet normal 0 1 -0
    outer loop
      vertex 25.5 6.2 81.55
      vertex 24 6.2 82.3
      vertex 25.5 6.2 82.3
    endloop
  endfacet
  facet normal 0 1 0
    outer loop
      vertex 24 6.2 82.3
      vertex 25.5 6.2 81.55
      vertex 24 6.2 80.8
    endloop
  endfacet
  facet normal 0 1 0
    outer loop
      vertex 16 6.2 82.3
      vertex 14.5 6.2 81.55
      vertex 14.5 6.2 82.3
    endloop
  endfacet
  facet normal 0 1 -0
    outer loop
      vertex 16 6.2 80.8
      vertex 14.5 6.2 81.55
      vertex 16 6.2 82.3
    endloop
  endfacet
  facet normal 0 1 0
    outer loop
      vertex 16.1 6.2 78.9
      vertex 14.5 6.2 81.55
      vertex 16 6.2 80.8
    endloop
  endfacet
  facet normal 0 1 -0
    outer loop
      vertex 16.1 6.2 78.9
      vertex 16 6.2 80.8
      vertex 23.9 6.2 78.9
    endloop
  endfacet
  facet normal 0 1 0
    outer loop
      vertex 14.5 6.2 81.55
      vertex 16.1 6.2 78.9
      vertex 14.3 6.2 81.55
    endloop
  endfacet
  facet normal 0 1 0
    outer loop
      vertex 14.3 6.2 74.05
      vertex 16.1 6.2 78.9
      vertex 16.1 6.2 74.05
    endloop
  endfacet
  facet normal 0 1 0
    outer loop
      vertex 16.1 6.2 78.9
      vertex 14.3 6.2 74.05
      vertex 14.3 6.2 81.55
    endloop
  endfacet
  facet normal 0 -1 0
    outer loop
      vertex 23.9 0 75.7
      vertex 23.9 0 74.05
      vertex 24.7 0 75.7
    endloop
  endfacet
  facet normal 0 -1 0
    outer loop
      vertex 15.3 0 80.5
      vertex 14.5 0 81.55
      vertex 14.3 0 81.55
    endloop
  endfacet
  facet normal 0 -1 0
    outer loop
      vertex 14.5 0 81.55
      vertex 15.3 0 80.5
      vertex 25.5 0 81.55
    endloop
  endfacet
  facet normal 0 -1 0
    outer loop
      vertex 24.7 0 80.5
      vertex 25.5 0 81.55
      vertex 15.3 0 80.5
    endloop
  endfacet
  facet normal 0 -1 0
    outer loop
      vertex 14.3 0 81.55
      vertex 15.3 0 75.7
      vertex 15.3 0 80.5
    endloop
  endfacet
  facet normal 0 -1 0
    outer loop
      vertex 14.3 0 74.05
      vertex 15.3 0 75.7
      vertex 14.3 0 81.55
    endloop
  endfacet
  facet normal 0 -1 0
    outer loop
      vertex 16.1 0 74.05
      vertex 15.3 0 75.7
      vertex 14.3 0 74.05
    endloop
  endfacet
  facet normal 0 -1 0
    outer loop
      vertex 15.3 0 75.7
      vertex 16.1 0 74.05
      vertex 16.1 0 75.7
    endloop
  endfacet
  facet normal 0 -1 0
    outer loop
      vertex 14.5 0 81.55
      vertex 25.5 0 82.3
      vertex 14.5 0 82.3
    endloop
  endfacet
  facet normal 0 -1 -0
    outer loop
      vertex 25.5 0 82.3
      vertex 14.5 0 81.55
      vertex 25.5 0 81.55
    endloop
  endfacet
  facet normal 0 -1 -0
    outer loop
      vertex 25.5 0 81.55
      vertex 24.7 0 80.5
      vertex 25.7 0 81.55
    endloop
  endfacet
  facet normal 0 -1 0
    outer loop
      vertex 24.7 0 75.7
      vertex 25.7 0 81.55
      vertex 24.7 0 80.5
    endloop
  endfacet
  facet normal 0 -1 0
    outer loop
      vertex 24.7 0 75.7
      vertex 25.7 0 74.05
      vertex 25.7 0 81.55
    endloop
  endfacet
  facet normal 0 -1 0
    outer loop
      vertex 25.7 0 74.05
      vertex 24.7 0 75.7
      vertex 23.9 0 74.05
    endloop
  endfacet
  facet normal 1 0 0
    outer loop
      vertex 16.1 3.2 75.7
      vertex 16.1 6.2 78.9
      vertex 16.1 3.2 78.9
    endloop
  endfacet
  facet normal 1 0 0
    outer loop
      vertex 16.1 6.2 78.9
      vertex 16.1 3.2 75.7
      vertex 16.1 6.2 74.05
    endloop
  endfacet
  facet normal 1 0 0
    outer loop
      vertex 16.1 0 74.05
      vertex 16.1 3.2 75.7
      vertex 16.1 0 75.7
    endloop
  endfacet
  facet normal 1 0 0
    outer loop
      vertex 16.1 3.2 75.7
      vertex 16.1 0 74.05
      vertex 16.1 6.2 74.05
    endloop
  endfacet
  facet normal -0 0 1
    outer loop
      vertex 14.3 6.2 81.55
      vertex 14.5 0 81.55
      vertex 14.5 6.2 81.55
    endloop
  endfacet
  facet normal 0 0 1
    outer loop
      vertex 14.5 0 81.55
      vertex 14.3 6.2 81.55
      vertex 14.3 0 81.55
    endloop
  endfacet
  facet normal 0 0 -1
    outer loop
      vertex 14.3 0 74.05
      vertex 16.1 6.2 74.05
      vertex 16.1 0 74.05
    endloop
  endfacet
  facet normal -0 0 -1
    outer loop
      vertex 16.1 6.2 74.05
      vertex 14.3 0 74.05
      vertex 14.3 6.2 74.05
    endloop
  endfacet
  facet normal -1 0 0
    outer loop
      vertex 14.3 0 74.05
      vertex 14.3 6.2 81.55
      vertex 14.3 6.2 74.05
    endloop
  endfacet
  facet normal -1 -0 0
    outer loop
      vertex 14.3 6.2 81.55
      vertex 14.3 0 74.05
      vertex 14.3 0 81.55
    endloop
  endfacet
  facet normal 1 -0 0
    outer loop
      vertex 25.7 0 81.55
      vertex 25.7 6.2 74.05
      vertex 25.7 6.2 81.55
    endloop
  endfacet
  facet normal 1 0 0
    outer loop
      vertex 25.7 6.2 74.05
      vertex 25.7 0 81.55
      vertex 25.7 0 74.05
    endloop
  endfacet
  facet normal -0 0 1
    outer loop
      vertex 25.5 6.2 81.55
      vertex 25.7 0 81.55
      vertex 25.7 6.2 81.55
    endloop
  endfacet
  facet normal 0 0 1
    outer loop
      vertex 25.7 0 81.55
      vertex 25.5 6.2 81.55
      vertex 25.5 0 81.55
    endloop
  endfacet
  facet normal 0 0 -1
    outer loop
      vertex 23.9 0 74.05
      vertex 25.7 6.2 74.05
      vertex 25.7 0 74.05
    endloop
  endfacet
  facet normal -0 0 -1
    outer loop
      vertex 25.7 6.2 74.05
      vertex 23.9 0 74.05
      vertex 23.9 6.2 74.05
    endloop
  endfacet
  facet normal -1 0 0
    outer loop
      vertex 23.9 6.2 74.05
      vertex 23.9 3.2 75.7
      vertex 23.9 6.2 78.9
    endloop
  endfacet
  facet normal -1 0 0
    outer loop
      vertex 23.9 0 74.05
      vertex 23.9 3.2 75.7
      vertex 23.9 6.2 74.05
    endloop
  endfacet
  facet normal -1 -0 0
    outer loop
      vertex 23.9 3.2 75.7
      vertex 23.9 0 74.05
      vertex 23.9 0 75.7
    endloop
  endfacet
  facet normal -1 -0 0
    outer loop
      vertex 23.9 6.2 78.9
      vertex 23.9 3.2 75.7
      vertex 23.9 3.2 78.9
    endloop
  endfacet
  facet normal -1 0 0
    outer loop
      vertex 24.7 0 75.7
      vertex 24.7 3.2 80.5
      vertex 24.7 3.2 75.7
    endloop
  endfacet
  facet normal -1 -0 0
    outer loop
      vertex 24.7 3.2 80.5
      vertex 24.7 0 75.7
      vertex 24.7 0 80.5
    endloop
  endfacet
  facet normal 0 0 -1
    outer loop
      vertex 15.3 0 80.5
      vertex 24.7 3.2 80.5
      vertex 24.7 0 80.5
    endloop
  endfacet
  facet normal -0 0 -1
    outer loop
      vertex 24.7 3.2 80.5
      vertex 15.3 0 80.5
      vertex 15.3 3.2 80.5
    endloop
  endfacet
  facet normal -0 0 1
    outer loop
      vertex 23.9 3.2 75.7
      vertex 24.7 0 75.7
      vertex 24.7 3.2 75.7
    endloop
  endfacet
  facet normal 0 0 1
    outer loop
      vertex 24.7 0 75.7
      vertex 23.9 3.2 75.7
      vertex 23.9 0 75.7
    endloop
  endfacet
  facet normal -0 0 1
    outer loop
      vertex 15.3 3.2 75.7
      vertex 16.1 0 75.7
      vertex 16.1 3.2 75.7
    endloop
  endfacet
  facet normal 0 0 1
    outer loop
      vertex 16.1 0 75.7
      vertex 15.3 3.2 75.7
      vertex 15.3 0 75.7
    endloop
  endfacet
  facet normal 1 -0 0
    outer loop
      vertex 15.3 0 80.5
      vertex 15.3 3.2 75.7
      vertex 15.3 3.2 80.5
    endloop
  endfacet
  facet normal 1 0 0
    outer loop
      vertex 15.3 3.2 75.7
      vertex 15.3 0 80.5
      vertex 15.3 0 75.7
    endloop
  endfacet
  facet normal 0 -1 0
    outer loop
      vertex 15.3 3.2 80.5
      vertex 16.1 3.2 78.9
      vertex 24.7 3.2 80.5
    endloop
  endfacet
  facet normal 0 -1 0
    outer loop
      vertex 15.3 3.2 75.7
      vertex 16.1 3.2 78.9
      vertex 15.3 3.2 80.5
    endloop
  endfacet
  facet normal 0 -1 -0
    outer loop
      vertex 16.1 3.2 78.9
      vertex 15.3 3.2 75.7
      vertex 16.1 3.2 75.7
    endloop
  endfacet
  facet normal 0 -1 0
    outer loop
      vertex 23.9 3.2 78.9
      vertex 24.7 3.2 80.5
      vertex 16.1 3.2 78.9
    endloop
  endfacet
  facet normal 0 -1 0
    outer loop
      vertex 24.7 3.2 75.7
      vertex 23.9 3.2 78.9
      vertex 23.9 3.2 75.7
    endloop
  endfacet
  facet normal 0 -1 0
    outer loop
      vertex 23.9 3.2 78.9
      vertex 24.7 3.2 75.7
      vertex 24.7 3.2 80.5
    endloop
  endfacet
  facet normal 0 -1 0
    outer loop
      vertex -24 4.5 82.3
      vertex -16 4.5 83.2
      vertex -24 4.5 83.2
    endloop
  endfacet
  facet normal 0 -1 -0
    outer loop
      vertex -16 4.5 83.2
      vertex -24 4.5 82.3
      vertex -16 4.5 82.3
    endloop
  endfacet
  facet normal 0 0 -1
    outer loop
      vertex -24 6.2 80.8
      vertex -16 19.6 80.8
      vertex -16 6.2 80.8
    endloop
  endfacet
  facet normal -0 0 -1
    outer loop
      vertex -16 19.6 80.8
      vertex -24 6.2 80.8
      vertex -24 19.6 80.8
    endloop
  endfacet
  facet normal -0 0 1
    outer loop
      vertex -24 19.6 83.2
      vertex -16 4.5 83.2
      vertex -16 19.6 83.2
    endloop
  endfacet
  facet normal 0 0 1
    outer loop
      vertex -16 4.5 83.2
      vertex -24 19.6 83.2
      vertex -24 4.5 83.2
    endloop
  endfacet
  facet normal 1 0 0
    outer loop
      vertex -16 19.6 83.2
      vertex -16 6.2 82.3
      vertex -16 19.6 80.8
    endloop
  endfacet
  facet normal 1 -0 0
    outer loop
      vertex -16 4.5 83.2
      vertex -16 6.2 82.3
      vertex -16 19.6 83.2
    endloop
  endfacet
  facet normal 1 0 0
    outer loop
      vertex -16 6.2 82.3
      vertex -16 4.5 83.2
      vertex -16 4.5 82.3
    endloop
  endfacet
  facet normal 1 0 0
    outer loop
      vertex -16 19.6 80.8
      vertex -16 6.2 82.3
      vertex -16 6.2 80.8
    endloop
  endfacet
  facet normal -1 0 0
    outer loop
      vertex -24 6.2 82.3
      vertex -24 19.6 80.8
      vertex -24 6.2 80.8
    endloop
  endfacet
  facet normal -1 0 0
    outer loop
      vertex -24 19.6 80.8
      vertex -24 6.2 82.3
      vertex -24 19.6 83.2
    endloop
  endfacet
  facet normal -1 0 0
    outer loop
      vertex -24 4.5 83.2
      vertex -24 6.2 82.3
      vertex -24 4.5 82.3
    endloop
  endfacet
  facet normal -1 0 0
    outer loop
      vertex -24 6.2 82.3
      vertex -24 4.5 83.2
      vertex -24 19.6 83.2
    endloop
  endfacet
  facet normal 0 -1 0
    outer loop
      vertex 16 4.5 82.3
      vertex 24 4.5 83.2
      vertex 16 4.5 83.2
    endloop
  endfacet
  facet normal 0 -1 -0
    outer loop
      vertex 24 4.5 83.2
      vertex 16 4.5 82.3
      vertex 24 4.5 82.3
    endloop
  endfacet
  facet normal 0 0 -1
    outer loop
      vertex 16 6.2 80.8
      vertex 24 19.6 80.8
      vertex 24 6.2 80.8
    endloop
  endfacet
  facet normal -0 0 -1
    outer loop
      vertex 24 19.6 80.8
      vertex 16 6.2 80.8
      vertex 16 19.6 80.8
    endloop
  endfacet
  facet normal -0 0 1
    outer loop
      vertex 16 19.6 83.2
      vertex 24 4.5 83.2
      vertex 24 19.6 83.2
    endloop
  endfacet
  facet normal 0 0 1
    outer loop
      vertex 24 4.5 83.2
      vertex 16 19.6 83.2
      vertex 16 4.5 83.2
    endloop
  endfacet
  facet normal 1 0 0
    outer loop
      vertex 24 19.6 83.2
      vertex 24 6.2 82.3
      vertex 24 19.6 80.8
    endloop
  endfacet
  facet normal 1 -0 0
    outer loop
      vertex 24 4.5 83.2
      vertex 24 6.2 82.3
      vertex 24 19.6 83.2
    endloop
  endfacet
  facet normal 1 0 0
    outer loop
      vertex 24 6.2 82.3
      vertex 24 4.5 83.2
      vertex 24 4.5 82.3
    endloop
  endfacet
  facet normal 1 0 0
    outer loop
      vertex 24 19.6 80.8
      vertex 24 6.2 82.3
      vertex 24 6.2 80.8
    endloop
  endfacet
  facet normal -1 0 0
    outer loop
      vertex 16 6.2 82.3
      vertex 16 19.6 80.8
      vertex 16 6.2 80.8
    endloop
  endfacet
  facet normal -1 0 0
    outer loop
      vertex 16 19.6 80.8
      vertex 16 6.2 82.3
      vertex 16 19.6 83.2
    endloop
  endfacet
  facet normal -1 0 0
    outer loop
      vertex 16 4.5 83.2
      vertex 16 6.2 82.3
      vertex 16 4.5 82.3
    endloop
  endfacet
  facet normal -1 0 0
    outer loop
      vertex 16 6.2 82.3
      vertex 16 4.5 83.2
      vertex 16 19.6 83.2
    endloop
  endfacet
  facet normal -0.659323 0 -0.75186
    outer loop
      vertex -24.0659 0.0999994 -75.0659
      vertex -23.5004 19.6 -75.5618
      vertex -23.5004 0.0999994 -75.5618
    endloop
  endfacet
  facet normal -0.659323 0 -0.75186
    outer loop
      vertex -23.5004 19.6 -75.5618
      vertex -24.0659 0.0999994 -75.0659
      vertex -24.0659 19.6 -75.0659
    endloop
  endfacet
  facet normal -0.0654159 0 -0.997858
    outer loop
      vertex -20.7505 0.0999994 -76.7008
      vertex -20 19.6 -76.75
      vertex -20 0.0999994 -76.75
    endloop
  endfacet
  facet normal -0.0654159 0 -0.997858
    outer loop
      vertex -20 19.6 -76.75
      vertex -20.7505 0.0999994 -76.7008
      vertex -20.7505 19.6 -76.7008
    endloop
  endfacet
  facet normal 0.980795 -0 0.195042
    outer loop
      vertex -14.4459 0.0999994 -69.5118
      vertex -14.2992 19.6 -70.2495
      vertex -14.4459 19.6 -69.5118
    endloop
  endfacet
  facet normal 0.980795 0 0.195042
    outer loop
      vertex -14.2992 19.6 -70.2495
      vertex -14.4459 0.0999994 -69.5118
      vertex -14.2992 0.0999994 -70.2495
    endloop
  endfacet
  facet normal 0.997858 -0 0.0654159
    outer loop
      vertex -14.2992 0.0999994 -70.2495
      vertex -14.25 19.6 -71
      vertex -14.2992 19.6 -70.2495
    endloop
  endfacet
  facet normal 0.997858 0 0.0654159
    outer loop
      vertex -14.25 19.6 -71
      vertex -14.2992 0.0999994 -70.2495
      vertex -14.25 0.0999994 -71
    endloop
  endfacet
  facet normal 0.831518 -0 0.555498
    outer loop
      vertex -15.4382 0.0999994 -67.4996
      vertex -15.0204 19.6 -68.125
      vertex -15.4382 19.6 -67.4996
    endloop
  endfacet
  facet normal 0.831518 0 0.555498
    outer loop
      vertex -15.0204 19.6 -68.125
      vertex -15.4382 0.0999994 -67.4996
      vertex -15.0204 0.0999994 -68.125
    endloop
  endfacet
  facet normal -0.980795 0 0.195042
    outer loop
      vertex -25.7008 0.0999994 -70.2495
      vertex -25.5541 19.6 -69.5118
      vertex -25.7008 19.6 -70.2495
    endloop
  endfacet
  facet normal -0.980795 0 0.195042
    outer loop
      vertex -25.5541 19.6 -69.5118
      vertex -25.7008 0.0999994 -70.2495
      vertex -25.5541 0.0999994 -69.5118
    endloop
  endfacet
  facet normal 0.555498 0 -0.831518
    outer loop
      vertex -17.125 0.0999994 -75.9796
      vertex -16.4996 19.6 -75.5618
      vertex -16.4996 0.0999994 -75.5618
    endloop
  endfacet
  facet normal 0.555498 0 -0.831518
    outer loop
      vertex -16.4996 19.6 -75.5618
      vertex -17.125 0.0999994 -75.9796
      vertex -17.125 19.6 -75.9796
    endloop
  endfacet
  facet normal 0.980795 0 -0.195042
    outer loop
      vertex -14.2992 0.0999994 -71.7505
      vertex -14.4459 19.6 -72.4882
      vertex -14.2992 19.6 -71.7505
    endloop
  endfacet
  facet normal 0.980795 0 -0.195042
    outer loop
      vertex -14.4459 19.6 -72.4882
      vertex -14.2992 0.0999994 -71.7505
      vertex -14.4459 0.0999994 -72.4882
    endloop
  endfacet
  facet normal -0.442314 0 0.89686
    outer loop
      vertex -22.875 19.6 -66.0204
      vertex -22.2004 0.0999994 -65.6877
      vertex -22.2004 19.6 -65.6877
    endloop
  endfacet
  facet normal -0.442314 0 0.89686
    outer loop
      vertex -22.2004 0.0999994 -65.6877
      vertex -22.875 19.6 -66.0204
      vertex -22.875 0.0999994 -66.0204
    endloop
  endfacet
  facet normal 0.321488 0 0.946914
    outer loop
      vertex -18.5118 19.6 -65.4459
      vertex -17.7996 0.0999994 -65.6877
      vertex -17.7996 19.6 -65.6877
    endloop
  endfacet
  facet normal 0.321488 0 0.946914
    outer loop
      vertex -17.7996 0.0999994 -65.6877
      vertex -18.5118 19.6 -65.4459
      vertex -18.5118 0.0999994 -65.4459
    endloop
  endfacet
  facet normal 0.659323 0 -0.75186
    outer loop
      vertex -16.4996 0.0999994 -75.5618
      vertex -15.9341 19.6 -75.0659
      vertex -15.9341 0.0999994 -75.0659
    endloop
  endfacet
  facet normal 0.659323 0 -0.75186
    outer loop
      vertex -15.9341 19.6 -75.0659
      vertex -16.4996 0.0999994 -75.5618
      vertex -16.4996 19.6 -75.5618
    endloop
  endfacet
  facet normal -0.980795 0 -0.195042
    outer loop
      vertex -25.5541 0.0999994 -72.4882
      vertex -25.7008 19.6 -71.7505
      vertex -25.5541 19.6 -72.4882
    endloop
  endfacet
  facet normal -0.980795 -0 -0.195042
    outer loop
      vertex -25.7008 19.6 -71.7505
      vertex -25.5541 0.0999994 -72.4882
      vertex -25.7008 0.0999994 -71.7505
    endloop
  endfacet
  facet normal -0.997858 0 -0.0654159
    outer loop
      vertex -25.7008 0.0999994 -71.7505
      vertex -25.75 19.6 -71
      vertex -25.7008 19.6 -71.7505
    endloop
  endfacet
  facet normal -0.997858 -0 -0.0654159
    outer loop
      vertex -25.75 19.6 -71
      vertex -25.7008 0.0999994 -71.7505
      vertex -25.75 0.0999994 -71
    endloop
  endfacet
  facet normal 0.195042 0 -0.980795
    outer loop
      vertex -19.2495 0.0999994 -76.7008
      vertex -18.5118 19.6 -76.5541
      vertex -18.5118 0.0999994 -76.5541
    endloop
  endfacet
  facet normal 0.195042 0 -0.980795
    outer loop
      vertex -18.5118 19.6 -76.5541
      vertex -19.2495 0.0999994 -76.7008
      vertex -19.2495 19.6 -76.7008
    endloop
  endfacet
  facet normal 0.89686 -0 0.442314
    outer loop
      vertex -15.0204 0.0999994 -68.125
      vertex -14.6877 19.6 -68.7996
      vertex -15.0204 19.6 -68.125
    endloop
  endfacet
  facet normal 0.89686 0 0.442314
    outer loop
      vertex -14.6877 19.6 -68.7996
      vertex -15.0204 0.0999994 -68.125
      vertex -14.6877 0.0999994 -68.7996
    endloop
  endfacet
  facet normal 0.75186 -0 0.659323
    outer loop
      vertex -15.9341 0.0999994 -66.9341
      vertex -15.4382 19.6 -67.4996
      vertex -15.9341 19.6 -66.9341
    endloop
  endfacet
  facet normal 0.75186 0 0.659323
    outer loop
      vertex -15.4382 19.6 -67.4996
      vertex -15.9341 0.0999994 -66.9341
      vertex -15.4382 0.0999994 -67.4996
    endloop
  endfacet
  facet normal 0.321488 0 -0.946914
    outer loop
      vertex -18.5118 0.0999994 -76.5541
      vertex -17.7996 19.6 -76.3123
      vertex -17.7996 0.0999994 -76.3123
    endloop
  endfacet
  facet normal 0.321488 0 -0.946914
    outer loop
      vertex -17.7996 19.6 -76.3123
      vertex -18.5118 0.0999994 -76.5541
      vertex -18.5118 19.6 -76.5541
    endloop
  endfacet
  facet normal -0.195042 0 -0.980795
    outer loop
      vertex -21.4882 0.0999994 -76.5541
      vertex -20.7505 19.6 -76.7008
      vertex -20.7505 0.0999994 -76.7008
    endloop
  endfacet
  facet normal -0.195042 0 -0.980795
    outer loop
      vertex -20.7505 19.6 -76.7008
      vertex -21.4882 0.0999994 -76.5541
      vertex -21.4882 19.6 -76.5541
    endloop
  endfacet
  facet normal 0.442314 0 0.89686
    outer loop
      vertex -17.7996 19.6 -65.6877
      vertex -17.125 0.0999994 -66.0204
      vertex -17.125 19.6 -66.0204
    endloop
  endfacet
  facet normal 0.442314 0 0.89686
    outer loop
      vertex -17.125 0.0999994 -66.0204
      vertex -17.7996 19.6 -65.6877
      vertex -17.7996 0.0999994 -65.6877
    endloop
  endfacet
  facet normal -0.555498 0 0.831518
    outer loop
      vertex -23.5004 19.6 -66.4382
      vertex -22.875 0.0999994 -66.0204
      vertex -22.875 19.6 -66.0204
    endloop
  endfacet
  facet normal -0.555498 0 0.831518
    outer loop
      vertex -22.875 0.0999994 -66.0204
      vertex -23.5004 19.6 -66.4382
      vertex -23.5004 0.0999994 -66.4382
    endloop
  endfacet
  facet normal -0.89686 0 -0.442314
    outer loop
      vertex -24.9796 0.0999994 -73.875
      vertex -25.3123 19.6 -73.2004
      vertex -24.9796 19.6 -73.875
    endloop
  endfacet
  facet normal -0.89686 -0 -0.442314
    outer loop
      vertex -25.3123 19.6 -73.2004
      vertex -24.9796 0.0999994 -73.875
      vertex -25.3123 0.0999994 -73.2004
    endloop
  endfacet
  facet normal -0.659323 0 0.75186
    outer loop
      vertex -24.0659 19.6 -66.9341
      vertex -23.5004 0.0999994 -66.4382
      vertex -23.5004 19.6 -66.4382
    endloop
  endfacet
  facet normal -0.659323 0 0.75186
    outer loop
      vertex -23.5004 0.0999994 -66.4382
      vertex -24.0659 19.6 -66.9341
      vertex -24.0659 0.0999994 -66.9341
    endloop
  endfacet
  facet normal -0.321488 0 0.946914
    outer loop
      vertex -22.2004 19.6 -65.6877
      vertex -21.4882 0.0999994 -65.4459
      vertex -21.4882 19.6 -65.4459
    endloop
  endfacet
  facet normal -0.321488 0 0.946914
    outer loop
      vertex -21.4882 0.0999994 -65.4459
      vertex -22.2004 19.6 -65.6877
      vertex -22.2004 0.0999994 -65.6877
    endloop
  endfacet
  facet normal 0.0654159 0 0.997858
    outer loop
      vertex -20 19.6 -65.25
      vertex -19.2495 0.0999994 -65.2992
      vertex -19.2495 19.6 -65.2992
    endloop
  endfacet
  facet normal 0.0654159 0 0.997858
    outer loop
      vertex -19.2495 0.0999994 -65.2992
      vertex -20 19.6 -65.25
      vertex -20 0.0999994 -65.25
    endloop
  endfacet
  facet normal 0.0654159 0 -0.997858
    outer loop
      vertex -20 0.0999994 -76.75
      vertex -19.2495 19.6 -76.7008
      vertex -19.2495 0.0999994 -76.7008
    endloop
  endfacet
  facet normal 0.0654159 0 -0.997858
    outer loop
      vertex -19.2495 19.6 -76.7008
      vertex -20 0.0999994 -76.75
      vertex -20 19.6 -76.75
    endloop
  endfacet
  facet normal -0.89686 0 0.442314
    outer loop
      vertex -25.3123 0.0999994 -68.7996
      vertex -24.9796 19.6 -68.125
      vertex -25.3123 19.6 -68.7996
    endloop
  endfacet
  facet normal -0.89686 0 0.442314
    outer loop
      vertex -24.9796 19.6 -68.125
      vertex -25.3123 0.0999994 -68.7996
      vertex -24.9796 0.0999994 -68.125
    endloop
  endfacet
  facet normal -0.997858 0 0.0654159
    outer loop
      vertex -25.75 0.0999994 -71
      vertex -25.7008 19.6 -70.2495
      vertex -25.75 19.6 -71
    endloop
  endfacet
  facet normal -0.997858 0 0.0654159
    outer loop
      vertex -25.7008 19.6 -70.2495
      vertex -25.75 0.0999994 -71
      vertex -25.7008 0.0999994 -70.2495
    endloop
  endfacet
  facet normal -0.946914 0 -0.321488
    outer loop
      vertex -25.3123 0.0999994 -73.2004
      vertex -25.5541 19.6 -72.4882
      vertex -25.3123 19.6 -73.2004
    endloop
  endfacet
  facet normal -0.946914 -0 -0.321488
    outer loop
      vertex -25.5541 19.6 -72.4882
      vertex -25.3123 0.0999994 -73.2004
      vertex -25.5541 0.0999994 -72.4882
    endloop
  endfacet
  facet normal 0.89686 0 -0.442314
    outer loop
      vertex -14.6877 0.0999994 -73.2004
      vertex -15.0204 19.6 -73.875
      vertex -14.6877 19.6 -73.2004
    endloop
  endfacet
  facet normal 0.89686 0 -0.442314
    outer loop
      vertex -15.0204 19.6 -73.875
      vertex -14.6877 0.0999994 -73.2004
      vertex -15.0204 0.0999994 -73.875
    endloop
  endfacet
  facet normal 0.555498 0 0.831518
    outer loop
      vertex -17.125 19.6 -66.0204
      vertex -16.4996 0.0999994 -66.4382
      vertex -16.4996 19.6 -66.4382
    endloop
  endfacet
  facet normal 0.555498 0 0.831518
    outer loop
      vertex -16.4996 0.0999994 -66.4382
      vertex -17.125 19.6 -66.0204
      vertex -17.125 0.0999994 -66.0204
    endloop
  endfacet
  facet normal 0.659323 0 0.75186
    outer loop
      vertex -16.4996 19.6 -66.4382
      vertex -15.9341 0.0999994 -66.9341
      vertex -15.9341 19.6 -66.9341
    endloop
  endfacet
  facet normal 0.659323 0 0.75186
    outer loop
      vertex -15.9341 0.0999994 -66.9341
      vertex -16.4996 19.6 -66.4382
      vertex -16.4996 0.0999994 -66.4382
    endloop
  endfacet
  facet normal 0.195042 0 0.980795
    outer loop
      vertex -19.2495 19.6 -65.2992
      vertex -18.5118 0.0999994 -65.4459
      vertex -18.5118 19.6 -65.4459
    endloop
  endfacet
  facet normal 0.195042 0 0.980795
    outer loop
      vertex -18.5118 0.0999994 -65.4459
      vertex -19.2495 19.6 -65.2992
      vertex -19.2495 0.0999994 -65.2992
    endloop
  endfacet
  facet normal 0.75186 0 -0.659323
    outer loop
      vertex -15.4382 0.0999994 -74.5004
      vertex -15.9341 19.6 -75.0659
      vertex -15.4382 19.6 -74.5004
    endloop
  endfacet
  facet normal 0.75186 0 -0.659323
    outer loop
      vertex -15.9341 19.6 -75.0659
      vertex -15.4382 0.0999994 -74.5004
      vertex -15.9341 0.0999994 -75.0659
    endloop
  endfacet
  facet normal 0.997858 0 -0.0654159
    outer loop
      vertex -14.25 0.0999994 -71
      vertex -14.2992 19.6 -71.7505
      vertex -14.25 19.6 -71
    endloop
  endfacet
  facet normal 0.997858 0 -0.0654159
    outer loop
      vertex -14.2992 19.6 -71.7505
      vertex -14.25 0.0999994 -71
      vertex -14.2992 0.0999994 -71.7505
    endloop
  endfacet
  facet normal -0.946914 0 0.321488
    outer loop
      vertex -25.5541 0.0999994 -69.5118
      vertex -25.3123 19.6 -68.7996
      vertex -25.5541 19.6 -69.5118
    endloop
  endfacet
  facet normal -0.946914 0 0.321488
    outer loop
      vertex -25.3123 19.6 -68.7996
      vertex -25.5541 0.0999994 -69.5118
      vertex -25.3123 0.0999994 -68.7996
    endloop
  endfacet
  facet normal -0.442314 0 -0.89686
    outer loop
      vertex -22.875 0.0999994 -75.9796
      vertex -22.2004 19.6 -76.3123
      vertex -22.2004 0.0999994 -76.3123
    endloop
  endfacet
  facet normal -0.442314 0 -0.89686
    outer loop
      vertex -22.2004 19.6 -76.3123
      vertex -22.875 0.0999994 -75.9796
      vertex -22.875 19.6 -75.9796
    endloop
  endfacet
  facet normal 0.946914 -0 0.321488
    outer loop
      vertex -14.6877 0.0999994 -68.7996
      vertex -14.4459 19.6 -69.5118
      vertex -14.6877 19.6 -68.7996
    endloop
  endfacet
  facet normal 0.946914 0 0.321488
    outer loop
      vertex -14.4459 19.6 -69.5118
      vertex -14.6877 0.0999994 -68.7996
      vertex -14.4459 0.0999994 -69.5118
    endloop
  endfacet
  facet normal -0.195042 0 0.980795
    outer loop
      vertex -21.4882 19.6 -65.4459
      vertex -20.7505 0.0999994 -65.2992
      vertex -20.7505 19.6 -65.2992
    endloop
  endfacet
  facet normal -0.195042 0 0.980795
    outer loop
      vertex -20.7505 0.0999994 -65.2992
      vertex -21.4882 19.6 -65.4459
      vertex -21.4882 0.0999994 -65.4459
    endloop
  endfacet
  facet normal 0.442314 0 -0.89686
    outer loop
      vertex -17.7996 0.0999994 -76.3123
      vertex -17.125 19.6 -75.9796
      vertex -17.125 0.0999994 -75.9796
    endloop
  endfacet
  facet normal 0.442314 0 -0.89686
    outer loop
      vertex -17.125 19.6 -75.9796
      vertex -17.7996 0.0999994 -76.3123
      vertex -17.7996 19.6 -76.3123
    endloop
  endfacet
  facet normal 0.831518 0 -0.555498
    outer loop
      vertex -15.0204 0.0999994 -73.875
      vertex -15.4382 19.6 -74.5004
      vertex -15.0204 19.6 -73.875
    endloop
  endfacet
  facet normal 0.831518 0 -0.555498
    outer loop
      vertex -15.4382 19.6 -74.5004
      vertex -15.0204 0.0999994 -73.875
      vertex -15.4382 0.0999994 -74.5004
    endloop
  endfacet
  facet normal 0.946914 0 -0.321488
    outer loop
      vertex -14.4459 0.0999994 -72.4882
      vertex -14.6877 19.6 -73.2004
      vertex -14.4459 19.6 -72.4882
    endloop
  endfacet
  facet normal 0.946914 0 -0.321488
    outer loop
      vertex -14.6877 19.6 -73.2004
      vertex -14.4459 0.0999994 -72.4882
      vertex -14.6877 0.0999994 -73.2004
    endloop
  endfacet
  facet normal -0.0654159 0 0.997858
    outer loop
      vertex -20.7505 19.6 -65.2992
      vertex -20 0.0999994 -65.25
      vertex -20 19.6 -65.25
    endloop
  endfacet
  facet normal -0.0654159 0 0.997858
    outer loop
      vertex -20 0.0999994 -65.25
      vertex -20.7505 19.6 -65.2992
      vertex -20.7505 0.0999994 -65.2992
    endloop
  endfacet
  facet normal -0.831518 0 -0.555498
    outer loop
      vertex -24.5618 0.0999994 -74.5004
      vertex -24.9796 19.6 -73.875
      vertex -24.5618 19.6 -74.5004
    endloop
  endfacet
  facet normal -0.831518 -0 -0.555498
    outer loop
      vertex -24.9796 19.6 -73.875
      vertex -24.5618 0.0999994 -74.5004
      vertex -24.9796 0.0999994 -73.875
    endloop
  endfacet
  facet normal -0.321488 0 -0.946914
    outer loop
      vertex -22.2004 0.0999994 -76.3123
      vertex -21.4882 19.6 -76.5541
      vertex -21.4882 0.0999994 -76.5541
    endloop
  endfacet
  facet normal -0.321488 0 -0.946914
    outer loop
      vertex -21.4882 19.6 -76.5541
      vertex -22.2004 0.0999994 -76.3123
      vertex -22.2004 19.6 -76.3123
    endloop
  endfacet
  facet normal 0 -1 0
    outer loop
      vertex -20 0.0999994 -69.3
      vertex -20 0.0999994 -65.25
      vertex -20.7505 0.0999994 -65.2992
    endloop
  endfacet
  facet normal 0 -1 0
    outer loop
      vertex -20.2219 0.0999994 -69.3145
      vertex -20.7505 0.0999994 -65.2992
      vertex -21.4882 0.0999994 -65.4459
    endloop
  endfacet
  facet normal 0 -1 0
    outer loop
      vertex -20 0.0999994 -65.25
      vertex -20 0.0999994 -69.3
      vertex -19.2495 0.0999994 -65.2992
    endloop
  endfacet
  facet normal 0 -1 0
    outer loop
      vertex -20.44 0.0999994 -69.3579
      vertex -21.4882 0.0999994 -65.4459
      vertex -22.2004 0.0999994 -65.6877
    endloop
  endfacet
  facet normal 0 -1 0
    outer loop
      vertex -19.7781 0.0999994 -69.3145
      vertex -19.2495 0.0999994 -65.2992
      vertex -20 0.0999994 -69.3
    endloop
  endfacet
  facet normal 0 -1 0
    outer loop
      vertex -20.6506 0.0999994 -69.4294
      vertex -22.2004 0.0999994 -65.6877
      vertex -22.875 0.0999994 -66.0204
    endloop
  endfacet
  facet normal 0 -1 -0
    outer loop
      vertex -19.2495 0.0999994 -65.2992
      vertex -19.7781 0.0999994 -69.3145
      vertex -18.5118 0.0999994 -65.4459
    endloop
  endfacet
  facet normal 0 -1 0
    outer loop
      vertex -20.85 0.0999994 -69.5278
      vertex -22.875 0.0999994 -66.0204
      vertex -23.5004 0.0999994 -66.4382
    endloop
  endfacet
  facet normal 0 -1 0
    outer loop
      vertex -19.56 0.0999994 -69.3579
      vertex -18.5118 0.0999994 -65.4459
      vertex -19.7781 0.0999994 -69.3145
    endloop
  endfacet
  facet normal 0 -1 0
    outer loop
      vertex -21.0349 0.0999994 -69.6513
      vertex -23.5004 0.0999994 -66.4382
      vertex -24.0659 0.0999994 -66.9341
    endloop
  endfacet
  facet normal 0 -1 -0
    outer loop
      vertex -18.5118 0.0999994 -65.4459
      vertex -19.56 0.0999994 -69.3579
      vertex -17.7996 0.0999994 -65.6877
    endloop
  endfacet
  facet normal 0 -1 0
    outer loop
      vertex -21.2021 0.0999994 -69.7979
      vertex -24.0659 0.0999994 -66.9341
      vertex -24.5618 0.0999994 -67.4996
    endloop
  endfacet
  facet normal 0 -1 0
    outer loop
      vertex -19.3494 0.0999994 -69.4294
      vertex -17.7996 0.0999994 -65.6877
      vertex -19.56 0.0999994 -69.3579
    endloop
  endfacet
  facet normal 0 -1 0
    outer loop
      vertex -21.3487 0.0999994 -69.9651
      vertex -24.5618 0.0999994 -67.4996
      vertex -24.9796 0.0999994 -68.125
    endloop
  endfacet
  facet normal 0 -1 -0
    outer loop
      vertex -17.7996 0.0999994 -65.6877
      vertex -19.3494 0.0999994 -69.4294
      vertex -17.125 0.0999994 -66.0204
    endloop
  endfacet
  facet normal 0 -1 0
    outer loop
      vertex -21.4722 0.0999994 -70.15
      vertex -24.9796 0.0999994 -68.125
      vertex -25.3123 0.0999994 -68.7996
    endloop
  endfacet
  facet normal 0 -1 0
    outer loop
      vertex -19.15 0.0999994 -69.5278
      vertex -17.125 0.0999994 -66.0204
      vertex -19.3494 0.0999994 -69.4294
    endloop
  endfacet
  facet normal 0 -1 -0
    outer loop
      vertex -17.125 0.0999994 -66.0204
      vertex -19.15 0.0999994 -69.5278
      vertex -16.4996 0.0999994 -66.4382
    endloop
  endfacet
  facet normal 0 -1 0
    outer loop
      vertex -20.7505 0.0999994 -65.2992
      vertex -20.2219 0.0999994 -69.3145
      vertex -20 0.0999994 -69.3
    endloop
  endfacet
  facet normal 0 -1 0
    outer loop
      vertex -21.4882 0.0999994 -65.4459
      vertex -20.44 0.0999994 -69.3579
      vertex -20.2219 0.0999994 -69.3145
    endloop
  endfacet
  facet normal 0 -1 0
    outer loop
      vertex -22.2004 0.0999994 -65.6877
      vertex -20.6506 0.0999994 -69.4294
      vertex -20.44 0.0999994 -69.3579
    endloop
  endfacet
  facet normal 0 -1 0
    outer loop
      vertex -21.5706 0.0999994 -70.3494
      vertex -25.3123 0.0999994 -68.7996
      vertex -25.5541 0.0999994 -69.5118
    endloop
  endfacet
  facet normal 0 -1 0
    outer loop
      vertex -22.875 0.0999994 -66.0204
      vertex -20.85 0.0999994 -69.5278
      vertex -20.6506 0.0999994 -69.4294
    endloop
  endfacet
  facet normal 0 -1 0
    outer loop
      vertex -23.5004 0.0999994 -66.4382
      vertex -21.0349 0.0999994 -69.6513
      vertex -20.85 0.0999994 -69.5278
    endloop
  endfacet
  facet normal 0 -1 0
    outer loop
      vertex -24.0659 0.0999994 -66.9341
      vertex -21.2021 0.0999994 -69.7979
      vertex -21.0349 0.0999994 -69.6513
    endloop
  endfacet
  facet normal 0 -1 0
    outer loop
      vertex -24.5618 0.0999994 -67.4996
      vertex -21.3487 0.0999994 -69.9651
      vertex -21.2021 0.0999994 -69.7979
    endloop
  endfacet
  facet normal 0 -1 0
    outer loop
      vertex -24.9796 0.0999994 -68.125
      vertex -21.4722 0.0999994 -70.15
      vertex -21.3487 0.0999994 -69.9651
    endloop
  endfacet
  facet normal 0 -1 0
    outer loop
      vertex -21.6421 0.0999994 -70.56
      vertex -25.5541 0.0999994 -69.5118
      vertex -25.7008 0.0999994 -70.2495
    endloop
  endfacet
  facet normal 0 -1 0
    outer loop
      vertex -25.3123 0.0999994 -68.7996
      vertex -21.5706 0.0999994 -70.3494
      vertex -21.4722 0.0999994 -70.15
    endloop
  endfacet
  facet normal 0 -1 0
    outer loop
      vertex -25.5541 0.0999994 -69.5118
      vertex -21.6421 0.0999994 -70.56
      vertex -21.5706 0.0999994 -70.3494
    endloop
  endfacet
  facet normal 0 -1 0
    outer loop
      vertex -25.7008 0.0999994 -70.2495
      vertex -21.6855 0.0999994 -70.7781
      vertex -21.6421 0.0999994 -70.56
    endloop
  endfacet
  facet normal 0 -1 0
    outer loop
      vertex -25.75 0.0999994 -71
      vertex -21.6855 0.0999994 -70.7781
      vertex -25.7008 0.0999994 -70.2495
    endloop
  endfacet
  facet normal 0 -1 0
    outer loop
      vertex -25.75 0.0999994 -71
      vertex -21.7 0.0999994 -71
      vertex -21.6855 0.0999994 -70.7781
    endloop
  endfacet
  facet normal 0 -1 0
    outer loop
      vertex -25.75 0.0999994 -71
      vertex -21.6855 0.0999994 -71.2219
      vertex -21.7 0.0999994 -71
    endloop
  endfacet
  facet normal 0 -1 0
    outer loop
      vertex -25.7008 0.0999994 -71.7505
      vertex -21.6855 0.0999994 -71.2219
      vertex -25.75 0.0999994 -71
    endloop
  endfacet
  facet normal 0 -1 -0
    outer loop
      vertex -21.6855 0.0999994 -71.2219
      vertex -25.7008 0.0999994 -71.7505
      vertex -21.6421 0.0999994 -71.44
    endloop
  endfacet
  facet normal 0 -1 0
    outer loop
      vertex -25.5541 0.0999994 -72.4882
      vertex -21.6421 0.0999994 -71.44
      vertex -25.7008 0.0999994 -71.7505
    endloop
  endfacet
  facet normal 0 -1 -0
    outer loop
      vertex -21.6421 0.0999994 -71.44
      vertex -25.5541 0.0999994 -72.4882
      vertex -21.5706 0.0999994 -71.6506
    endloop
  endfacet
  facet normal 0 -1 0
    outer loop
      vertex -25.3123 0.0999994 -73.2004
      vertex -21.5706 0.0999994 -71.6506
      vertex -25.5541 0.0999994 -72.4882
    endloop
  endfacet
  facet normal 0 -1 -0
    outer loop
      vertex -21.5706 0.0999994 -71.6506
      vertex -25.3123 0.0999994 -73.2004
      vertex -21.4722 0.0999994 -71.85
    endloop
  endfacet
  facet normal 0 -1 0
    outer loop
      vertex -24.9796 0.0999994 -73.875
      vertex -21.4722 0.0999994 -71.85
      vertex -25.3123 0.0999994 -73.2004
    endloop
  endfacet
  facet normal 0 -1 -0
    outer loop
      vertex -21.4722 0.0999994 -71.85
      vertex -24.9796 0.0999994 -73.875
      vertex -21.3487 0.0999994 -72.0349
    endloop
  endfacet
  facet normal 0 -1 0
    outer loop
      vertex -24.5618 0.0999994 -74.5004
      vertex -21.3487 0.0999994 -72.0349
      vertex -24.9796 0.0999994 -73.875
    endloop
  endfacet
  facet normal 0 -1 -0
    outer loop
      vertex -21.3487 0.0999994 -72.0349
      vertex -24.5618 0.0999994 -74.5004
      vertex -21.2021 0.0999994 -72.2021
    endloop
  endfacet
  facet normal 0 -1 0
    outer loop
      vertex -24.0659 0.0999994 -75.0659
      vertex -21.2021 0.0999994 -72.2021
      vertex -24.5618 0.0999994 -74.5004
    endloop
  endfacet
  facet normal 0 -1 -0
    outer loop
      vertex -21.2021 0.0999994 -72.2021
      vertex -24.0659 0.0999994 -75.0659
      vertex -21.0349 0.0999994 -72.3487
    endloop
  endfacet
  facet normal 0 -1 0
    outer loop
      vertex -23.5004 0.0999994 -75.5618
      vertex -21.0349 0.0999994 -72.3487
      vertex -24.0659 0.0999994 -75.0659
    endloop
  endfacet
  facet normal 0 -1 -0
    outer loop
      vertex -21.0349 0.0999994 -72.3487
      vertex -23.5004 0.0999994 -75.5618
      vertex -20.85 0.0999994 -72.4722
    endloop
  endfacet
  facet normal 0 -1 0
    outer loop
      vertex -18.9651 0.0999994 -69.6513
      vertex -16.4996 0.0999994 -66.4382
      vertex -19.15 0.0999994 -69.5278
    endloop
  endfacet
  facet normal 0 -1 -0
    outer loop
      vertex -16.4996 0.0999994 -66.4382
      vertex -18.9651 0.0999994 -69.6513
      vertex -15.9341 0.0999994 -66.9341
    endloop
  endfacet
  facet normal 0 -1 0
    outer loop
      vertex -18.7979 0.0999994 -69.7979
      vertex -15.9341 0.0999994 -66.9341
      vertex -18.9651 0.0999994 -69.6513
    endloop
  endfacet
  facet normal 0 -1 -0
    outer loop
      vertex -15.9341 0.0999994 -66.9341
      vertex -18.7979 0.0999994 -69.7979
      vertex -15.4382 0.0999994 -67.4996
    endloop
  endfacet
  facet normal 0 -1 0
    outer loop
      vertex -18.6513 0.0999994 -69.9651
      vertex -15.4382 0.0999994 -67.4996
      vertex -18.7979 0.0999994 -69.7979
    endloop
  endfacet
  facet normal 0 -1 -0
    outer loop
      vertex -15.4382 0.0999994 -67.4996
      vertex -18.6513 0.0999994 -69.9651
      vertex -15.0204 0.0999994 -68.125
    endloop
  endfacet
  facet normal 0 -1 0
    outer loop
      vertex -18.5278 0.0999994 -70.15
      vertex -15.0204 0.0999994 -68.125
      vertex -18.6513 0.0999994 -69.9651
    endloop
  endfacet
  facet normal 0 -1 -0
    outer loop
      vertex -15.0204 0.0999994 -68.125
      vertex -18.5278 0.0999994 -70.15
      vertex -14.6877 0.0999994 -68.7996
    endloop
  endfacet
  facet normal 0 -1 0
    outer loop
      vertex -18.4294 0.0999994 -70.3494
      vertex -14.6877 0.0999994 -68.7996
      vertex -18.5278 0.0999994 -70.15
    endloop
  endfacet
  facet normal 0 -1 -0
    outer loop
      vertex -14.6877 0.0999994 -68.7996
      vertex -18.4294 0.0999994 -70.3494
      vertex -14.4459 0.0999994 -69.5118
    endloop
  endfacet
  facet normal 0 -1 0
    outer loop
      vertex -18.3579 0.0999994 -70.56
      vertex -14.4459 0.0999994 -69.5118
      vertex -18.4294 0.0999994 -70.3494
    endloop
  endfacet
  facet normal 0 -1 -0
    outer loop
      vertex -14.4459 0.0999994 -69.5118
      vertex -18.3579 0.0999994 -70.56
      vertex -14.2992 0.0999994 -70.2495
    endloop
  endfacet
  facet normal 0 -1 0
    outer loop
      vertex -18.3145 0.0999994 -70.7781
      vertex -14.2992 0.0999994 -70.2495
      vertex -18.3579 0.0999994 -70.56
    endloop
  endfacet
  facet normal 0 -1 0
    outer loop
      vertex -18.3 0.0999994 -71
      vertex -14.2992 0.0999994 -70.2495
      vertex -18.3145 0.0999994 -70.7781
    endloop
  endfacet
  facet normal 0 -1 0
    outer loop
      vertex -18.3 0.0999994 -71
      vertex -14.25 0.0999994 -71
      vertex -14.2992 0.0999994 -70.2495
    endloop
  endfacet
  facet normal 0 -1 0
    outer loop
      vertex -18.3145 0.0999994 -71.2219
      vertex -14.25 0.0999994 -71
      vertex -18.3 0.0999994 -71
    endloop
  endfacet
  facet normal 0 -1 0
    outer loop
      vertex -14.2992 0.0999994 -71.7505
      vertex -18.3145 0.0999994 -71.2219
      vertex -18.3579 0.0999994 -71.44
    endloop
  endfacet
  facet normal 0 -1 0
    outer loop
      vertex -14.4459 0.0999994 -72.4882
      vertex -18.3579 0.0999994 -71.44
      vertex -18.4294 0.0999994 -71.6506
    endloop
  endfacet
  facet normal 0 -1 0
    outer loop
      vertex -18.3145 0.0999994 -71.2219
      vertex -14.2992 0.0999994 -71.7505
      vertex -14.25 0.0999994 -71
    endloop
  endfacet
  facet normal 0 -1 0
    outer loop
      vertex -14.6877 0.0999994 -73.2004
      vertex -18.4294 0.0999994 -71.6506
      vertex -18.5278 0.0999994 -71.85
    endloop
  endfacet
  facet normal 0 -1 0
    outer loop
      vertex -15.0204 0.0999994 -73.875
      vertex -18.5278 0.0999994 -71.85
      vertex -18.6513 0.0999994 -72.0349
    endloop
  endfacet
  facet normal 0 -1 0
    outer loop
      vertex -15.4382 0.0999994 -74.5004
      vertex -18.6513 0.0999994 -72.0349
      vertex -18.7979 0.0999994 -72.2021
    endloop
  endfacet
  facet normal 0 -1 0
    outer loop
      vertex -15.9341 0.0999994 -75.0659
      vertex -18.7979 0.0999994 -72.2021
      vertex -18.9651 0.0999994 -72.3487
    endloop
  endfacet
  facet normal 0 -1 0
    outer loop
      vertex -16.4996 0.0999994 -75.5618
      vertex -18.9651 0.0999994 -72.3487
      vertex -19.15 0.0999994 -72.4722
    endloop
  endfacet
  facet normal 0 -1 0
    outer loop
      vertex -18.3579 0.0999994 -71.44
      vertex -14.4459 0.0999994 -72.4882
      vertex -14.2992 0.0999994 -71.7505
    endloop
  endfacet
  facet normal 0 -1 0
    outer loop
      vertex -17.125 0.0999994 -75.9796
      vertex -19.15 0.0999994 -72.4722
      vertex -19.3494 0.0999994 -72.5706
    endloop
  endfacet
  facet normal 0 -1 0
    outer loop
      vertex -17.7996 0.0999994 -76.3123
      vertex -19.3494 0.0999994 -72.5706
      vertex -19.56 0.0999994 -72.6421
    endloop
  endfacet
  facet normal 0 -1 0
    outer loop
      vertex -18.5118 0.0999994 -76.5541
      vertex -19.56 0.0999994 -72.6421
      vertex -19.7781 0.0999994 -72.6855
    endloop
  endfacet
  facet normal 0 -1 0
    outer loop
      vertex -19.2495 0.0999994 -76.7008
      vertex -19.7781 0.0999994 -72.6855
      vertex -20 0.0999994 -72.7
    endloop
  endfacet
  facet normal 0 -1 0
    outer loop
      vertex -22.875 0.0999994 -75.9796
      vertex -20.85 0.0999994 -72.4722
      vertex -23.5004 0.0999994 -75.5618
    endloop
  endfacet
  facet normal 0 -1 0
    outer loop
      vertex -18.4294 0.0999994 -71.6506
      vertex -14.6877 0.0999994 -73.2004
      vertex -14.4459 0.0999994 -72.4882
    endloop
  endfacet
  facet normal 0 -1 -0
    outer loop
      vertex -20.85 0.0999994 -72.4722
      vertex -22.875 0.0999994 -75.9796
      vertex -20.6506 0.0999994 -72.5706
    endloop
  endfacet
  facet normal 0 -1 0
    outer loop
      vertex -18.5278 0.0999994 -71.85
      vertex -15.0204 0.0999994 -73.875
      vertex -14.6877 0.0999994 -73.2004
    endloop
  endfacet
  facet normal 0 -1 0
    outer loop
      vertex -22.2004 0.0999994 -76.3123
      vertex -20.6506 0.0999994 -72.5706
      vertex -22.875 0.0999994 -75.9796
    endloop
  endfacet
  facet normal 0 -1 0
    outer loop
      vertex -18.6513 0.0999994 -72.0349
      vertex -15.4382 0.0999994 -74.5004
      vertex -15.0204 0.0999994 -73.875
    endloop
  endfacet
  facet normal 0 -1 -0
    outer loop
      vertex -20.6506 0.0999994 -72.5706
      vertex -22.2004 0.0999994 -76.3123
      vertex -20.44 0.0999994 -72.6421
    endloop
  endfacet
  facet normal 0 -1 0
    outer loop
      vertex -18.7979 0.0999994 -72.2021
      vertex -15.9341 0.0999994 -75.0659
      vertex -15.4382 0.0999994 -74.5004
    endloop
  endfacet
  facet normal 0 -1 0
    outer loop
      vertex -21.4882 0.0999994 -76.5541
      vertex -20.44 0.0999994 -72.6421
      vertex -22.2004 0.0999994 -76.3123
    endloop
  endfacet
  facet normal 0 -1 0
    outer loop
      vertex -18.9651 0.0999994 -72.3487
      vertex -16.4996 0.0999994 -75.5618
      vertex -15.9341 0.0999994 -75.0659
    endloop
  endfacet
  facet normal 0 -1 -0
    outer loop
      vertex -20.44 0.0999994 -72.6421
      vertex -21.4882 0.0999994 -76.5541
      vertex -20.2219 0.0999994 -72.6855
    endloop
  endfacet
  facet normal 0 -1 0
    outer loop
      vertex -19.15 0.0999994 -72.4722
      vertex -17.125 0.0999994 -75.9796
      vertex -16.4996 0.0999994 -75.5618
    endloop
  endfacet
  facet normal 0 -1 0
    outer loop
      vertex -20.7505 0.0999994 -76.7008
      vertex -20.2219 0.0999994 -72.6855
      vertex -21.4882 0.0999994 -76.5541
    endloop
  endfacet
  facet normal 0 -1 0
    outer loop
      vertex -19.3494 0.0999994 -72.5706
      vertex -17.7996 0.0999994 -76.3123
      vertex -17.125 0.0999994 -75.9796
    endloop
  endfacet
  facet normal 0 -1 -0
    outer loop
      vertex -20.2219 0.0999994 -72.6855
      vertex -20.7505 0.0999994 -76.7008
      vertex -20 0.0999994 -72.7
    endloop
  endfacet
  facet normal 0 -1 0
    outer loop
      vertex -19.56 0.0999994 -72.6421
      vertex -18.5118 0.0999994 -76.5541
      vertex -17.7996 0.0999994 -76.3123
    endloop
  endfacet
  facet normal 0 -1 0
    outer loop
      vertex -20 0.0999994 -76.75
      vertex -20 0.0999994 -72.7
      vertex -20.7505 0.0999994 -76.7008
    endloop
  endfacet
  facet normal 0 -1 0
    outer loop
      vertex -19.7781 0.0999994 -72.6855
      vertex -19.2495 0.0999994 -76.7008
      vertex -18.5118 0.0999994 -76.5541
    endloop
  endfacet
  facet normal 0 -1 0
    outer loop
      vertex -20 0.0999994 -72.7
      vertex -20 0.0999994 -76.75
      vertex -19.2495 0.0999994 -76.7008
    endloop
  endfacet
  facet normal -0.75186 0 -0.659323
    outer loop
      vertex -24.0659 0.0999994 -75.0659
      vertex -24.5618 19.6 -74.5004
      vertex -24.0659 19.6 -75.0659
    endloop
  endfacet
  facet normal -0.75186 -0 -0.659323
    outer loop
      vertex -24.5618 19.6 -74.5004
      vertex -24.0659 0.0999994 -75.0659
      vertex -24.5618 0.0999994 -74.5004
    endloop
  endfacet
  facet normal -0.555498 0 -0.831518
    outer loop
      vertex -23.5004 0.0999994 -75.5618
      vertex -22.875 19.6 -75.9796
      vertex -22.875 0.0999994 -75.9796
    endloop
  endfacet
  facet normal -0.555498 0 -0.831518
    outer loop
      vertex -22.875 19.6 -75.9796
      vertex -23.5004 0.0999994 -75.5618
      vertex -23.5004 19.6 -75.5618
    endloop
  endfacet
  facet normal -0.831518 0 0.555498
    outer loop
      vertex -24.9796 0.0999994 -68.125
      vertex -24.5618 19.6 -67.4996
      vertex -24.9796 19.6 -68.125
    endloop
  endfacet
  facet normal -0.831518 0 0.555498
    outer loop
      vertex -24.5618 19.6 -67.4996
      vertex -24.9796 0.0999994 -68.125
      vertex -24.5618 0.0999994 -67.4996
    endloop
  endfacet
  facet normal -0.75186 0 0.659323
    outer loop
      vertex -24.5618 0.0999994 -67.4996
      vertex -24.0659 19.6 -66.9341
      vertex -24.5618 19.6 -67.4996
    endloop
  endfacet
  facet normal -0.75186 0 0.659323
    outer loop
      vertex -24.0659 19.6 -66.9341
      vertex -24.5618 0.0999994 -67.4996
      vertex -24.0659 0.0999994 -66.9341
    endloop
  endfacet
  facet normal -0.195042 0 0.980795
    outer loop
      vertex 18.5118 19.6 -65.4459
      vertex 19.2495 0.0999994 -65.2992
      vertex 19.2495 19.6 -65.2992
    endloop
  endfacet
  facet normal -0.195042 0 0.980795
    outer loop
      vertex 19.2495 0.0999994 -65.2992
      vertex 18.5118 19.6 -65.4459
      vertex 18.5118 0.0999994 -65.4459
    endloop
  endfacet
  facet normal 0.980795 -0 0.195042
    outer loop
      vertex 25.5541 0.0999994 -69.5118
      vertex 25.7008 19.6 -70.2495
      vertex 25.5541 19.6 -69.5118
    endloop
  endfacet
  facet normal 0.980795 0 0.195042
    outer loop
      vertex 25.7008 19.6 -70.2495
      vertex 25.5541 0.0999994 -69.5118
      vertex 25.7008 0.0999994 -70.2495
    endloop
  endfacet
  facet normal 0.997858 -0 0.0654159
    outer loop
      vertex 25.7008 0.0999994 -70.2495
      vertex 25.75 19.6 -71
      vertex 25.7008 19.6 -70.2495
    endloop
  endfacet
  facet normal 0.997858 0 0.0654159
    outer loop
      vertex 25.75 19.6 -71
      vertex 25.7008 0.0999994 -70.2495
      vertex 25.75 0.0999994 -71
    endloop
  endfacet
  facet normal -0.555498 0 -0.831518
    outer loop
      vertex 16.4996 0.0999994 -75.5618
      vertex 17.125 19.6 -75.9796
      vertex 17.125 0.0999994 -75.9796
    endloop
  endfacet
  facet normal -0.555498 0 -0.831518
    outer loop
      vertex 17.125 19.6 -75.9796
      vertex 16.4996 0.0999994 -75.5618
      vertex 16.4996 19.6 -75.5618
    endloop
  endfacet
  facet normal -0.89686 0 -0.442314
    outer loop
      vertex 15.0204 0.0999994 -73.875
      vertex 14.6877 19.6 -73.2004
      vertex 15.0204 19.6 -73.875
    endloop
  endfacet
  facet normal -0.89686 -0 -0.442314
    outer loop
      vertex 14.6877 19.6 -73.2004
      vertex 15.0204 0.0999994 -73.875
      vertex 14.6877 0.0999994 -73.2004
    endloop
  endfacet
  facet normal 0.555498 0 0.831518
    outer loop
      vertex 22.875 19.6 -66.0204
      vertex 23.5004 0.0999994 -66.4382
      vertex 23.5004 19.6 -66.4382
    endloop
  endfacet
  facet normal 0.555498 0 0.831518
    outer loop
      vertex 23.5004 0.0999994 -66.4382
      vertex 22.875 19.6 -66.0204
      vertex 22.875 0.0999994 -66.0204
    endloop
  endfacet
  facet normal 0.946914 0 -0.321488
    outer loop
      vertex 25.5541 0.0999994 -72.4882
      vertex 25.3123 19.6 -73.2004
      vertex 25.5541 19.6 -72.4882
    endloop
  endfacet
  facet normal 0.946914 0 -0.321488
    outer loop
      vertex 25.3123 19.6 -73.2004
      vertex 25.5541 0.0999994 -72.4882
      vertex 25.3123 0.0999994 -73.2004
    endloop
  endfacet
  facet normal 0.89686 -0 0.442314
    outer loop
      vertex 24.9796 0.0999994 -68.125
      vertex 25.3123 19.6 -68.7996
      vertex 24.9796 19.6 -68.125
    endloop
  endfacet
  facet normal 0.89686 0 0.442314
    outer loop
      vertex 25.3123 19.6 -68.7996
      vertex 24.9796 0.0999994 -68.125
      vertex 25.3123 0.0999994 -68.7996
    endloop
  endfacet
  facet normal -0.321488 0 -0.946914
    outer loop
      vertex 17.7996 0.0999994 -76.3123
      vertex 18.5118 19.6 -76.5541
      vertex 18.5118 0.0999994 -76.5541
    endloop
  endfacet
  facet normal -0.321488 0 -0.946914
    outer loop
      vertex 18.5118 19.6 -76.5541
      vertex 17.7996 0.0999994 -76.3123
      vertex 17.7996 19.6 -76.3123
    endloop
  endfacet
  facet normal 0.831518 0 -0.555498
    outer loop
      vertex 24.9796 0.0999994 -73.875
      vertex 24.5618 19.6 -74.5004
      vertex 24.9796 19.6 -73.875
    endloop
  endfacet
  facet normal 0.831518 0 -0.555498
    outer loop
      vertex 24.5618 19.6 -74.5004
      vertex 24.9796 0.0999994 -73.875
      vertex 24.5618 0.0999994 -74.5004
    endloop
  endfacet
  facet normal 0.659323 0 0.75186
    outer loop
      vertex 23.5004 19.6 -66.4382
      vertex 24.0659 0.0999994 -66.9341
      vertex 24.0659 19.6 -66.9341
    endloop
  endfacet
  facet normal 0.659323 0 0.75186
    outer loop
      vertex 24.0659 0.0999994 -66.9341
      vertex 23.5004 19.6 -66.4382
      vertex 23.5004 0.0999994 -66.4382
    endloop
  endfacet
  facet normal 0.321488 0 0.946914
    outer loop
      vertex 21.4882 19.6 -65.4459
      vertex 22.2004 0.0999994 -65.6877
      vertex 22.2004 19.6 -65.6877
    endloop
  endfacet
  facet normal 0.321488 0 0.946914
    outer loop
      vertex 22.2004 0.0999994 -65.6877
      vertex 21.4882 19.6 -65.4459
      vertex 21.4882 0.0999994 -65.4459
    endloop
  endfacet
  facet normal -0.321488 0 0.946914
    outer loop
      vertex 17.7996 19.6 -65.6877
      vertex 18.5118 0.0999994 -65.4459
      vertex 18.5118 19.6 -65.4459
    endloop
  endfacet
  facet normal -0.321488 0 0.946914
    outer loop
      vertex 18.5118 0.0999994 -65.4459
      vertex 17.7996 19.6 -65.6877
      vertex 17.7996 0.0999994 -65.6877
    endloop
  endfacet
  facet normal -0.659323 0 0.75186
    outer loop
      vertex 15.9341 19.6 -66.9341
      vertex 16.4996 0.0999994 -66.4382
      vertex 16.4996 19.6 -66.4382
    endloop
  endfacet
  facet normal -0.659323 0 0.75186
    outer loop
      vertex 16.4996 0.0999994 -66.4382
      vertex 15.9341 19.6 -66.9341
      vertex 15.9341 0.0999994 -66.9341
    endloop
  endfacet
  facet normal -0.997858 0 -0.0654159
    outer loop
      vertex 14.2992 0.0999994 -71.7505
      vertex 14.25 19.6 -71
      vertex 14.2992 19.6 -71.7505
    endloop
  endfacet
  facet normal -0.997858 -0 -0.0654159
    outer loop
      vertex 14.25 19.6 -71
      vertex 14.2992 0.0999994 -71.7505
      vertex 14.25 0.0999994 -71
    endloop
  endfacet
  facet normal 0.659323 0 -0.75186
    outer loop
      vertex 23.5004 0.0999994 -75.5618
      vertex 24.0659 19.6 -75.0659
      vertex 24.0659 0.0999994 -75.0659
    endloop
  endfacet
  facet normal 0.659323 0 -0.75186
    outer loop
      vertex 24.0659 19.6 -75.0659
      vertex 23.5004 0.0999994 -75.5618
      vertex 23.5004 19.6 -75.5618
    endloop
  endfacet
  facet normal -0.946914 0 -0.321488
    outer loop
      vertex 14.6877 0.0999994 -73.2004
      vertex 14.4459 19.6 -72.4882
      vertex 14.6877 19.6 -73.2004
    endloop
  endfacet
  facet normal -0.946914 -0 -0.321488
    outer loop
      vertex 14.4459 19.6 -72.4882
      vertex 14.6877 0.0999994 -73.2004
      vertex 14.4459 0.0999994 -72.4882
    endloop
  endfacet
  facet normal -0.75186 0 -0.659323
    outer loop
      vertex 15.9341 0.0999994 -75.0659
      vertex 15.4382 19.6 -74.5004
      vertex 15.9341 19.6 -75.0659
    endloop
  endfacet
  facet normal -0.75186 -0 -0.659323
    outer loop
      vertex 15.4382 19.6 -74.5004
      vertex 15.9341 0.0999994 -75.0659
      vertex 15.4382 0.0999994 -74.5004
    endloop
  endfacet
  facet normal 0.442314 0 -0.89686
    outer loop
      vertex 22.2004 0.0999994 -76.3123
      vertex 22.875 19.6 -75.9796
      vertex 22.875 0.0999994 -75.9796
    endloop
  endfacet
  facet normal 0.442314 0 -0.89686
    outer loop
      vertex 22.875 19.6 -75.9796
      vertex 22.2004 0.0999994 -76.3123
      vertex 22.2004 19.6 -76.3123
    endloop
  endfacet
  facet normal 0.321488 0 -0.946914
    outer loop
      vertex 21.4882 0.0999994 -76.5541
      vertex 22.2004 19.6 -76.3123
      vertex 22.2004 0.0999994 -76.3123
    endloop
  endfacet
  facet normal 0.321488 0 -0.946914
    outer loop
      vertex 22.2004 19.6 -76.3123
      vertex 21.4882 0.0999994 -76.5541
      vertex 21.4882 19.6 -76.5541
    endloop
  endfacet
  facet normal -0.980795 0 0.195042
    outer loop
      vertex 14.2992 0.0999994 -70.2495
      vertex 14.4459 19.6 -69.5118
      vertex 14.2992 19.6 -70.2495
    endloop
  endfacet
  facet normal -0.980795 0 0.195042
    outer loop
      vertex 14.4459 19.6 -69.5118
      vertex 14.2992 0.0999994 -70.2495
      vertex 14.4459 0.0999994 -69.5118
    endloop
  endfacet
  facet normal 0.831518 -0 0.555498
    outer loop
      vertex 24.5618 0.0999994 -67.4996
      vertex 24.9796 19.6 -68.125
      vertex 24.5618 19.6 -67.4996
    endloop
  endfacet
  facet normal 0.831518 0 0.555498
    outer loop
      vertex 24.9796 19.6 -68.125
      vertex 24.5618 0.0999994 -67.4996
      vertex 24.9796 0.0999994 -68.125
    endloop
  endfacet
  facet normal -0.75186 0 0.659323
    outer loop
      vertex 15.4382 0.0999994 -67.4996
      vertex 15.9341 19.6 -66.9341
      vertex 15.4382 19.6 -67.4996
    endloop
  endfacet
  facet normal -0.75186 0 0.659323
    outer loop
      vertex 15.9341 19.6 -66.9341
      vertex 15.4382 0.0999994 -67.4996
      vertex 15.9341 0.0999994 -66.9341
    endloop
  endfacet
  facet normal -0.0654159 0 -0.997858
    outer loop
      vertex 19.2495 0.0999994 -76.7008
      vertex 20 19.6 -76.75
      vertex 20 0.0999994 -76.75
    endloop
  endfacet
  facet normal -0.0654159 0 -0.997858
    outer loop
      vertex 20 19.6 -76.75
      vertex 19.2495 0.0999994 -76.7008
      vertex 19.2495 19.6 -76.7008
    endloop
  endfacet
  facet normal 0.75186 0 -0.659323
    outer loop
      vertex 24.5618 0.0999994 -74.5004
      vertex 24.0659 19.6 -75.0659
      vertex 24.5618 19.6 -74.5004
    endloop
  endfacet
  facet normal 0.75186 0 -0.659323
    outer loop
      vertex 24.0659 19.6 -75.0659
      vertex 24.5618 0.0999994 -74.5004
      vertex 24.0659 0.0999994 -75.0659
    endloop
  endfacet
  facet normal -0.997858 0 0.0654159
    outer loop
      vertex 14.25 0.0999994 -71
      vertex 14.2992 19.6 -70.2495
      vertex 14.25 19.6 -71
    endloop
  endfacet
  facet normal -0.997858 0 0.0654159
    outer loop
      vertex 14.2992 19.6 -70.2495
      vertex 14.25 0.0999994 -71
      vertex 14.2992 0.0999994 -70.2495
    endloop
  endfacet
  facet normal -0.0654159 0 0.997858
    outer loop
      vertex 19.2495 19.6 -65.2992
      vertex 20 0.0999994 -65.25
      vertex 20 19.6 -65.25
    endloop
  endfacet
  facet normal -0.0654159 0 0.997858
    outer loop
      vertex 20 0.0999994 -65.25
      vertex 19.2495 19.6 -65.2992
      vertex 19.2495 0.0999994 -65.2992
    endloop
  endfacet
  facet normal 0.89686 0 -0.442314
    outer loop
      vertex 25.3123 0.0999994 -73.2004
      vertex 24.9796 19.6 -73.875
      vertex 25.3123 19.6 -73.2004
    endloop
  endfacet
  facet normal 0.89686 0 -0.442314
    outer loop
      vertex 24.9796 19.6 -73.875
      vertex 25.3123 0.0999994 -73.2004
      vertex 24.9796 0.0999994 -73.875
    endloop
  endfacet
  facet normal 0.980795 0 -0.195042
    outer loop
      vertex 25.7008 0.0999994 -71.7505
      vertex 25.5541 19.6 -72.4882
      vertex 25.7008 19.6 -71.7505
    endloop
  endfacet
  facet normal 0.980795 0 -0.195042
    outer loop
      vertex 25.5541 19.6 -72.4882
      vertex 25.7008 0.0999994 -71.7505
      vertex 25.5541 0.0999994 -72.4882
    endloop
  endfacet
  facet normal 0.0654159 0 0.997858
    outer loop
      vertex 20 19.6 -65.25
      vertex 20.7505 0.0999994 -65.2992
      vertex 20.7505 19.6 -65.2992
    endloop
  endfacet
  facet normal 0.0654159 0 0.997858
    outer loop
      vertex 20.7505 0.0999994 -65.2992
      vertex 20 19.6 -65.25
      vertex 20 0.0999994 -65.25
    endloop
  endfacet
  facet normal -0.831518 0 -0.555498
    outer loop
      vertex 15.4382 0.0999994 -74.5004
      vertex 15.0204 19.6 -73.875
      vertex 15.4382 19.6 -74.5004
    endloop
  endfacet
  facet normal -0.831518 -0 -0.555498
    outer loop
      vertex 15.0204 19.6 -73.875
      vertex 15.4382 0.0999994 -74.5004
      vertex 15.0204 0.0999994 -73.875
    endloop
  endfacet
  facet normal 0.0654159 0 -0.997858
    outer loop
      vertex 20 0.0999994 -76.75
      vertex 20.7505 19.6 -76.7008
      vertex 20.7505 0.0999994 -76.7008
    endloop
  endfacet
  facet normal 0.0654159 0 -0.997858
    outer loop
      vertex 20.7505 19.6 -76.7008
      vertex 20 0.0999994 -76.75
      vertex 20 19.6 -76.75
    endloop
  endfacet
  facet normal -0.442314 0 -0.89686
    outer loop
      vertex 17.125 0.0999994 -75.9796
      vertex 17.7996 19.6 -76.3123
      vertex 17.7996 0.0999994 -76.3123
    endloop
  endfacet
  facet normal -0.442314 0 -0.89686
    outer loop
      vertex 17.7996 19.6 -76.3123
      vertex 17.125 0.0999994 -75.9796
      vertex 17.125 19.6 -75.9796
    endloop
  endfacet
  facet normal 0.442314 0 0.89686
    outer loop
      vertex 22.2004 19.6 -65.6877
      vertex 22.875 0.0999994 -66.0204
      vertex 22.875 19.6 -66.0204
    endloop
  endfacet
  facet normal 0.442314 0 0.89686
    outer loop
      vertex 22.875 0.0999994 -66.0204
      vertex 22.2004 19.6 -65.6877
      vertex 22.2004 0.0999994 -65.6877
    endloop
  endfacet
  facet normal 0.555498 0 -0.831518
    outer loop
      vertex 22.875 0.0999994 -75.9796
      vertex 23.5004 19.6 -75.5618
      vertex 23.5004 0.0999994 -75.5618
    endloop
  endfacet
  facet normal 0.555498 0 -0.831518
    outer loop
      vertex 23.5004 19.6 -75.5618
      vertex 22.875 0.0999994 -75.9796
      vertex 22.875 19.6 -75.9796
    endloop
  endfacet
  facet normal -0.980795 0 -0.195042
    outer loop
      vertex 14.4459 0.0999994 -72.4882
      vertex 14.2992 19.6 -71.7505
      vertex 14.4459 19.6 -72.4882
    endloop
  endfacet
  facet normal -0.980795 -0 -0.195042
    outer loop
      vertex 14.2992 19.6 -71.7505
      vertex 14.4459 0.0999994 -72.4882
      vertex 14.2992 0.0999994 -71.7505
    endloop
  endfacet
  facet normal 0.997858 0 -0.0654159
    outer loop
      vertex 25.75 0.0999994 -71
      vertex 25.7008 19.6 -71.7505
      vertex 25.75 19.6 -71
    endloop
  endfacet
  facet normal 0.997858 0 -0.0654159
    outer loop
      vertex 25.7008 19.6 -71.7505
      vertex 25.75 0.0999994 -71
      vertex 25.7008 0.0999994 -71.7505
    endloop
  endfacet
  facet normal 0.195042 0 0.980795
    outer loop
      vertex 20.7505 19.6 -65.2992
      vertex 21.4882 0.0999994 -65.4459
      vertex 21.4882 19.6 -65.4459
    endloop
  endfacet
  facet normal 0.195042 0 0.980795
    outer loop
      vertex 21.4882 0.0999994 -65.4459
      vertex 20.7505 19.6 -65.2992
      vertex 20.7505 0.0999994 -65.2992
    endloop
  endfacet
  facet normal 0.195042 0 -0.980795
    outer loop
      vertex 20.7505 0.0999994 -76.7008
      vertex 21.4882 19.6 -76.5541
      vertex 21.4882 0.0999994 -76.5541
    endloop
  endfacet
  facet normal 0.195042 0 -0.980795
    outer loop
      vertex 21.4882 19.6 -76.5541
      vertex 20.7505 0.0999994 -76.7008
      vertex 20.7505 19.6 -76.7008
    endloop
  endfacet
  facet normal 0.946914 -0 0.321488
    outer loop
      vertex 25.3123 0.0999994 -68.7996
      vertex 25.5541 19.6 -69.5118
      vertex 25.3123 19.6 -68.7996
    endloop
  endfacet
  facet normal 0.946914 0 0.321488
    outer loop
      vertex 25.5541 19.6 -69.5118
      vertex 25.3123 0.0999994 -68.7996
      vertex 25.5541 0.0999994 -69.5118
    endloop
  endfacet
  facet normal -0.89686 0 0.442314
    outer loop
      vertex 14.6877 0.0999994 -68.7996
      vertex 15.0204 19.6 -68.125
      vertex 14.6877 19.6 -68.7996
    endloop
  endfacet
  facet normal -0.89686 0 0.442314
    outer loop
      vertex 15.0204 19.6 -68.125
      vertex 14.6877 0.0999994 -68.7996
      vertex 15.0204 0.0999994 -68.125
    endloop
  endfacet
  facet normal -0.555498 0 0.831518
    outer loop
      vertex 16.4996 19.6 -66.4382
      vertex 17.125 0.0999994 -66.0204
      vertex 17.125 19.6 -66.0204
    endloop
  endfacet
  facet normal -0.555498 0 0.831518
    outer loop
      vertex 17.125 0.0999994 -66.0204
      vertex 16.4996 19.6 -66.4382
      vertex 16.4996 0.0999994 -66.4382
    endloop
  endfacet
  facet normal 0.75186 -0 0.659323
    outer loop
      vertex 24.0659 0.0999994 -66.9341
      vertex 24.5618 19.6 -67.4996
      vertex 24.0659 19.6 -66.9341
    endloop
  endfacet
  facet normal 0.75186 0 0.659323
    outer loop
      vertex 24.5618 19.6 -67.4996
      vertex 24.0659 0.0999994 -66.9341
      vertex 24.5618 0.0999994 -67.4996
    endloop
  endfacet
  facet normal -0.442314 0 0.89686
    outer loop
      vertex 17.125 19.6 -66.0204
      vertex 17.7996 0.0999994 -65.6877
      vertex 17.7996 19.6 -65.6877
    endloop
  endfacet
  facet normal -0.442314 0 0.89686
    outer loop
      vertex 17.7996 0.0999994 -65.6877
      vertex 17.125 19.6 -66.0204
      vertex 17.125 0.0999994 -66.0204
    endloop
  endfacet
  facet normal -0.946914 0 0.321488
    outer loop
      vertex 14.4459 0.0999994 -69.5118
      vertex 14.6877 19.6 -68.7996
      vertex 14.4459 19.6 -69.5118
    endloop
  endfacet
  facet normal -0.946914 0 0.321488
    outer loop
      vertex 14.6877 19.6 -68.7996
      vertex 14.4459 0.0999994 -69.5118
      vertex 14.6877 0.0999994 -68.7996
    endloop
  endfacet
  facet normal -0.831518 0 0.555498
    outer loop
      vertex 15.0204 0.0999994 -68.125
      vertex 15.4382 19.6 -67.4996
      vertex 15.0204 19.6 -68.125
    endloop
  endfacet
  facet normal -0.831518 0 0.555498
    outer loop
      vertex 15.4382 19.6 -67.4996
      vertex 15.0204 0.0999994 -68.125
      vertex 15.4382 0.0999994 -67.4996
    endloop
  endfacet
  facet normal -0.195042 0 -0.980795
    outer loop
      vertex 18.5118 0.0999994 -76.5541
      vertex 19.2495 19.6 -76.7008
      vertex 19.2495 0.0999994 -76.7008
    endloop
  endfacet
  facet normal -0.195042 0 -0.980795
    outer loop
      vertex 19.2495 19.6 -76.7008
      vertex 18.5118 0.0999994 -76.5541
      vertex 18.5118 19.6 -76.5541
    endloop
  endfacet
  facet normal 0 -1 0
    outer loop
      vertex 20 0.0999994 -69.3
      vertex 20 0.0999994 -65.25
      vertex 19.2495 0.0999994 -65.2992
    endloop
  endfacet
  facet normal 0 -1 0
    outer loop
      vertex 19.7781 0.0999994 -69.3145
      vertex 19.2495 0.0999994 -65.2992
      vertex 18.5118 0.0999994 -65.4459
    endloop
  endfacet
  facet normal 0 -1 0
    outer loop
      vertex 20 0.0999994 -65.25
      vertex 20 0.0999994 -69.3
      vertex 20.7505 0.0999994 -65.2992
    endloop
  endfacet
  facet normal 0 -1 0
    outer loop
      vertex 19.56 0.0999994 -69.3579
      vertex 18.5118 0.0999994 -65.4459
      vertex 17.7996 0.0999994 -65.6877
    endloop
  endfacet
  facet normal 0 -1 0
    outer loop
      vertex 20.2219 0.0999994 -69.3145
      vertex 20.7505 0.0999994 -65.2992
      vertex 20 0.0999994 -69.3
    endloop
  endfacet
  facet normal 0 -1 0
    outer loop
      vertex 19.3494 0.0999994 -69.4294
      vertex 17.7996 0.0999994 -65.6877
      vertex 17.125 0.0999994 -66.0204
    endloop
  endfacet
  facet normal 0 -1 -0
    outer loop
      vertex 20.7505 0.0999994 -65.2992
      vertex 20.2219 0.0999994 -69.3145
      vertex 21.4882 0.0999994 -65.4459
    endloop
  endfacet
  facet normal 0 -1 0
    outer loop
      vertex 19.15 0.0999994 -69.5278
      vertex 17.125 0.0999994 -66.0204
      vertex 16.4996 0.0999994 -66.4382
    endloop
  endfacet
  facet normal 0 -1 0
    outer loop
      vertex 20.44 0.0999994 -69.3579
      vertex 21.4882 0.0999994 -65.4459
      vertex 20.2219 0.0999994 -69.3145
    endloop
  endfacet
  facet normal 0 -1 0
    outer loop
      vertex 18.9651 0.0999994 -69.6513
      vertex 16.4996 0.0999994 -66.4382
      vertex 15.9341 0.0999994 -66.9341
    endloop
  endfacet
  facet normal 0 -1 -0
    outer loop
      vertex 21.4882 0.0999994 -65.4459
      vertex 20.44 0.0999994 -69.3579
      vertex 22.2004 0.0999994 -65.6877
    endloop
  endfacet
  facet normal 0 -1 0
    outer loop
      vertex 18.7979 0.0999994 -69.7979
      vertex 15.9341 0.0999994 -66.9341
      vertex 15.4382 0.0999994 -67.4996
    endloop
  endfacet
  facet normal 0 -1 0
    outer loop
      vertex 20.6506 0.0999994 -69.4294
      vertex 22.2004 0.0999994 -65.6877
      vertex 20.44 0.0999994 -69.3579
    endloop
  endfacet
  facet normal 0 -1 0
    outer loop
      vertex 18.6513 0.0999994 -69.9651
      vertex 15.4382 0.0999994 -67.4996
      vertex 15.0204 0.0999994 -68.125
    endloop
  endfacet
  facet normal 0 -1 -0
    outer loop
      vertex 22.2004 0.0999994 -65.6877
      vertex 20.6506 0.0999994 -69.4294
      vertex 22.875 0.0999994 -66.0204
    endloop
  endfacet
  facet normal 0 -1 0
    outer loop
      vertex 18.5278 0.0999994 -70.15
      vertex 15.0204 0.0999994 -68.125
      vertex 14.6877 0.0999994 -68.7996
    endloop
  endfacet
  facet normal 0 -1 0
    outer loop
      vertex 20.85 0.0999994 -69.5278
      vertex 22.875 0.0999994 -66.0204
      vertex 20.6506 0.0999994 -69.4294
    endloop
  endfacet
  facet normal 0 -1 -0
    outer loop
      vertex 22.875 0.0999994 -66.0204
      vertex 20.85 0.0999994 -69.5278
      vertex 23.5004 0.0999994 -66.4382
    endloop
  endfacet
  facet normal 0 -1 0
    outer loop
      vertex 19.2495 0.0999994 -65.2992
      vertex 19.7781 0.0999994 -69.3145
      vertex 20 0.0999994 -69.3
    endloop
  endfacet
  facet normal 0 -1 0
    outer loop
      vertex 18.5118 0.0999994 -65.4459
      vertex 19.56 0.0999994 -69.3579
      vertex 19.7781 0.0999994 -69.3145
    endloop
  endfacet
  facet normal 0 -1 0
    outer loop
      vertex 17.7996 0.0999994 -65.6877
      vertex 19.3494 0.0999994 -69.4294
      vertex 19.56 0.0999994 -69.3579
    endloop
  endfacet
  facet normal 0 -1 0
    outer loop
      vertex 18.4294 0.0999994 -70.3494
      vertex 14.6877 0.0999994 -68.7996
      vertex 14.4459 0.0999994 -69.5118
    endloop
  endfacet
  facet normal 0 -1 0
    outer loop
      vertex 17.125 0.0999994 -66.0204
      vertex 19.15 0.0999994 -69.5278
      vertex 19.3494 0.0999994 -69.4294
    endloop
  endfacet
  facet normal 0 -1 0
    outer loop
      vertex 16.4996 0.0999994 -66.4382
      vertex 18.9651 0.0999994 -69.6513
      vertex 19.15 0.0999994 -69.5278
    endloop
  endfacet
  facet normal 0 -1 0
    outer loop
      vertex 15.9341 0.0999994 -66.9341
      vertex 18.7979 0.0999994 -69.7979
      vertex 18.9651 0.0999994 -69.6513
    endloop
  endfacet
  facet normal 0 -1 0
    outer loop
      vertex 15.4382 0.0999994 -67.4996
      vertex 18.6513 0.0999994 -69.9651
      vertex 18.7979 0.0999994 -69.7979
    endloop
  endfacet
  facet normal 0 -1 0
    outer loop
      vertex 15.0204 0.0999994 -68.125
      vertex 18.5278 0.0999994 -70.15
      vertex 18.6513 0.0999994 -69.9651
    endloop
  endfacet
  facet normal 0 -1 0
    outer loop
      vertex 18.3579 0.0999994 -70.56
      vertex 14.4459 0.0999994 -69.5118
      vertex 14.2992 0.0999994 -70.2495
    endloop
  endfacet
  facet normal 0 -1 0
    outer loop
      vertex 14.6877 0.0999994 -68.7996
      vertex 18.4294 0.0999994 -70.3494
      vertex 18.5278 0.0999994 -70.15
    endloop
  endfacet
  facet normal 0 -1 0
    outer loop
      vertex 14.4459 0.0999994 -69.5118
      vertex 18.3579 0.0999994 -70.56
      vertex 18.4294 0.0999994 -70.3494
    endloop
  endfacet
  facet normal 0 -1 0
    outer loop
      vertex 14.2992 0.0999994 -70.2495
      vertex 18.3145 0.0999994 -70.7781
      vertex 18.3579 0.0999994 -70.56
    endloop
  endfacet
  facet normal 0 -1 0
    outer loop
      vertex 14.25 0.0999994 -71
      vertex 18.3145 0.0999994 -70.7781
      vertex 14.2992 0.0999994 -70.2495
    endloop
  endfacet
  facet normal 0 -1 0
    outer loop
      vertex 14.25 0.0999994 -71
      vertex 18.3 0.0999994 -71
      vertex 18.3145 0.0999994 -70.7781
    endloop
  endfacet
  facet normal 0 -1 0
    outer loop
      vertex 14.25 0.0999994 -71
      vertex 18.3145 0.0999994 -71.2219
      vertex 18.3 0.0999994 -71
    endloop
  endfacet
  facet normal 0 -1 0
    outer loop
      vertex 14.2992 0.0999994 -71.7505
      vertex 18.3145 0.0999994 -71.2219
      vertex 14.25 0.0999994 -71
    endloop
  endfacet
  facet normal 0 -1 -0
    outer loop
      vertex 18.3145 0.0999994 -71.2219
      vertex 14.2992 0.0999994 -71.7505
      vertex 18.3579 0.0999994 -71.44
    endloop
  endfacet
  facet normal 0 -1 0
    outer loop
      vertex 14.4459 0.0999994 -72.4882
      vertex 18.3579 0.0999994 -71.44
      vertex 14.2992 0.0999994 -71.7505
    endloop
  endfacet
  facet normal 0 -1 -0
    outer loop
      vertex 18.3579 0.0999994 -71.44
      vertex 14.4459 0.0999994 -72.4882
      vertex 18.4294 0.0999994 -71.6506
    endloop
  endfacet
  facet normal 0 -1 0
    outer loop
      vertex 14.6877 0.0999994 -73.2004
      vertex 18.4294 0.0999994 -71.6506
      vertex 14.4459 0.0999994 -72.4882
    endloop
  endfacet
  facet normal 0 -1 -0
    outer loop
      vertex 18.4294 0.0999994 -71.6506
      vertex 14.6877 0.0999994 -73.2004
      vertex 18.5278 0.0999994 -71.85
    endloop
  endfacet
  facet normal 0 -1 0
    outer loop
      vertex 15.0204 0.0999994 -73.875
      vertex 18.5278 0.0999994 -71.85
      vertex 14.6877 0.0999994 -73.2004
    endloop
  endfacet
  facet normal 0 -1 -0
    outer loop
      vertex 18.5278 0.0999994 -71.85
      vertex 15.0204 0.0999994 -73.875
      vertex 18.6513 0.0999994 -72.0349
    endloop
  endfacet
  facet normal 0 -1 0
    outer loop
      vertex 15.4382 0.0999994 -74.5004
      vertex 18.6513 0.0999994 -72.0349
      vertex 15.0204 0.0999994 -73.875
    endloop
  endfacet
  facet normal 0 -1 -0
    outer loop
      vertex 18.6513 0.0999994 -72.0349
      vertex 15.4382 0.0999994 -74.5004
      vertex 18.7979 0.0999994 -72.2021
    endloop
  endfacet
  facet normal 0 -1 0
    outer loop
      vertex 15.9341 0.0999994 -75.0659
      vertex 18.7979 0.0999994 -72.2021
      vertex 15.4382 0.0999994 -74.5004
    endloop
  endfacet
  facet normal 0 -1 -0
    outer loop
      vertex 18.7979 0.0999994 -72.2021
      vertex 15.9341 0.0999994 -75.0659
      vertex 18.9651 0.0999994 -72.3487
    endloop
  endfacet
  facet normal 0 -1 0
    outer loop
      vertex 16.4996 0.0999994 -75.5618
      vertex 18.9651 0.0999994 -72.3487
      vertex 15.9341 0.0999994 -75.0659
    endloop
  endfacet
  facet normal 0 -1 -0
    outer loop
      vertex 18.9651 0.0999994 -72.3487
      vertex 16.4996 0.0999994 -75.5618
      vertex 19.15 0.0999994 -72.4722
    endloop
  endfacet
  facet normal 0 -1 0
    outer loop
      vertex 21.0349 0.0999994 -69.6513
      vertex 23.5004 0.0999994 -66.4382
      vertex 20.85 0.0999994 -69.5278
    endloop
  endfacet
  facet normal 0 -1 -0
    outer loop
      vertex 23.5004 0.0999994 -66.4382
      vertex 21.0349 0.0999994 -69.6513
      vertex 24.0659 0.0999994 -66.9341
    endloop
  endfacet
  facet normal 0 -1 0
    outer loop
      vertex 21.2021 0.0999994 -69.7979
      vertex 24.0659 0.0999994 -66.9341
      vertex 21.0349 0.0999994 -69.6513
    endloop
  endfacet
  facet normal 0 -1 -0
    outer loop
      vertex 24.0659 0.0999994 -66.9341
      vertex 21.2021 0.0999994 -69.7979
      vertex 24.5618 0.0999994 -67.4996
    endloop
  endfacet
  facet normal 0 -1 0
    outer loop
      vertex 21.3487 0.0999994 -69.9651
      vertex 24.5618 0.0999994 -67.4996
      vertex 21.2021 0.0999994 -69.7979
    endloop
  endfacet
  facet normal 0 -1 -0
    outer loop
      vertex 24.5618 0.0999994 -67.4996
      vertex 21.3487 0.0999994 -69.9651
      vertex 24.9796 0.0999994 -68.125
    endloop
  endfacet
  facet normal 0 -1 0
    outer loop
      vertex 21.4722 0.0999994 -70.15
      vertex 24.9796 0.0999994 -68.125
      vertex 21.3487 0.0999994 -69.9651
    endloop
  endfacet
  facet normal 0 -1 -0
    outer loop
      vertex 24.9796 0.0999994 -68.125
      vertex 21.4722 0.0999994 -70.15
      vertex 25.3123 0.0999994 -68.7996
    endloop
  endfacet
  facet normal 0 -1 0
    outer loop
      vertex 21.5706 0.0999994 -70.3494
      vertex 25.3123 0.0999994 -68.7996
      vertex 21.4722 0.0999994 -70.15
    endloop
  endfacet
  facet normal 0 -1 -0
    outer loop
      vertex 25.3123 0.0999994 -68.7996
      vertex 21.5706 0.0999994 -70.3494
      vertex 25.5541 0.0999994 -69.5118
    endloop
  endfacet
  facet normal 0 -1 0
    outer loop
      vertex 21.6421 0.0999994 -70.56
      vertex 25.5541 0.0999994 -69.5118
      vertex 21.5706 0.0999994 -70.3494
    endloop
  endfacet
  facet normal 0 -1 -0
    outer loop
      vertex 25.5541 0.0999994 -69.5118
      vertex 21.6421 0.0999994 -70.56
      vertex 25.7008 0.0999994 -70.2495
    endloop
  endfacet
  facet normal 0 -1 0
    outer loop
      vertex 21.6855 0.0999994 -70.7781
      vertex 25.7008 0.0999994 -70.2495
      vertex 21.6421 0.0999994 -70.56
    endloop
  endfacet
  facet normal 0 -1 0
    outer loop
      vertex 21.7 0.0999994 -71
      vertex 25.7008 0.0999994 -70.2495
      vertex 21.6855 0.0999994 -70.7781
    endloop
  endfacet
  facet normal 0 -1 0
    outer loop
      vertex 21.7 0.0999994 -71
      vertex 25.75 0.0999994 -71
      vertex 25.7008 0.0999994 -70.2495
    endloop
  endfacet
  facet normal 0 -1 0
    outer loop
      vertex 21.6855 0.0999994 -71.2219
      vertex 25.75 0.0999994 -71
      vertex 21.7 0.0999994 -71
    endloop
  endfacet
  facet normal 0 -1 0
    outer loop
      vertex 25.7008 0.0999994 -71.7505
      vertex 21.6855 0.0999994 -71.2219
      vertex 21.6421 0.0999994 -71.44
    endloop
  endfacet
  facet normal 0 -1 0
    outer loop
      vertex 25.5541 0.0999994 -72.4882
      vertex 21.6421 0.0999994 -71.44
      vertex 21.5706 0.0999994 -71.6506
    endloop
  endfacet
  facet normal 0 -1 0
    outer loop
      vertex 21.6855 0.0999994 -71.2219
      vertex 25.7008 0.0999994 -71.7505
      vertex 25.75 0.0999994 -71
    endloop
  endfacet
  facet normal 0 -1 0
    outer loop
      vertex 25.3123 0.0999994 -73.2004
      vertex 21.5706 0.0999994 -71.6506
      vertex 21.4722 0.0999994 -71.85
    endloop
  endfacet
  facet normal 0 -1 0
    outer loop
      vertex 24.9796 0.0999994 -73.875
      vertex 21.4722 0.0999994 -71.85
      vertex 21.3487 0.0999994 -72.0349
    endloop
  endfacet
  facet normal 0 -1 0
    outer loop
      vertex 24.5618 0.0999994 -74.5004
      vertex 21.3487 0.0999994 -72.0349
      vertex 21.2021 0.0999994 -72.2021
    endloop
  endfacet
  facet normal 0 -1 0
    outer loop
      vertex 24.0659 0.0999994 -75.0659
      vertex 21.2021 0.0999994 -72.2021
      vertex 21.0349 0.0999994 -72.3487
    endloop
  endfacet
  facet normal 0 -1 0
    outer loop
      vertex 23.5004 0.0999994 -75.5618
      vertex 21.0349 0.0999994 -72.3487
      vertex 20.85 0.0999994 -72.4722
    endloop
  endfacet
  facet normal 0 -1 0
    outer loop
      vertex 21.6421 0.0999994 -71.44
      vertex 25.5541 0.0999994 -72.4882
      vertex 25.7008 0.0999994 -71.7505
    endloop
  endfacet
  facet normal 0 -1 0
    outer loop
      vertex 22.875 0.0999994 -75.9796
      vertex 20.85 0.0999994 -72.4722
      vertex 20.6506 0.0999994 -72.5706
    endloop
  endfacet
  facet normal 0 -1 0
    outer loop
      vertex 22.2004 0.0999994 -76.3123
      vertex 20.6506 0.0999994 -72.5706
      vertex 20.44 0.0999994 -72.6421
    endloop
  endfacet
  facet normal 0 -1 0
    outer loop
      vertex 21.4882 0.0999994 -76.5541
      vertex 20.44 0.0999994 -72.6421
      vertex 20.2219 0.0999994 -72.6855
    endloop
  endfacet
  facet normal 0 -1 0
    outer loop
      vertex 20.7505 0.0999994 -76.7008
      vertex 20.2219 0.0999994 -72.6855
      vertex 20 0.0999994 -72.7
    endloop
  endfacet
  facet normal 0 -1 0
    outer loop
      vertex 17.125 0.0999994 -75.9796
      vertex 19.15 0.0999994 -72.4722
      vertex 16.4996 0.0999994 -75.5618
    endloop
  endfacet
  facet normal 0 -1 0
    outer loop
      vertex 21.5706 0.0999994 -71.6506
      vertex 25.3123 0.0999994 -73.2004
      vertex 25.5541 0.0999994 -72.4882
    endloop
  endfacet
  facet normal 0 -1 -0
    outer loop
      vertex 19.15 0.0999994 -72.4722
      vertex 17.125 0.0999994 -75.9796
      vertex 19.3494 0.0999994 -72.5706
    endloop
  endfacet
  facet normal 0 -1 0
    outer loop
      vertex 21.4722 0.0999994 -71.85
      vertex 24.9796 0.0999994 -73.875
      vertex 25.3123 0.0999994 -73.2004
    endloop
  endfacet
  facet normal 0 -1 0
    outer loop
      vertex 17.7996 0.0999994 -76.3123
      vertex 19.3494 0.0999994 -72.5706
      vertex 17.125 0.0999994 -75.9796
    endloop
  endfacet
  facet normal 0 -1 0
    outer loop
      vertex 21.3487 0.0999994 -72.0349
      vertex 24.5618 0.0999994 -74.5004
      vertex 24.9796 0.0999994 -73.875
    endloop
  endfacet
  facet normal 0 -1 -0
    outer loop
      vertex 19.3494 0.0999994 -72.5706
      vertex 17.7996 0.0999994 -76.3123
      vertex 19.56 0.0999994 -72.6421
    endloop
  endfacet
  facet normal 0 -1 0
    outer loop
      vertex 21.2021 0.0999994 -72.2021
      vertex 24.0659 0.0999994 -75.0659
      vertex 24.5618 0.0999994 -74.5004
    endloop
  endfacet
  facet normal 0 -1 0
    outer loop
      vertex 18.5118 0.0999994 -76.5541
      vertex 19.56 0.0999994 -72.6421
      vertex 17.7996 0.0999994 -76.3123
    endloop
  endfacet
  facet normal 0 -1 0
    outer loop
      vertex 21.0349 0.0999994 -72.3487
      vertex 23.5004 0.0999994 -75.5618
      vertex 24.0659 0.0999994 -75.0659
    endloop
  endfacet
  facet normal 0 -1 -0
    outer loop
      vertex 19.56 0.0999994 -72.6421
      vertex 18.5118 0.0999994 -76.5541
      vertex 19.7781 0.0999994 -72.6855
    endloop
  endfacet
  facet normal 0 -1 0
    outer loop
      vertex 20.85 0.0999994 -72.4722
      vertex 22.875 0.0999994 -75.9796
      vertex 23.5004 0.0999994 -75.5618
    endloop
  endfacet
  facet normal 0 -1 0
    outer loop
      vertex 19.2495 0.0999994 -76.7008
      vertex 19.7781 0.0999994 -72.6855
      vertex 18.5118 0.0999994 -76.5541
    endloop
  endfacet
  facet normal 0 -1 0
    outer loop
      vertex 20.6506 0.0999994 -72.5706
      vertex 22.2004 0.0999994 -76.3123
      vertex 22.875 0.0999994 -75.9796
    endloop
  endfacet
  facet normal 0 -1 -0
    outer loop
      vertex 19.7781 0.0999994 -72.6855
      vertex 19.2495 0.0999994 -76.7008
      vertex 20 0.0999994 -72.7
    endloop
  endfacet
  facet normal 0 -1 0
    outer loop
      vertex 20.44 0.0999994 -72.6421
      vertex 21.4882 0.0999994 -76.5541
      vertex 22.2004 0.0999994 -76.3123
    endloop
  endfacet
  facet normal 0 -1 0
    outer loop
      vertex 20 0.0999994 -76.75
      vertex 20 0.0999994 -72.7
      vertex 19.2495 0.0999994 -76.7008
    endloop
  endfacet
  facet normal 0 -1 0
    outer loop
      vertex 20.2219 0.0999994 -72.6855
      vertex 20.7505 0.0999994 -76.7008
      vertex 21.4882 0.0999994 -76.5541
    endloop
  endfacet
  facet normal 0 -1 0
    outer loop
      vertex 20 0.0999994 -72.7
      vertex 20 0.0999994 -76.75
      vertex 20.7505 0.0999994 -76.7008
    endloop
  endfacet
  facet normal -0.659323 0 -0.75186
    outer loop
      vertex 15.9341 0.0999994 -75.0659
      vertex 16.4996 19.6 -75.5618
      vertex 16.4996 0.0999994 -75.5618
    endloop
  endfacet
  facet normal -0.659323 0 -0.75186
    outer loop
      vertex 16.4996 19.6 -75.5618
      vertex 15.9341 0.0999994 -75.0659
      vertex 15.9341 19.6 -75.0659
    endloop
  endfacet
  facet normal 1 0 0
    outer loop
      vertex -15.4 19.6 30
      vertex -15.4 15.5 27
      vertex -15.4 19.6 -33.5
    endloop
  endfacet
  facet normal 1 -0 0
    outer loop
      vertex -15.4 8.75 30
      vertex -15.4 15.5 27
      vertex -15.4 19.6 30
    endloop
  endfacet
  facet normal 1 0 0
    outer loop
      vertex -15.4 9.5 27
      vertex -15.4 8.75 30
      vertex -15.4 9.5 -33
    endloop
  endfacet
  facet normal 1 0 0
    outer loop
      vertex -15.4 15.5 27
      vertex -15.4 8.75 30
      vertex -15.4 9.5 27
    endloop
  endfacet
  facet normal 1 -0 0
    outer loop
      vertex -15.4 15.5 -33
      vertex -15.4 19.6 -33.5
      vertex -15.4 15.5 27
    endloop
  endfacet
  facet normal 1 0 0
    outer loop
      vertex -15.4 15.5 -33
      vertex -15.4 10 -33.5
      vertex -15.4 19.6 -33.5
    endloop
  endfacet
  facet normal 1 -0 0
    outer loop
      vertex -15.4 9.5 -33
      vertex -15.4 10 -33.5
      vertex -15.4 15.5 -33
    endloop
  endfacet
  facet normal 1 0 0
    outer loop
      vertex -15.4 8.75 -36
      vertex -15.4 10 -33.5
      vertex -15.4 9.5 -33
    endloop
  endfacet
  facet normal 1 0 0
    outer loop
      vertex -15.4 10 -33.5
      vertex -15.4 8.75 -36
      vertex -15.4 10 -36
    endloop
  endfacet
  facet normal 1 0 0
    outer loop
      vertex -15.4 8.75 -36
      vertex -15.4 9.5 -33
      vertex -15.4 8.75 30
    endloop
  endfacet
  facet normal -0 0 1
    outer loop
      vertex -18.6 19.6 30
      vertex -15.4 8.75 30
      vertex -15.4 19.6 30
    endloop
  endfacet
  facet normal 0 0 1
    outer loop
      vertex -15.4 8.75 30
      vertex -18.6 19.6 30
      vertex -18.6 8.75 30
    endloop
  endfacet
  facet normal 0 0 -1
    outer loop
      vertex -15.4 8.75 -36
      vertex -15.5 10 -36
      vertex -15.4 10 -36
    endloop
  endfacet
  facet normal 0 0 -1
    outer loop
      vertex -18.6 8.75 -36
      vertex -15.5 10 -36
      vertex -15.4 8.75 -36
    endloop
  endfacet
  facet normal 0 0 -1
    outer loop
      vertex -18.6 19.6 -36
      vertex -15.5 10 -36
      vertex -18.6 8.75 -36
    endloop
  endfacet
  facet normal 0 0 -1
    outer loop
      vertex -15.5 10 -36
      vertex -18.6 19.6 -36
      vertex -15.5 19.6 -36
    endloop
  endfacet
  facet normal -1 0 0
    outer loop
      vertex -18.6 8.75 -36
      vertex -18.6 19.6 30
      vertex -18.6 19.6 -36
    endloop
  endfacet
  facet normal -1 -0 0
    outer loop
      vertex -18.6 19.6 30
      vertex -18.6 8.75 -36
      vertex -18.6 8.75 30
    endloop
  endfacet
  facet normal 0 -1 0
    outer loop
      vertex -18.6 8.75 -36
      vertex -15.4 8.75 30
      vertex -18.6 8.75 30
    endloop
  endfacet
  facet normal 0 -1 -0
    outer loop
      vertex -15.4 8.75 30
      vertex -18.6 8.75 -36
      vertex -15.4 8.75 -36
    endloop
  endfacet
  facet normal 0 0 -1
    outer loop
      vertex -17 9.5 27
      vertex -15.4 15.5 27
      vertex -15.4 9.5 27
    endloop
  endfacet
  facet normal -0 0 -1
    outer loop
      vertex -15.4 15.5 27
      vertex -17 9.5 27
      vertex -17 15.5 27
    endloop
  endfacet
  facet normal -0 0 1
    outer loop
      vertex -17 15.5 -33
      vertex -15.4 9.5 -33
      vertex -15.4 15.5 -33
    endloop
  endfacet
  facet normal 0 0 1
    outer loop
      vertex -15.4 9.5 -33
      vertex -17 15.5 -33
      vertex -17 9.5 -33
    endloop
  endfacet
  facet normal 1 -0 0
    outer loop
      vertex -17 9.5 27
      vertex -17 15.5 -33
      vertex -17 15.5 27
    endloop
  endfacet
  facet normal 1 0 0
    outer loop
      vertex -17 15.5 -33
      vertex -17 9.5 27
      vertex -17 9.5 -33
    endloop
  endfacet
  facet normal 0 -1 0
    outer loop
      vertex -17 15.5 -33
      vertex -15.4 15.5 27
      vertex -17 15.5 27
    endloop
  endfacet
  facet normal 0 -1 -0
    outer loop
      vertex -15.4 15.5 27
      vertex -17 15.5 -33
      vertex -15.4 15.5 -33
    endloop
  endfacet
  facet normal 0 1 -0
    outer loop
      vertex -15.4 9.5 -33
      vertex -17 9.5 27
      vertex -15.4 9.5 27
    endloop
  endfacet
  facet normal 0 1 0
    outer loop
      vertex -17 9.5 27
      vertex -15.4 9.5 -33
      vertex -17 9.5 -33
    endloop
  endfacet
  facet normal 1 -0 0
    outer loop
      vertex 18.6 8.75 30
      vertex 18.6 19.6 -36
      vertex 18.6 19.6 30
    endloop
  endfacet
  facet normal 1 0 0
    outer loop
      vertex 18.6 19.6 -36
      vertex 18.6 8.75 30
      vertex 18.6 8.75 -36
    endloop
  endfacet
  facet normal -0 0 1
    outer loop
      vertex 15.4 19.6 30
      vertex 18.6 8.75 30
      vertex 18.6 19.6 30
    endloop
  endfacet
  facet normal 0 0 1
    outer loop
      vertex 18.6 8.75 30
      vertex 15.4 19.6 30
      vertex 15.4 8.75 30
    endloop
  endfacet
  facet normal 0 0 -1
    outer loop
      vertex 18.6 8.75 -36
      vertex 15.5 10 -36
      vertex 18.6 19.6 -36
    endloop
  endfacet
  facet normal 0 0 -1
    outer loop
      vertex 15.4 8.75 -36
      vertex 15.5 10 -36
      vertex 18.6 8.75 -36
    endloop
  endfacet
  facet normal -0 0 -1
    outer loop
      vertex 15.5 10 -36
      vertex 15.4 8.75 -36
      vertex 15.4 10 -36
    endloop
  endfacet
  facet normal -0 0 -1
    outer loop
      vertex 18.6 19.6 -36
      vertex 15.5 10 -36
      vertex 15.5 19.6 -36
    endloop
  endfacet
  facet normal -1 0 0
    outer loop
      vertex 15.4 8.75 -36
      vertex 15.4 10 -33.5
      vertex 15.4 10 -36
    endloop
  endfacet
  facet normal -1 -0 0
    outer loop
      vertex 15.4 9.5 -33
      vertex 15.4 8.75 -36
      vertex 15.4 9.5 27
    endloop
  endfacet
  facet normal -1 -0 0
    outer loop
      vertex 15.4 10 -33.5
      vertex 15.4 8.75 -36
      vertex 15.4 9.5 -33
    endloop
  endfacet
  facet normal -1 0 0
    outer loop
      vertex 15.4 15.5 27
      vertex 15.4 19.6 -33.5
      vertex 15.4 15.5 -33
    endloop
  endfacet
  facet normal -1 0 0
    outer loop
      vertex 15.4 10 -33.5
      vertex 15.4 15.5 -33
      vertex 15.4 19.6 -33.5
    endloop
  endfacet
  facet normal -1 -0 0
    outer loop
      vertex 15.4 15.5 -33
      vertex 15.4 10 -33.5
      vertex 15.4 9.5 -33
    endloop
  endfacet
  facet normal -1 0 0
    outer loop
      vertex 15.4 19.6 -33.5
      vertex 15.4 15.5 27
      vertex 15.4 19.6 30
    endloop
  endfacet
  facet normal -1 0 0
    outer loop
      vertex 15.4 8.75 30
      vertex 15.4 15.5 27
      vertex 15.4 9.5 27
    endloop
  endfacet
  facet normal -1 0 0
    outer loop
      vertex 15.4 15.5 27
      vertex 15.4 8.75 30
      vertex 15.4 19.6 30
    endloop
  endfacet
  facet normal -1 0 0
    outer loop
      vertex 15.4 8.75 30
      vertex 15.4 9.5 27
      vertex 15.4 8.75 -36
    endloop
  endfacet
  facet normal 0 -1 0
    outer loop
      vertex 15.4 8.75 -36
      vertex 18.6 8.75 30
      vertex 15.4 8.75 30
    endloop
  endfacet
  facet normal 0 -1 -0
    outer loop
      vertex 18.6 8.75 30
      vertex 15.4 8.75 -36
      vertex 18.6 8.75 -36
    endloop
  endfacet
  facet normal -1 0 0
    outer loop
      vertex 17 9.5 -33
      vertex 17 15.5 27
      vertex 17 15.5 -33
    endloop
  endfacet
  facet normal -1 -0 0
    outer loop
      vertex 17 15.5 27
      vertex 17 9.5 -33
      vertex 17 9.5 27
    endloop
  endfacet
  facet normal 0 0 -1
    outer loop
      vertex 15.4 9.5 27
      vertex 17 15.5 27
      vertex 17 9.5 27
    endloop
  endfacet
  facet normal -0 0 -1
    outer loop
      vertex 17 15.5 27
      vertex 15.4 9.5 27
      vertex 15.4 15.5 27
    endloop
  endfacet
  facet normal -0 0 1
    outer loop
      vertex 15.4 15.5 -33
      vertex 17 9.5 -33
      vertex 17 15.5 -33
    endloop
  endfacet
  facet normal 0 0 1
    outer loop
      vertex 17 9.5 -33
      vertex 15.4 15.5 -33
      vertex 15.4 9.5 -33
    endloop
  endfacet
  facet normal 0 -1 0
    outer loop
      vertex 15.4 15.5 -33
      vertex 17 15.5 27
      vertex 15.4 15.5 27
    endloop
  endfacet
  facet normal 0 -1 -0
    outer loop
      vertex 17 15.5 27
      vertex 15.4 15.5 -33
      vertex 17 15.5 -33
    endloop
  endfacet
  facet normal 0 1 -0
    outer loop
      vertex 17 9.5 -33
      vertex 15.4 9.5 27
      vertex 17 9.5 27
    endloop
  endfacet
  facet normal 0 1 0
    outer loop
      vertex 15.4 9.5 27
      vertex 17 9.5 -33
      vertex 15.4 9.5 -33
    endloop
  endfacet
  facet normal 1 -0 0
    outer loop
      vertex 15.5 10 -36
      vertex 15.5 19.6 -36.5
      vertex 15.5 19.6 -36
    endloop
  endfacet
  facet normal 1 0 0
    outer loop
      vertex 15.5 19.6 -36.5
      vertex 15.5 10 -36
      vertex 15.5 10 -36.5
    endloop
  endfacet
  facet normal -0 0 1
    outer loop
      vertex -15.4 19.6 -33.5
      vertex 15.4 10 -33.5
      vertex 15.4 19.6 -33.5
    endloop
  endfacet
  facet normal 0 0 1
    outer loop
      vertex 15.4 10 -33.5
      vertex -15.4 19.6 -33.5
      vertex -15.4 10 -33.5
    endloop
  endfacet
  facet normal 0 0 -1
    outer loop
      vertex -15.5 10 -36.5
      vertex 15.5 19.6 -36.5
      vertex 15.5 10 -36.5
    endloop
  endfacet
  facet normal -0 0 -1
    outer loop
      vertex 15.5 19.6 -36.5
      vertex -15.5 10 -36.5
      vertex -15.5 19.6 -36.5
    endloop
  endfacet
  facet normal -1 0 0
    outer loop
      vertex -15.5 10 -36.5
      vertex -15.5 19.6 -36
      vertex -15.5 19.6 -36.5
    endloop
  endfacet
  facet normal -1 -0 0
    outer loop
      vertex -15.5 19.6 -36
      vertex -15.5 10 -36.5
      vertex -15.5 10 -36
    endloop
  endfacet
  facet normal 0 -1 0
    outer loop
      vertex -15.5 10 -36.5
      vertex -15.4 10 -36
      vertex -15.5 10 -36
    endloop
  endfacet
  facet normal 0 -1 -0
    outer loop
      vertex -15.4 10 -36
      vertex -15.5 10 -36.5
      vertex 15.4 10 -36
    endloop
  endfacet
  facet normal 0 -1 0
    outer loop
      vertex 15.5 10 -36.5
      vertex 15.4 10 -36
      vertex -15.5 10 -36.5
    endloop
  endfacet
  facet normal 0 -1 0
    outer loop
      vertex 15.4 10 -36
      vertex 15.5 10 -36.5
      vertex 15.5 10 -36
    endloop
  endfacet
  facet normal 0 -1 0
    outer loop
      vertex -15.4 10 -36
      vertex 15.4 10 -33.5
      vertex -15.4 10 -33.5
    endloop
  endfacet
  facet normal 0 -1 -0
    outer loop
      vertex 15.4 10 -33.5
      vertex -15.4 10 -36
      vertex 15.4 10 -36
    endloop
  endfacet
  facet normal 0 -1 0
    outer loop
      vertex -31.9 12.1 -41.5
      vertex -26.1 12.1 -34.5
      vertex -31.9 12.1 -34.5
    endloop
  endfacet
  facet normal 0 -1 -0
    outer loop
      vertex -26.1 12.1 -34.5
      vertex -31.9 12.1 -41.5
      vertex -26.1 12.1 -41.5
    endloop
  endfacet
  facet normal 0 0 -1
    outer loop
      vertex -26.1 12.1 -41.5
      vertex -28.7 14.425 -41.5
      vertex -26.1 14.425 -41.5
    endloop
  endfacet
  facet normal 0 0 -1
    outer loop
      vertex -28.7 14.425 -41.5
      vertex -28.7347 14.7099 -41.5
      vertex -28.7 14.7217 -41.5
    endloop
  endfacet
  facet normal 0 0 -1
    outer loop
      vertex -28.7 14.425 -41.5
      vertex -28.8662 14.6838 -41.5
      vertex -28.7347 14.7099 -41.5
    endloop
  endfacet
  facet normal 0 0 -1
    outer loop
      vertex -28.7 14.425 -41.5
      vertex -29 14.675 -41.5
      vertex -28.8662 14.6838 -41.5
    endloop
  endfacet
  facet normal 0 0 -1
    outer loop
      vertex -31.9 12.1 -41.5
      vertex -28.7 14.425 -41.5
      vertex -26.1 12.1 -41.5
    endloop
  endfacet
  facet normal 0 -0 -1
    outer loop
      vertex -29.2653 14.7099 -41.5
      vertex -28.7 14.425 -41.5
      vertex -31.9 12.1 -41.5
    endloop
  endfacet
  facet normal 0 0 -1
    outer loop
      vertex -28.7 14.425 -41.5
      vertex -29.1338 14.6838 -41.5
      vertex -29 14.675 -41.5
    endloop
  endfacet
  facet normal 0 0 -1
    outer loop
      vertex -28.7 14.425 -41.5
      vertex -29.2653 14.7099 -41.5
      vertex -29.1338 14.6838 -41.5
    endloop
  endfacet
  facet normal -0 0 -1
    outer loop
      vertex -29.2653 14.7099 -41.5
      vertex -31.9 12.1 -41.5
      vertex -29.3923 14.753 -41.5
    endloop
  endfacet
  facet normal -0 0 -1
    outer loop
      vertex -29.3923 14.753 -41.5
      vertex -31.9 12.1 -41.5
      vertex -29.5125 14.8123 -41.5
    endloop
  endfacet
  facet normal -0 0 -1
    outer loop
      vertex -30.0162 15.5662 -41.5
      vertex -31.9 12.1 -41.5
      vertex -30.025 15.7 -41.5
    endloop
  endfacet
  facet normal -0 0 -1
    outer loop
      vertex -29.9901 15.4347 -41.5
      vertex -31.9 12.1 -41.5
      vertex -30.0162 15.5662 -41.5
    endloop
  endfacet
  facet normal -0 0 -1
    outer loop
      vertex -29.947 15.3077 -41.5
      vertex -31.9 12.1 -41.5
      vertex -29.9901 15.4347 -41.5
    endloop
  endfacet
  facet normal -0 0 -1
    outer loop
      vertex -29.8877 15.1875 -41.5
      vertex -31.9 12.1 -41.5
      vertex -29.947 15.3077 -41.5
    endloop
  endfacet
  facet normal -0 0 -1
    outer loop
      vertex -29.8132 15.076 -41.5
      vertex -31.9 12.1 -41.5
      vertex -29.8877 15.1875 -41.5
    endloop
  endfacet
  facet normal -0 0 -1
    outer loop
      vertex -29.7248 14.9752 -41.5
      vertex -31.9 12.1 -41.5
      vertex -29.8132 15.076 -41.5
    endloop
  endfacet
  facet normal -0 0 -1
    outer loop
      vertex -29.624 14.8868 -41.5
      vertex -31.9 12.1 -41.5
      vertex -29.7248 14.9752 -41.5
    endloop
  endfacet
  facet normal -0 0 -1
    outer loop
      vertex -29.5125 14.8123 -41.5
      vertex -31.9 12.1 -41.5
      vertex -29.624 14.8868 -41.5
    endloop
  endfacet
  facet normal 0 0 -1
    outer loop
      vertex -28.7 16.6783 -41.5
      vertex -28.7347 16.6901 -41.5
      vertex -28.7 16.975 -41.5
    endloop
  endfacet
  facet normal 0 0 -1
    outer loop
      vertex -28.7 16.975 -41.5
      vertex -26.1 19.6 -41.5
      vertex -26.1 16.975 -41.5
    endloop
  endfacet
  facet normal 0 0 -1
    outer loop
      vertex -28.8662 16.7162 -41.5
      vertex -28.7 16.975 -41.5
      vertex -28.7347 16.6901 -41.5
    endloop
  endfacet
  facet normal 0 0 -1
    outer loop
      vertex -29 16.725 -41.5
      vertex -28.7 16.975 -41.5
      vertex -28.8662 16.7162 -41.5
    endloop
  endfacet
  facet normal 0 0 -1
    outer loop
      vertex -29.1338 16.7162 -41.5
      vertex -28.7 16.975 -41.5
      vertex -29 16.725 -41.5
    endloop
  endfacet
  facet normal 0 0 -1
    outer loop
      vertex -29.2653 16.6901 -41.5
      vertex -28.7 16.975 -41.5
      vertex -29.1338 16.7162 -41.5
    endloop
  endfacet
  facet normal -0 0 -1
    outer loop
      vertex -28.7 16.975 -41.5
      vertex -29.2653 16.6901 -41.5
      vertex -31.9 19.6 -41.5
    endloop
  endfacet
  facet normal 0 0 -1
    outer loop
      vertex -31.9 19.6 -41.5
      vertex -29.2653 16.6901 -41.5
      vertex -29.3923 16.647 -41.5
    endloop
  endfacet
  facet normal 0 0 -1
    outer loop
      vertex -31.9 19.6 -41.5
      vertex -29.3923 16.647 -41.5
      vertex -29.5125 16.5877 -41.5
    endloop
  endfacet
  facet normal 0 0 -1
    outer loop
      vertex -31.9 19.6 -41.5
      vertex -29.5125 16.5877 -41.5
      vertex -29.624 16.5132 -41.5
    endloop
  endfacet
  facet normal 0 0 -1
    outer loop
      vertex -31.9 19.6 -41.5
      vertex -30.025 15.7 -41.5
      vertex -31.9 12.1 -41.5
    endloop
  endfacet
  facet normal 0 0 -1
    outer loop
      vertex -30.025 15.7 -41.5
      vertex -31.9 19.6 -41.5
      vertex -30.0162 15.8338 -41.5
    endloop
  endfacet
  facet normal 0 0 -1
    outer loop
      vertex -30.0162 15.8338 -41.5
      vertex -31.9 19.6 -41.5
      vertex -29.9901 15.9653 -41.5
    endloop
  endfacet
  facet normal 0 0 -1
    outer loop
      vertex -28.7 16.975 -41.5
      vertex -31.9 19.6 -41.5
      vertex -26.1 19.6 -41.5
    endloop
  endfacet
  facet normal 0 0 -1
    outer loop
      vertex -29.7248 16.4248 -41.5
      vertex -31.9 19.6 -41.5
      vertex -29.624 16.5132 -41.5
    endloop
  endfacet
  facet normal 0 0 -1
    outer loop
      vertex -29.8132 16.324 -41.5
      vertex -31.9 19.6 -41.5
      vertex -29.7248 16.4248 -41.5
    endloop
  endfacet
  facet normal 0 0 -1
    outer loop
      vertex -29.8877 16.2125 -41.5
      vertex -31.9 19.6 -41.5
      vertex -29.8132 16.324 -41.5
    endloop
  endfacet
  facet normal 0 0 -1
    outer loop
      vertex -29.947 16.0923 -41.5
      vertex -31.9 19.6 -41.5
      vertex -29.8877 16.2125 -41.5
    endloop
  endfacet
  facet normal 0 0 -1
    outer loop
      vertex -29.9901 15.9653 -41.5
      vertex -31.9 19.6 -41.5
      vertex -29.947 16.0923 -41.5
    endloop
  endfacet
  facet normal 0 0 1
    outer loop
      vertex -26.1 19.6 -34.5
      vertex -28.7 16.975 -34.5
      vertex -26.1 16.975 -34.5
    endloop
  endfacet
  facet normal 0 0 1
    outer loop
      vertex -28.7 16.975 -34.5
      vertex -28.7347 16.6901 -34.5
      vertex -28.7 16.6783 -34.5
    endloop
  endfacet
  facet normal 0 0 1
    outer loop
      vertex -28.7 16.975 -34.5
      vertex -28.8662 16.7162 -34.5
      vertex -28.7347 16.6901 -34.5
    endloop
  endfacet
  facet normal 0 0 1
    outer loop
      vertex -28.7 16.975 -34.5
      vertex -29 16.725 -34.5
      vertex -28.8662 16.7162 -34.5
    endloop
  endfacet
  facet normal -0 0 1
    outer loop
      vertex -31.9 19.6 -34.5
      vertex -28.7 16.975 -34.5
      vertex -26.1 19.6 -34.5
    endloop
  endfacet
  facet normal 0 -0 1
    outer loop
      vertex -29.2653 16.6901 -34.5
      vertex -28.7 16.975 -34.5
      vertex -31.9 19.6 -34.5
    endloop
  endfacet
  facet normal 0 0 1
    outer loop
      vertex -28.7 16.975 -34.5
      vertex -29.1338 16.7162 -34.5
      vertex -29 16.725 -34.5
    endloop
  endfacet
  facet normal 0 0 1
    outer loop
      vertex -28.7 16.975 -34.5
      vertex -29.2653 16.6901 -34.5
      vertex -29.1338 16.7162 -34.5
    endloop
  endfacet
  facet normal 0 0 1
    outer loop
      vertex -29.2653 16.6901 -34.5
      vertex -31.9 19.6 -34.5
      vertex -29.3923 16.647 -34.5
    endloop
  endfacet
  facet normal 0 0 1
    outer loop
      vertex -29.3923 16.647 -34.5
      vertex -31.9 19.6 -34.5
      vertex -29.5125 16.5877 -34.5
    endloop
  endfacet
  facet normal 0 0 1
    outer loop
      vertex -30.0162 15.8338 -34.5
      vertex -31.9 19.6 -34.5
      vertex -30.025 15.7 -34.5
    endloop
  endfacet
  facet normal 0 0 1
    outer loop
      vertex -29.9901 15.9653 -34.5
      vertex -31.9 19.6 -34.5
      vertex -30.0162 15.8338 -34.5
    endloop
  endfacet
  facet normal 0 0 1
    outer loop
      vertex -29.947 16.0923 -34.5
      vertex -31.9 19.6 -34.5
      vertex -29.9901 15.9653 -34.5
    endloop
  endfacet
  facet normal 0 0 1
    outer loop
      vertex -29.8877 16.2125 -34.5
      vertex -31.9 19.6 -34.5
      vertex -29.947 16.0923 -34.5
    endloop
  endfacet
  facet normal 0 0 1
    outer loop
      vertex -29.8132 16.324 -34.5
      vertex -31.9 19.6 -34.5
      vertex -29.8877 16.2125 -34.5
    endloop
  endfacet
  facet normal 0 0 1
    outer loop
      vertex -29.7248 16.4248 -34.5
      vertex -31.9 19.6 -34.5
      vertex -29.8132 16.324 -34.5
    endloop
  endfacet
  facet normal 0 0 1
    outer loop
      vertex -29.624 16.5132 -34.5
      vertex -31.9 19.6 -34.5
      vertex -29.7248 16.4248 -34.5
    endloop
  endfacet
  facet normal 0 0 1
    outer loop
      vertex -29.5125 16.5877 -34.5
      vertex -31.9 19.6 -34.5
      vertex -29.624 16.5132 -34.5
    endloop
  endfacet
  facet normal 0 0 1
    outer loop
      vertex -28.7 14.7217 -34.5
      vertex -28.7347 14.7099 -34.5
      vertex -28.7 14.425 -34.5
    endloop
  endfacet
  facet normal -0 0 1
    outer loop
      vertex -28.7 14.425 -34.5
      vertex -26.1 12.1 -34.5
      vertex -26.1 14.425 -34.5
    endloop
  endfacet
  facet normal -0 0 1
    outer loop
      vertex -28.8662 14.6838 -34.5
      vertex -28.7 14.425 -34.5
      vertex -28.7347 14.7099 -34.5
    endloop
  endfacet
  facet normal -0 0 1
    outer loop
      vertex -29 14.675 -34.5
      vertex -28.7 14.425 -34.5
      vertex -28.8662 14.6838 -34.5
    endloop
  endfacet
  facet normal 0 0 1
    outer loop
      vertex -29.1338 14.6838 -34.5
      vertex -28.7 14.425 -34.5
      vertex -29 14.675 -34.5
    endloop
  endfacet
  facet normal 0 0 1
    outer loop
      vertex -29.2653 14.7099 -34.5
      vertex -28.7 14.425 -34.5
      vertex -29.1338 14.6838 -34.5
    endloop
  endfacet
  facet normal 0 0 1
    outer loop
      vertex -28.7 14.425 -34.5
      vertex -29.2653 14.7099 -34.5
      vertex -31.9 12.1 -34.5
    endloop
  endfacet
  facet normal 0 0 1
    outer loop
      vertex -31.9 12.1 -34.5
      vertex -29.2653 14.7099 -34.5
      vertex -29.3923 14.753 -34.5
    endloop
  endfacet
  facet normal 0 0 1
    outer loop
      vertex -31.9 12.1 -34.5
      vertex -29.3923 14.753 -34.5
      vertex -29.5125 14.8123 -34.5
    endloop
  endfacet
  facet normal 0 0 1
    outer loop
      vertex -31.9 12.1 -34.5
      vertex -29.5125 14.8123 -34.5
      vertex -29.624 14.8868 -34.5
    endloop
  endfacet
  facet normal 0 0 1
    outer loop
      vertex -31.9 12.1 -34.5
      vertex -30.025 15.7 -34.5
      vertex -31.9 19.6 -34.5
    endloop
  endfacet
  facet normal 0 0 1
    outer loop
      vertex -30.025 15.7 -34.5
      vertex -31.9 12.1 -34.5
      vertex -30.0162 15.5662 -34.5
    endloop
  endfacet
  facet normal 0 0 1
    outer loop
      vertex -30.0162 15.5662 -34.5
      vertex -31.9 12.1 -34.5
      vertex -29.9901 15.4347 -34.5
    endloop
  endfacet
  facet normal 0 0 1
    outer loop
      vertex -28.7 14.425 -34.5
      vertex -31.9 12.1 -34.5
      vertex -26.1 12.1 -34.5
    endloop
  endfacet
  facet normal 0 0 1
    outer loop
      vertex -29.7248 14.9752 -34.5
      vertex -31.9 12.1 -34.5
      vertex -29.624 14.8868 -34.5
    endloop
  endfacet
  facet normal 0 0 1
    outer loop
      vertex -29.8132 15.076 -34.5
      vertex -31.9 12.1 -34.5
      vertex -29.7248 14.9752 -34.5
    endloop
  endfacet
  facet normal 0 0 1
    outer loop
      vertex -29.8877 15.1875 -34.5
      vertex -31.9 12.1 -34.5
      vertex -29.8132 15.076 -34.5
    endloop
  endfacet
  facet normal 0 0 1
    outer loop
      vertex -29.947 15.3077 -34.5
      vertex -31.9 12.1 -34.5
      vertex -29.8877 15.1875 -34.5
    endloop
  endfacet
  facet normal 0 0 1
    outer loop
      vertex -29.9901 15.4347 -34.5
      vertex -31.9 12.1 -34.5
      vertex -29.947 15.3077 -34.5
    endloop
  endfacet
  facet normal 1 -0 0
    outer loop
      vertex -26.1 12.1 -34.5
      vertex -26.1 14.425 -41.5
      vertex -26.1 14.425 -34.5
    endloop
  endfacet
  facet normal 1 0 0
    outer loop
      vertex -26.1 14.425 -41.5
      vertex -26.1 12.1 -34.5
      vertex -26.1 12.1 -41.5
    endloop
  endfacet
  facet normal 1 -0 0
    outer loop
      vertex -26.1 16.975 -34.5
      vertex -26.1 19.6 -41.5
      vertex -26.1 19.6 -34.5
    endloop
  endfacet
  facet normal 1 0 0
    outer loop
      vertex -26.1 19.6 -41.5
      vertex -26.1 16.975 -34.5
      vertex -26.1 16.975 -41.5
    endloop
  endfacet
  facet normal -1 0 0
    outer loop
      vertex -31.9 12.1 -41.5
      vertex -31.9 19.6 -34.5
      vertex -31.9 19.6 -41.5
    endloop
  endfacet
  facet normal -1 -0 0
    outer loop
      vertex -31.9 19.6 -34.5
      vertex -31.9 12.1 -41.5
      vertex -31.9 12.1 -34.5
    endloop
  endfacet
  facet normal 0.065628 -0.997844 0
    outer loop
      vertex -29.1338 16.7162 -41.5
      vertex -29 16.725 -34.5
      vertex -29.1338 16.7162 -34.5
    endloop
  endfacet
  facet normal 0.065628 -0.997844 0
    outer loop
      vertex -29 16.725 -34.5
      vertex -29.1338 16.7162 -41.5
      vertex -29 16.725 -41.5
    endloop
  endfacet
  facet normal -0.194681 0.980867 0
    outer loop
      vertex -28.7347 14.7099 -41.5
      vertex -28.8662 14.6838 -34.5
      vertex -28.7347 14.7099 -34.5
    endloop
  endfacet
  facet normal -0.194681 0.980867 0
    outer loop
      vertex -28.8662 14.6838 -34.5
      vertex -28.7347 14.7099 -41.5
      vertex -28.8662 14.6838 -41.5
    endloop
  endfacet
  facet normal -0.065628 0.997844 0
    outer loop
      vertex -28.8662 14.6838 -41.5
      vertex -29 14.675 -34.5
      vertex -28.8662 14.6838 -34.5
    endloop
  endfacet
  facet normal -0.065628 0.997844 0
    outer loop
      vertex -29 14.675 -34.5
      vertex -28.8662 14.6838 -41.5
      vertex -29 14.675 -41.5
    endloop
  endfacet
  facet normal 0.997844 -0.065628 0
    outer loop
      vertex -30.025 15.7 -34.5
      vertex -30.0162 15.8338 -41.5
      vertex -30.0162 15.8338 -34.5
    endloop
  endfacet
  facet normal 0.997844 -0.065628 0
    outer loop
      vertex -30.0162 15.8338 -41.5
      vertex -30.025 15.7 -34.5
      vertex -30.025 15.7 -41.5
    endloop
  endfacet
  facet normal 0.896802 -0.442432 0
    outer loop
      vertex -29.947 16.0923 -34.5
      vertex -29.8877 16.2125 -41.5
      vertex -29.8877 16.2125 -34.5
    endloop
  endfacet
  facet normal 0.896802 -0.442432 0
    outer loop
      vertex -29.8877 16.2125 -41.5
      vertex -29.947 16.0923 -34.5
      vertex -29.947 16.0923 -41.5
    endloop
  endfacet
  facet normal 0.896802 0.442432 0
    outer loop
      vertex -29.8877 15.1875 -34.5
      vertex -29.947 15.3077 -41.5
      vertex -29.947 15.3077 -34.5
    endloop
  endfacet
  facet normal 0.896802 0.442432 0
    outer loop
      vertex -29.947 15.3077 -41.5
      vertex -29.8877 15.1875 -34.5
      vertex -29.8877 15.1875 -41.5
    endloop
  endfacet
  facet normal 0.55556 0.831476 -0
    outer loop
      vertex -29.5125 14.8123 -41.5
      vertex -29.624 14.8868 -34.5
      vertex -29.5125 14.8123 -34.5
    endloop
  endfacet
  facet normal 0.55556 0.831476 0
    outer loop
      vertex -29.624 14.8868 -34.5
      vertex -29.5125 14.8123 -41.5
      vertex -29.624 14.8868 -41.5
    endloop
  endfacet
  facet normal -0.321952 -0.946756 0
    outer loop
      vertex -28.7347 16.6901 -41.5
      vertex -28.7 16.6783 -34.5
      vertex -28.7347 16.6901 -34.5
    endloop
  endfacet
  facet normal -0.321952 -0.946756 -0
    outer loop
      vertex -28.7 16.6783 -34.5
      vertex -28.7347 16.6901 -41.5
      vertex -28.7 16.6783 -41.5
    endloop
  endfacet
  facet normal 0.659349 0.751837 -0
    outer loop
      vertex -29.624 14.8868 -41.5
      vertex -29.7248 14.9752 -34.5
      vertex -29.624 14.8868 -34.5
    endloop
  endfacet
  facet normal 0.659349 0.751837 0
    outer loop
      vertex -29.7248 14.9752 -34.5
      vertex -29.624 14.8868 -41.5
      vertex -29.7248 14.9752 -41.5
    endloop
  endfacet
  facet normal -0.065628 -0.997844 0
    outer loop
      vertex -29 16.725 -41.5
      vertex -28.8662 16.7162 -34.5
      vertex -29 16.725 -34.5
    endloop
  endfacet
  facet normal -0.065628 -0.997844 -0
    outer loop
      vertex -28.8662 16.7162 -34.5
      vertex -29 16.725 -41.5
      vertex -28.8662 16.7162 -41.5
    endloop
  endfacet
  facet normal 0.946954 0.321368 0
    outer loop
      vertex -29.947 15.3077 -34.5
      vertex -29.9901 15.4347 -41.5
      vertex -29.9901 15.4347 -34.5
    endloop
  endfacet
  facet normal 0.946954 0.321368 0
    outer loop
      vertex -29.9901 15.4347 -41.5
      vertex -29.947 15.3077 -34.5
      vertex -29.947 15.3077 -41.5
    endloop
  endfacet
  facet normal 0.751837 -0.659349 0
    outer loop
      vertex -29.8132 16.324 -34.5
      vertex -29.7248 16.4248 -41.5
      vertex -29.7248 16.4248 -34.5
    endloop
  endfacet
  facet normal 0.751837 -0.659349 0
    outer loop
      vertex -29.7248 16.4248 -41.5
      vertex -29.8132 16.324 -34.5
      vertex -29.8132 16.324 -41.5
    endloop
  endfacet
  facet normal 0.831476 -0.55556 0
    outer loop
      vertex -29.8877 16.2125 -34.5
      vertex -29.8132 16.324 -41.5
      vertex -29.8132 16.324 -34.5
    endloop
  endfacet
  facet normal 0.831476 -0.55556 0
    outer loop
      vertex -29.8132 16.324 -41.5
      vertex -29.8877 16.2125 -34.5
      vertex -29.8877 16.2125 -41.5
    endloop
  endfacet
  facet normal 0.997844 0.065628 0
    outer loop
      vertex -30.0162 15.5662 -34.5
      vertex -30.025 15.7 -41.5
      vertex -30.025 15.7 -34.5
    endloop
  endfacet
  facet normal 0.997844 0.065628 0
    outer loop
      vertex -30.025 15.7 -41.5
      vertex -30.0162 15.5662 -34.5
      vertex -30.0162 15.5662 -41.5
    endloop
  endfacet
  facet normal 0.442432 -0.896802 0
    outer loop
      vertex -29.5125 16.5877 -41.5
      vertex -29.3923 16.647 -34.5
      vertex -29.5125 16.5877 -34.5
    endloop
  endfacet
  facet normal 0.442432 -0.896802 0
    outer loop
      vertex -29.3923 16.647 -34.5
      vertex -29.5125 16.5877 -41.5
      vertex -29.3923 16.647 -41.5
    endloop
  endfacet
  facet normal 0.065628 0.997844 -0
    outer loop
      vertex -29 14.675 -41.5
      vertex -29.1338 14.6838 -34.5
      vertex -29 14.675 -34.5
    endloop
  endfacet
  facet normal 0.065628 0.997844 0
    outer loop
      vertex -29.1338 14.6838 -34.5
      vertex -29 14.675 -41.5
      vertex -29.1338 14.6838 -41.5
    endloop
  endfacet
  facet normal 0.321368 -0.946954 0
    outer loop
      vertex -29.3923 16.647 -41.5
      vertex -29.2653 16.6901 -34.5
      vertex -29.3923 16.647 -34.5
    endloop
  endfacet
  facet normal 0.321368 -0.946954 0
    outer loop
      vertex -29.2653 16.6901 -34.5
      vertex -29.3923 16.647 -41.5
      vertex -29.2653 16.6901 -41.5
    endloop
  endfacet
  facet normal 0.194681 -0.980867 0
    outer loop
      vertex -29.2653 16.6901 -41.5
      vertex -29.1338 16.7162 -34.5
      vertex -29.2653 16.6901 -34.5
    endloop
  endfacet
  facet normal 0.194681 -0.980867 0
    outer loop
      vertex -29.1338 16.7162 -34.5
      vertex -29.2653 16.6901 -41.5
      vertex -29.1338 16.7162 -41.5
    endloop
  endfacet
  facet normal 0.659349 -0.751837 0
    outer loop
      vertex -29.7248 16.4248 -41.5
      vertex -29.624 16.5132 -34.5
      vertex -29.7248 16.4248 -34.5
    endloop
  endfacet
  facet normal 0.659349 -0.751837 0
    outer loop
      vertex -29.624 16.5132 -34.5
      vertex -29.7248 16.4248 -41.5
      vertex -29.624 16.5132 -41.5
    endloop
  endfacet
  facet normal 0.751837 0.659349 0
    outer loop
      vertex -29.7248 14.9752 -34.5
      vertex -29.8132 15.076 -41.5
      vertex -29.8132 15.076 -34.5
    endloop
  endfacet
  facet normal 0.751837 0.659349 0
    outer loop
      vertex -29.8132 15.076 -41.5
      vertex -29.7248 14.9752 -34.5
      vertex -29.7248 14.9752 -41.5
    endloop
  endfacet
  facet normal 0.980867 0.194681 0
    outer loop
      vertex -29.9901 15.4347 -34.5
      vertex -30.0162 15.5662 -41.5
      vertex -30.0162 15.5662 -34.5
    endloop
  endfacet
  facet normal 0.980867 0.194681 0
    outer loop
      vertex -30.0162 15.5662 -41.5
      vertex -29.9901 15.4347 -34.5
      vertex -29.9901 15.4347 -41.5
    endloop
  endfacet
  facet normal -0.194681 -0.980867 0
    outer loop
      vertex -28.8662 16.7162 -41.5
      vertex -28.7347 16.6901 -34.5
      vertex -28.8662 16.7162 -34.5
    endloop
  endfacet
  facet normal -0.194681 -0.980867 -0
    outer loop
      vertex -28.7347 16.6901 -34.5
      vertex -28.8662 16.7162 -41.5
      vertex -28.7347 16.6901 -41.5
    endloop
  endfacet
  facet normal 0.980867 -0.194681 0
    outer loop
      vertex -30.0162 15.8338 -34.5
      vertex -29.9901 15.9653 -41.5
      vertex -29.9901 15.9653 -34.5
    endloop
  endfacet
  facet normal 0.980867 -0.194681 0
    outer loop
      vertex -29.9901 15.9653 -41.5
      vertex -30.0162 15.8338 -34.5
      vertex -30.0162 15.8338 -41.5
    endloop
  endfacet
  facet normal 0.55556 -0.831476 0
    outer loop
      vertex -29.624 16.5132 -41.5
      vertex -29.5125 16.5877 -34.5
      vertex -29.624 16.5132 -34.5
    endloop
  endfacet
  facet normal 0.55556 -0.831476 0
    outer loop
      vertex -29.5125 16.5877 -34.5
      vertex -29.624 16.5132 -41.5
      vertex -29.5125 16.5877 -41.5
    endloop
  endfacet
  facet normal -0.321952 0.946756 0
    outer loop
      vertex -28.7 14.7217 -41.5
      vertex -28.7347 14.7099 -34.5
      vertex -28.7 14.7217 -34.5
    endloop
  endfacet
  facet normal -0.321952 0.946756 0
    outer loop
      vertex -28.7347 14.7099 -34.5
      vertex -28.7 14.7217 -41.5
      vertex -28.7347 14.7099 -41.5
    endloop
  endfacet
  facet normal 0.194681 0.980867 -0
    outer loop
      vertex -29.1338 14.6838 -41.5
      vertex -29.2653 14.7099 -34.5
      vertex -29.1338 14.6838 -34.5
    endloop
  endfacet
  facet normal 0.194681 0.980867 0
    outer loop
      vertex -29.2653 14.7099 -34.5
      vertex -29.1338 14.6838 -41.5
      vertex -29.2653 14.7099 -41.5
    endloop
  endfacet
  facet normal 0.442432 0.896802 -0
    outer loop
      vertex -29.3923 14.753 -41.5
      vertex -29.5125 14.8123 -34.5
      vertex -29.3923 14.753 -34.5
    endloop
  endfacet
  facet normal 0.442432 0.896802 0
    outer loop
      vertex -29.5125 14.8123 -34.5
      vertex -29.3923 14.753 -41.5
      vertex -29.5125 14.8123 -41.5
    endloop
  endfacet
  facet normal 0.321368 0.946954 -0
    outer loop
      vertex -29.2653 14.7099 -41.5
      vertex -29.3923 14.753 -34.5
      vertex -29.2653 14.7099 -34.5
    endloop
  endfacet
  facet normal 0.321368 0.946954 0
    outer loop
      vertex -29.3923 14.753 -34.5
      vertex -29.2653 14.7099 -41.5
      vertex -29.3923 14.753 -41.5
    endloop
  endfacet
  facet normal 0.831476 0.55556 0
    outer loop
      vertex -29.8132 15.076 -34.5
      vertex -29.8877 15.1875 -41.5
      vertex -29.8877 15.1875 -34.5
    endloop
  endfacet
  facet normal 0.831476 0.55556 0
    outer loop
      vertex -29.8877 15.1875 -41.5
      vertex -29.8132 15.076 -34.5
      vertex -29.8132 15.076 -41.5
    endloop
  endfacet
  facet normal 0.946954 -0.321368 0
    outer loop
      vertex -29.9901 15.9653 -34.5
      vertex -29.947 16.0923 -41.5
      vertex -29.947 16.0923 -34.5
    endloop
  endfacet
  facet normal 0.946954 -0.321368 0
    outer loop
      vertex -29.947 16.0923 -41.5
      vertex -29.9901 15.9653 -34.5
      vertex -29.9901 15.9653 -41.5
    endloop
  endfacet
  facet normal 1 -0 0
    outer loop
      vertex -28.7 14.425 -34.5
      vertex -28.7 14.7217 -41.5
      vertex -28.7 14.7217 -34.5
    endloop
  endfacet
  facet normal 1 0 0
    outer loop
      vertex -28.7 14.7217 -41.5
      vertex -28.7 14.425 -34.5
      vertex -28.7 14.425 -41.5
    endloop
  endfacet
  facet normal 1 -0 0
    outer loop
      vertex -28.7 16.6783 -34.5
      vertex -28.7 16.975 -41.5
      vertex -28.7 16.975 -34.5
    endloop
  endfacet
  facet normal 1 0 0
    outer loop
      vertex -28.7 16.975 -41.5
      vertex -28.7 16.6783 -34.5
      vertex -28.7 16.6783 -41.5
    endloop
  endfacet
  facet normal 0 -1 0
    outer loop
      vertex -28.7 16.975 -41.5
      vertex -26.1 16.975 -34.5
      vertex -28.7 16.975 -34.5
    endloop
  endfacet
  facet normal 0 -1 -0
    outer loop
      vertex -26.1 16.975 -34.5
      vertex -28.7 16.975 -41.5
      vertex -26.1 16.975 -41.5
    endloop
  endfacet
  facet normal 0 1 -0
    outer loop
      vertex -26.1 14.425 -41.5
      vertex -28.7 14.425 -34.5
      vertex -26.1 14.425 -34.5
    endloop
  endfacet
  facet normal 0 1 0
    outer loop
      vertex -28.7 14.425 -34.5
      vertex -26.1 14.425 -41.5
      vertex -28.7 14.425 -41.5
    endloop
  endfacet
  facet normal 0 -1 0
    outer loop
      vertex -31.9 12.1 -23.5
      vertex -26.1 12.1 -16.5
      vertex -31.9 12.1 -16.5
    endloop
  endfacet
  facet normal 0 -1 -0
    outer loop
      vertex -26.1 12.1 -16.5
      vertex -31.9 12.1 -23.5
      vertex -26.1 12.1 -23.5
    endloop
  endfacet
  facet normal 0 0 -1
    outer loop
      vertex -26.1 12.1 -23.5
      vertex -28.7 14.425 -23.5
      vertex -26.1 14.425 -23.5
    endloop
  endfacet
  facet normal 0 0 -1
    outer loop
      vertex -28.7 14.425 -23.5
      vertex -28.7347 14.7099 -23.5
      vertex -28.7 14.7217 -23.5
    endloop
  endfacet
  facet normal 0 0 -1
    outer loop
      vertex -28.7 14.425 -23.5
      vertex -28.8662 14.6838 -23.5
      vertex -28.7347 14.7099 -23.5
    endloop
  endfacet
  facet normal 0 0 -1
    outer loop
      vertex -28.7 14.425 -23.5
      vertex -29 14.675 -23.5
      vertex -28.8662 14.6838 -23.5
    endloop
  endfacet
  facet normal 0 0 -1
    outer loop
      vertex -31.9 12.1 -23.5
      vertex -28.7 14.425 -23.5
      vertex -26.1 12.1 -23.5
    endloop
  endfacet
  facet normal 0 -0 -1
    outer loop
      vertex -29.2653 14.7099 -23.5
      vertex -28.7 14.425 -23.5
      vertex -31.9 12.1 -23.5
    endloop
  endfacet
  facet normal 0 0 -1
    outer loop
      vertex -28.7 14.425 -23.5
      vertex -29.1338 14.6838 -23.5
      vertex -29 14.675 -23.5
    endloop
  endfacet
  facet normal 0 0 -1
    outer loop
      vertex -28.7 14.425 -23.5
      vertex -29.2653 14.7099 -23.5
      vertex -29.1338 14.6838 -23.5
    endloop
  endfacet
  facet normal -0 0 -1
    outer loop
      vertex -29.2653 14.7099 -23.5
      vertex -31.9 12.1 -23.5
      vertex -29.3923 14.753 -23.5
    endloop
  endfacet
  facet normal -0 0 -1
    outer loop
      vertex -29.3923 14.753 -23.5
      vertex -31.9 12.1 -23.5
      vertex -29.5125 14.8123 -23.5
    endloop
  endfacet
  facet normal -0 0 -1
    outer loop
      vertex -30.0162 15.5662 -23.5
      vertex -31.9 12.1 -23.5
      vertex -30.025 15.7 -23.5
    endloop
  endfacet
  facet normal -0 0 -1
    outer loop
      vertex -29.9901 15.4347 -23.5
      vertex -31.9 12.1 -23.5
      vertex -30.0162 15.5662 -23.5
    endloop
  endfacet
  facet normal -0 0 -1
    outer loop
      vertex -29.947 15.3077 -23.5
      vertex -31.9 12.1 -23.5
      vertex -29.9901 15.4347 -23.5
    endloop
  endfacet
  facet normal -0 0 -1
    outer loop
      vertex -29.8877 15.1875 -23.5
      vertex -31.9 12.1 -23.5
      vertex -29.947 15.3077 -23.5
    endloop
  endfacet
  facet normal -0 0 -1
    outer loop
      vertex -29.8132 15.076 -23.5
      vertex -31.9 12.1 -23.5
      vertex -29.8877 15.1875 -23.5
    endloop
  endfacet
  facet normal -0 0 -1
    outer loop
      vertex -29.7248 14.9752 -23.5
      vertex -31.9 12.1 -23.5
      vertex -29.8132 15.076 -23.5
    endloop
  endfacet
  facet normal -0 0 -1
    outer loop
      vertex -29.624 14.8868 -23.5
      vertex -31.9 12.1 -23.5
      vertex -29.7248 14.9752 -23.5
    endloop
  endfacet
  facet normal -0 0 -1
    outer loop
      vertex -29.5125 14.8123 -23.5
      vertex -31.9 12.1 -23.5
      vertex -29.624 14.8868 -23.5
    endloop
  endfacet
  facet normal 0 0 -1
    outer loop
      vertex -28.7 16.6783 -23.5
      vertex -28.7347 16.6901 -23.5
      vertex -28.7 16.975 -23.5
    endloop
  endfacet
  facet normal 0 0 -1
    outer loop
      vertex -28.7 16.975 -23.5
      vertex -26.1 19.6 -23.5
      vertex -26.1 16.975 -23.5
    endloop
  endfacet
  facet normal 0 0 -1
    outer loop
      vertex -28.8662 16.7162 -23.5
      vertex -28.7 16.975 -23.5
      vertex -28.7347 16.6901 -23.5
    endloop
  endfacet
  facet normal 0 0 -1
    outer loop
      vertex -29 16.725 -23.5
      vertex -28.7 16.975 -23.5
      vertex -28.8662 16.7162 -23.5
    endloop
  endfacet
  facet normal 0 0 -1
    outer loop
      vertex -29.1338 16.7162 -23.5
      vertex -28.7 16.975 -23.5
      vertex -29 16.725 -23.5
    endloop
  endfacet
  facet normal 0 0 -1
    outer loop
      vertex -29.2653 16.6901 -23.5
      vertex -28.7 16.975 -23.5
      vertex -29.1338 16.7162 -23.5
    endloop
  endfacet
  facet normal -0 0 -1
    outer loop
      vertex -28.7 16.975 -23.5
      vertex -29.2653 16.6901 -23.5
      vertex -31.9 19.6 -23.5
    endloop
  endfacet
  facet normal 0 0 -1
    outer loop
      vertex -31.9 19.6 -23.5
      vertex -29.2653 16.6901 -23.5
      vertex -29.3923 16.647 -23.5
    endloop
  endfacet
  facet normal 0 0 -1
    outer loop
      vertex -31.9 19.6 -23.5
      vertex -29.3923 16.647 -23.5
      vertex -29.5125 16.5877 -23.5
    endloop
  endfacet
  facet normal 0 0 -1
    outer loop
      vertex -31.9 19.6 -23.5
      vertex -29.5125 16.5877 -23.5
      vertex -29.624 16.5132 -23.5
    endloop
  endfacet
  facet normal 0 0 -1
    outer loop
      vertex -31.9 19.6 -23.5
      vertex -30.025 15.7 -23.5
      vertex -31.9 12.1 -23.5
    endloop
  endfacet
  facet normal 0 0 -1
    outer loop
      vertex -30.025 15.7 -23.5
      vertex -31.9 19.6 -23.5
      vertex -30.0162 15.8338 -23.5
    endloop
  endfacet
  facet normal 0 0 -1
    outer loop
      vertex -30.0162 15.8338 -23.5
      vertex -31.9 19.6 -23.5
      vertex -29.9901 15.9653 -23.5
    endloop
  endfacet
  facet normal 0 0 -1
    outer loop
      vertex -28.7 16.975 -23.5
      vertex -31.9 19.6 -23.5
      vertex -26.1 19.6 -23.5
    endloop
  endfacet
  facet normal 0 0 -1
    outer loop
      vertex -29.7248 16.4248 -23.5
      vertex -31.9 19.6 -23.5
      vertex -29.624 16.5132 -23.5
    endloop
  endfacet
  facet normal 0 0 -1
    outer loop
      vertex -29.8132 16.324 -23.5
      vertex -31.9 19.6 -23.5
      vertex -29.7248 16.4248 -23.5
    endloop
  endfacet
  facet normal 0 0 -1
    outer loop
      vertex -29.8877 16.2125 -23.5
      vertex -31.9 19.6 -23.5
      vertex -29.8132 16.324 -23.5
    endloop
  endfacet
  facet normal 0 0 -1
    outer loop
      vertex -29.947 16.0923 -23.5
      vertex -31.9 19.6 -23.5
      vertex -29.8877 16.2125 -23.5
    endloop
  endfacet
  facet normal 0 0 -1
    outer loop
      vertex -29.9901 15.9653 -23.5
      vertex -31.9 19.6 -23.5
      vertex -29.947 16.0923 -23.5
    endloop
  endfacet
  facet normal 0 0 1
    outer loop
      vertex -26.1 19.6 -16.5
      vertex -28.7 16.975 -16.5
      vertex -26.1 16.975 -16.5
    endloop
  endfacet
  facet normal 0 0 1
    outer loop
      vertex -28.7 16.975 -16.5
      vertex -28.7347 16.6901 -16.5
      vertex -28.7 16.6783 -16.5
    endloop
  endfacet
  facet normal 0 0 1
    outer loop
      vertex -28.7 16.975 -16.5
      vertex -28.8662 16.7162 -16.5
      vertex -28.7347 16.6901 -16.5
    endloop
  endfacet
  facet normal 0 0 1
    outer loop
      vertex -28.7 16.975 -16.5
      vertex -29 16.725 -16.5
      vertex -28.8662 16.7162 -16.5
    endloop
  endfacet
  facet normal -0 0 1
    outer loop
      vertex -31.9 19.6 -16.5
      vertex -28.7 16.975 -16.5
      vertex -26.1 19.6 -16.5
    endloop
  endfacet
  facet normal 0 -0 1
    outer loop
      vertex -29.2653 16.6901 -16.5
      vertex -28.7 16.975 -16.5
      vertex -31.9 19.6 -16.5
    endloop
  endfacet
  facet normal 0 0 1
    outer loop
      vertex -28.7 16.975 -16.5
      vertex -29.1338 16.7162 -16.5
      vertex -29 16.725 -16.5
    endloop
  endfacet
  facet normal 0 0 1
    outer loop
      vertex -28.7 16.975 -16.5
      vertex -29.2653 16.6901 -16.5
      vertex -29.1338 16.7162 -16.5
    endloop
  endfacet
  facet normal 0 0 1
    outer loop
      vertex -29.2653 16.6901 -16.5
      vertex -31.9 19.6 -16.5
      vertex -29.3923 16.647 -16.5
    endloop
  endfacet
  facet normal 0 0 1
    outer loop
      vertex -29.3923 16.647 -16.5
      vertex -31.9 19.6 -16.5
      vertex -29.5125 16.5877 -16.5
    endloop
  endfacet
  facet normal 0 0 1
    outer loop
      vertex -30.0162 15.8338 -16.5
      vertex -31.9 19.6 -16.5
      vertex -30.025 15.7 -16.5
    endloop
  endfacet
  facet normal 0 0 1
    outer loop
      vertex -29.9901 15.9653 -16.5
      vertex -31.9 19.6 -16.5
      vertex -30.0162 15.8338 -16.5
    endloop
  endfacet
  facet normal 0 0 1
    outer loop
      vertex -29.947 16.0923 -16.5
      vertex -31.9 19.6 -16.5
      vertex -29.9901 15.9653 -16.5
    endloop
  endfacet
  facet normal 0 0 1
    outer loop
      vertex -29.8877 16.2125 -16.5
      vertex -31.9 19.6 -16.5
      vertex -29.947 16.0923 -16.5
    endloop
  endfacet
  facet normal 0 0 1
    outer loop
      vertex -29.8132 16.324 -16.5
      vertex -31.9 19.6 -16.5
      vertex -29.8877 16.2125 -16.5
    endloop
  endfacet
  facet normal 0 0 1
    outer loop
      vertex -29.7248 16.4248 -16.5
      vertex -31.9 19.6 -16.5
      vertex -29.8132 16.324 -16.5
    endloop
  endfacet
  facet normal 0 0 1
    outer loop
      vertex -29.624 16.5132 -16.5
      vertex -31.9 19.6 -16.5
      vertex -29.7248 16.4248 -16.5
    endloop
  endfacet
  facet normal 0 0 1
    outer loop
      vertex -29.5125 16.5877 -16.5
      vertex -31.9 19.6 -16.5
      vertex -29.624 16.5132 -16.5
    endloop
  endfacet
  facet normal 0 0 1
    outer loop
      vertex -28.7 14.7217 -16.5
      vertex -28.7347 14.7099 -16.5
      vertex -28.7 14.425 -16.5
    endloop
  endfacet
  facet normal -0 0 1
    outer loop
      vertex -28.7 14.425 -16.5
      vertex -26.1 12.1 -16.5
      vertex -26.1 14.425 -16.5
    endloop
  endfacet
  facet normal -0 0 1
    outer loop
      vertex -28.8662 14.6838 -16.5
      vertex -28.7 14.425 -16.5
      vertex -28.7347 14.7099 -16.5
    endloop
  endfacet
  facet normal -0 0 1
    outer loop
      vertex -29 14.675 -16.5
      vertex -28.7 14.425 -16.5
      vertex -28.8662 14.6838 -16.5
    endloop
  endfacet
  facet normal 0 0 1
    outer loop
      vertex -29.1338 14.6838 -16.5
      vertex -28.7 14.425 -16.5
      vertex -29 14.675 -16.5
    endloop
  endfacet
  facet normal 0 0 1
    outer loop
      vertex -29.2653 14.7099 -16.5
      vertex -28.7 14.425 -16.5
      vertex -29.1338 14.6838 -16.5
    endloop
  endfacet
  facet normal 0 0 1
    outer loop
      vertex -28.7 14.425 -16.5
      vertex -29.2653 14.7099 -16.5
      vertex -31.9 12.1 -16.5
    endloop
  endfacet
  facet normal 0 0 1
    outer loop
      vertex -31.9 12.1 -16.5
      vertex -29.2653 14.7099 -16.5
      vertex -29.3923 14.753 -16.5
    endloop
  endfacet
  facet normal 0 0 1
    outer loop
      vertex -31.9 12.1 -16.5
      vertex -29.3923 14.753 -16.5
      vertex -29.5125 14.8123 -16.5
    endloop
  endfacet
  facet normal 0 0 1
    outer loop
      vertex -31.9 12.1 -16.5
      vertex -29.5125 14.8123 -16.5
      vertex -29.624 14.8868 -16.5
    endloop
  endfacet
  facet normal 0 0 1
    outer loop
      vertex -31.9 12.1 -16.5
      vertex -30.025 15.7 -16.5
      vertex -31.9 19.6 -16.5
    endloop
  endfacet
  facet normal 0 0 1
    outer loop
      vertex -30.025 15.7 -16.5
      vertex -31.9 12.1 -16.5
      vertex -30.0162 15.5662 -16.5
    endloop
  endfacet
  facet normal 0 0 1
    outer loop
      vertex -30.0162 15.5662 -16.5
      vertex -31.9 12.1 -16.5
      vertex -29.9901 15.4347 -16.5
    endloop
  endfacet
  facet normal 0 0 1
    outer loop
      vertex -28.7 14.425 -16.5
      vertex -31.9 12.1 -16.5
      vertex -26.1 12.1 -16.5
    endloop
  endfacet
  facet normal 0 0 1
    outer loop
      vertex -29.7248 14.9752 -16.5
      vertex -31.9 12.1 -16.5
      vertex -29.624 14.8868 -16.5
    endloop
  endfacet
  facet normal 0 0 1
    outer loop
      vertex -29.8132 15.076 -16.5
      vertex -31.9 12.1 -16.5
      vertex -29.7248 14.9752 -16.5
    endloop
  endfacet
  facet normal 0 0 1
    outer loop
      vertex -29.8877 15.1875 -16.5
      vertex -31.9 12.1 -16.5
      vertex -29.8132 15.076 -16.5
    endloop
  endfacet
  facet normal 0 0 1
    outer loop
      vertex -29.947 15.3077 -16.5
      vertex -31.9 12.1 -16.5
      vertex -29.8877 15.1875 -16.5
    endloop
  endfacet
  facet normal 0 0 1
    outer loop
      vertex -29.9901 15.4347 -16.5
      vertex -31.9 12.1 -16.5
      vertex -29.947 15.3077 -16.5
    endloop
  endfacet
  facet normal 1 -0 0
    outer loop
      vertex -26.1 12.1 -16.5
      vertex -26.1 14.425 -23.5
      vertex -26.1 14.425 -16.5
    endloop
  endfacet
  facet normal 1 0 0
    outer loop
      vertex -26.1 14.425 -23.5
      vertex -26.1 12.1 -16.5
      vertex -26.1 12.1 -23.5
    endloop
  endfacet
  facet normal 1 -0 0
    outer loop
      vertex -26.1 16.975 -16.5
      vertex -26.1 19.6 -23.5
      vertex -26.1 19.6 -16.5
    endloop
  endfacet
  facet normal 1 0 0
    outer loop
      vertex -26.1 19.6 -23.5
      vertex -26.1 16.975 -16.5
      vertex -26.1 16.975 -23.5
    endloop
  endfacet
  facet normal -1 0 0
    outer loop
      vertex -31.9 12.1 -23.5
      vertex -31.9 19.6 -16.5
      vertex -31.9 19.6 -23.5
    endloop
  endfacet
  facet normal -1 -0 0
    outer loop
      vertex -31.9 19.6 -16.5
      vertex -31.9 12.1 -23.5
      vertex -31.9 12.1 -16.5
    endloop
  endfacet
  facet normal 0.065628 -0.997844 0
    outer loop
      vertex -29.1338 16.7162 -23.5
      vertex -29 16.725 -16.5
      vertex -29.1338 16.7162 -16.5
    endloop
  endfacet
  facet normal 0.065628 -0.997844 0
    outer loop
      vertex -29 16.725 -16.5
      vertex -29.1338 16.7162 -23.5
      vertex -29 16.725 -23.5
    endloop
  endfacet
  facet normal -0.194681 0.980867 0
    outer loop
      vertex -28.7347 14.7099 -23.5
      vertex -28.8662 14.6838 -16.5
      vertex -28.7347 14.7099 -16.5
    endloop
  endfacet
  facet normal -0.194681 0.980867 0
    outer loop
      vertex -28.8662 14.6838 -16.5
      vertex -28.7347 14.7099 -23.5
      vertex -28.8662 14.6838 -23.5
    endloop
  endfacet
  facet normal -0.065628 0.997844 0
    outer loop
      vertex -28.8662 14.6838 -23.5
      vertex -29 14.675 -16.5
      vertex -28.8662 14.6838 -16.5
    endloop
  endfacet
  facet normal -0.065628 0.997844 0
    outer loop
      vertex -29 14.675 -16.5
      vertex -28.8662 14.6838 -23.5
      vertex -29 14.675 -23.5
    endloop
  endfacet
  facet normal 0.997844 -0.065628 0
    outer loop
      vertex -30.025 15.7 -16.5
      vertex -30.0162 15.8338 -23.5
      vertex -30.0162 15.8338 -16.5
    endloop
  endfacet
  facet normal 0.997844 -0.065628 0
    outer loop
      vertex -30.0162 15.8338 -23.5
      vertex -30.025 15.7 -16.5
      vertex -30.025 15.7 -23.5
    endloop
  endfacet
  facet normal 0.896802 -0.442432 0
    outer loop
      vertex -29.947 16.0923 -16.5
      vertex -29.8877 16.2125 -23.5
      vertex -29.8877 16.2125 -16.5
    endloop
  endfacet
  facet normal 0.896802 -0.442432 0
    outer loop
      vertex -29.8877 16.2125 -23.5
      vertex -29.947 16.0923 -16.5
      vertex -29.947 16.0923 -23.5
    endloop
  endfacet
  facet normal 0.896802 0.442432 0
    outer loop
      vertex -29.8877 15.1875 -16.5
      vertex -29.947 15.3077 -23.5
      vertex -29.947 15.3077 -16.5
    endloop
  endfacet
  facet normal 0.896802 0.442432 0
    outer loop
      vertex -29.947 15.3077 -23.5
      vertex -29.8877 15.1875 -16.5
      vertex -29.8877 15.1875 -23.5
    endloop
  endfacet
  facet normal 0.55556 0.831476 -0
    outer loop
      vertex -29.5125 14.8123 -23.5
      vertex -29.624 14.8868 -16.5
      vertex -29.5125 14.8123 -16.5
    endloop
  endfacet
  facet normal 0.55556 0.831476 0
    outer loop
      vertex -29.624 14.8868 -16.5
      vertex -29.5125 14.8123 -23.5
      vertex -29.624 14.8868 -23.5
    endloop
  endfacet
  facet normal -0.321952 -0.946756 0
    outer loop
      vertex -28.7347 16.6901 -23.5
      vertex -28.7 16.6783 -16.5
      vertex -28.7347 16.6901 -16.5
    endloop
  endfacet
  facet normal -0.321952 -0.946756 -0
    outer loop
      vertex -28.7 16.6783 -16.5
      vertex -28.7347 16.6901 -23.5
      vertex -28.7 16.6783 -23.5
    endloop
  endfacet
  facet normal 0.659349 0.751837 -0
    outer loop
      vertex -29.624 14.8868 -23.5
      vertex -29.7248 14.9752 -16.5
      vertex -29.624 14.8868 -16.5
    endloop
  endfacet
  facet normal 0.659349 0.751837 0
    outer loop
      vertex -29.7248 14.9752 -16.5
      vertex -29.624 14.8868 -23.5
      vertex -29.7248 14.9752 -23.5
    endloop
  endfacet
  facet normal -0.065628 -0.997844 0
    outer loop
      vertex -29 16.725 -23.5
      vertex -28.8662 16.7162 -16.5
      vertex -29 16.725 -16.5
    endloop
  endfacet
  facet normal -0.065628 -0.997844 -0
    outer loop
      vertex -28.8662 16.7162 -16.5
      vertex -29 16.725 -23.5
      vertex -28.8662 16.7162 -23.5
    endloop
  endfacet
  facet normal 0.946954 0.321368 0
    outer loop
      vertex -29.947 15.3077 -16.5
      vertex -29.9901 15.4347 -23.5
      vertex -29.9901 15.4347 -16.5
    endloop
  endfacet
  facet normal 0.946954 0.321368 0
    outer loop
      vertex -29.9901 15.4347 -23.5
      vertex -29.947 15.3077 -16.5
      vertex -29.947 15.3077 -23.5
    endloop
  endfacet
  facet normal 0.751837 -0.659349 0
    outer loop
      vertex -29.8132 16.324 -16.5
      vertex -29.7248 16.4248 -23.5
      vertex -29.7248 16.4248 -16.5
    endloop
  endfacet
  facet normal 0.751837 -0.659349 0
    outer loop
      vertex -29.7248 16.4248 -23.5
      vertex -29.8132 16.324 -16.5
      vertex -29.8132 16.324 -23.5
    endloop
  endfacet
  facet normal 0.831476 -0.55556 0
    outer loop
      vertex -29.8877 16.2125 -16.5
      vertex -29.8132 16.324 -23.5
      vertex -29.8132 16.324 -16.5
    endloop
  endfacet
  facet normal 0.831476 -0.55556 0
    outer loop
      vertex -29.8132 16.324 -23.5
      vertex -29.8877 16.2125 -16.5
      vertex -29.8877 16.2125 -23.5
    endloop
  endfacet
  facet normal 0.997844 0.065628 0
    outer loop
      vertex -30.0162 15.5662 -16.5
      vertex -30.025 15.7 -23.5
      vertex -30.025 15.7 -16.5
    endloop
  endfacet
  facet normal 0.997844 0.065628 0
    outer loop
      vertex -30.025 15.7 -23.5
      vertex -30.0162 15.5662 -16.5
      vertex -30.0162 15.5662 -23.5
    endloop
  endfacet
  facet normal 0.442432 -0.896802 0
    outer loop
      vertex -29.5125 16.5877 -23.5
      vertex -29.3923 16.647 -16.5
      vertex -29.5125 16.5877 -16.5
    endloop
  endfacet
  facet normal 0.442432 -0.896802 0
    outer loop
      vertex -29.3923 16.647 -16.5
      vertex -29.5125 16.5877 -23.5
      vertex -29.3923 16.647 -23.5
    endloop
  endfacet
  facet normal 0.065628 0.997844 -0
    outer loop
      vertex -29 14.675 -23.5
      vertex -29.1338 14.6838 -16.5
      vertex -29 14.675 -16.5
    endloop
  endfacet
  facet normal 0.065628 0.997844 0
    outer loop
      vertex -29.1338 14.6838 -16.5
      vertex -29 14.675 -23.5
      vertex -29.1338 14.6838 -23.5
    endloop
  endfacet
  facet normal 0.321368 -0.946954 0
    outer loop
      vertex -29.3923 16.647 -23.5
      vertex -29.2653 16.6901 -16.5
      vertex -29.3923 16.647 -16.5
    endloop
  endfacet
  facet normal 0.321368 -0.946954 0
    outer loop
      vertex -29.2653 16.6901 -16.5
      vertex -29.3923 16.647 -23.5
      vertex -29.2653 16.6901 -23.5
    endloop
  endfacet
  facet normal 0.194681 -0.980867 0
    outer loop
      vertex -29.2653 16.6901 -23.5
      vertex -29.1338 16.7162 -16.5
      vertex -29.2653 16.6901 -16.5
    endloop
  endfacet
  facet normal 0.194681 -0.980867 0
    outer loop
      vertex -29.1338 16.7162 -16.5
      vertex -29.2653 16.6901 -23.5
      vertex -29.1338 16.7162 -23.5
    endloop
  endfacet
  facet normal 0.659349 -0.751837 0
    outer loop
      vertex -29.7248 16.4248 -23.5
      vertex -29.624 16.5132 -16.5
      vertex -29.7248 16.4248 -16.5
    endloop
  endfacet
  facet normal 0.659349 -0.751837 0
    outer loop
      vertex -29.624 16.5132 -16.5
      vertex -29.7248 16.4248 -23.5
      vertex -29.624 16.5132 -23.5
    endloop
  endfacet
  facet normal 0.751837 0.659349 0
    outer loop
      vertex -29.7248 14.9752 -16.5
      vertex -29.8132 15.076 -23.5
      vertex -29.8132 15.076 -16.5
    endloop
  endfacet
  facet normal 0.751837 0.659349 0
    outer loop
      vertex -29.8132 15.076 -23.5
      vertex -29.7248 14.9752 -16.5
      vertex -29.7248 14.9752 -23.5
    endloop
  endfacet
  facet normal 0.980867 0.194681 0
    outer loop
      vertex -29.9901 15.4347 -16.5
      vertex -30.0162 15.5662 -23.5
      vertex -30.0162 15.5662 -16.5
    endloop
  endfacet
  facet normal 0.980867 0.194681 0
    outer loop
      vertex -30.0162 15.5662 -23.5
      vertex -29.9901 15.4347 -16.5
      vertex -29.9901 15.4347 -23.5
    endloop
  endfacet
  facet normal -0.194681 -0.980867 0
    outer loop
      vertex -28.8662 16.7162 -23.5
      vertex -28.7347 16.6901 -16.5
      vertex -28.8662 16.7162 -16.5
    endloop
  endfacet
  facet normal -0.194681 -0.980867 -0
    outer loop
      vertex -28.7347 16.6901 -16.5
      vertex -28.8662 16.7162 -23.5
      vertex -28.7347 16.6901 -23.5
    endloop
  endfacet
  facet normal 0.980867 -0.194681 0
    outer loop
      vertex -30.0162 15.8338 -16.5
      vertex -29.9901 15.9653 -23.5
      vertex -29.9901 15.9653 -16.5
    endloop
  endfacet
  facet normal 0.980867 -0.194681 0
    outer loop
      vertex -29.9901 15.9653 -23.5
      vertex -30.0162 15.8338 -16.5
      vertex -30.0162 15.8338 -23.5
    endloop
  endfacet
  facet normal 0.55556 -0.831476 0
    outer loop
      vertex -29.624 16.5132 -23.5
      vertex -29.5125 16.5877 -16.5
      vertex -29.624 16.5132 -16.5
    endloop
  endfacet
  facet normal 0.55556 -0.831476 0
    outer loop
      vertex -29.5125 16.5877 -16.5
      vertex -29.624 16.5132 -23.5
      vertex -29.5125 16.5877 -23.5
    endloop
  endfacet
  facet normal -0.321952 0.946756 0
    outer loop
      vertex -28.7 14.7217 -23.5
      vertex -28.7347 14.7099 -16.5
      vertex -28.7 14.7217 -16.5
    endloop
  endfacet
  facet normal -0.321952 0.946756 0
    outer loop
      vertex -28.7347 14.7099 -16.5
      vertex -28.7 14.7217 -23.5
      vertex -28.7347 14.7099 -23.5
    endloop
  endfacet
  facet normal 0.194681 0.980867 -0
    outer loop
      vertex -29.1338 14.6838 -23.5
      vertex -29.2653 14.7099 -16.5
      vertex -29.1338 14.6838 -16.5
    endloop
  endfacet
  facet normal 0.194681 0.980867 0
    outer loop
      vertex -29.2653 14.7099 -16.5
      vertex -29.1338 14.6838 -23.5
      vertex -29.2653 14.7099 -23.5
    endloop
  endfacet
  facet normal 0.442432 0.896802 -0
    outer loop
      vertex -29.3923 14.753 -23.5
      vertex -29.5125 14.8123 -16.5
      vertex -29.3923 14.753 -16.5
    endloop
  endfacet
  facet normal 0.442432 0.896802 0
    outer loop
      vertex -29.5125 14.8123 -16.5
      vertex -29.3923 14.753 -23.5
      vertex -29.5125 14.8123 -23.5
    endloop
  endfacet
  facet normal 0.321368 0.946954 -0
    outer loop
      vertex -29.2653 14.7099 -23.5
      vertex -29.3923 14.753 -16.5
      vertex -29.2653 14.7099 -16.5
    endloop
  endfacet
  facet normal 0.321368 0.946954 0
    outer loop
      vertex -29.3923 14.753 -16.5
      vertex -29.2653 14.7099 -23.5
      vertex -29.3923 14.753 -23.5
    endloop
  endfacet
  facet normal 0.831476 0.55556 0
    outer loop
      vertex -29.8132 15.076 -16.5
      vertex -29.8877 15.1875 -23.5
      vertex -29.8877 15.1875 -16.5
    endloop
  endfacet
  facet normal 0.831476 0.55556 0
    outer loop
      vertex -29.8877 15.1875 -23.5
      vertex -29.8132 15.076 -16.5
      vertex -29.8132 15.076 -23.5
    endloop
  endfacet
  facet normal 0.946954 -0.321368 0
    outer loop
      vertex -29.9901 15.9653 -16.5
      vertex -29.947 16.0923 -23.5
      vertex -29.947 16.0923 -16.5
    endloop
  endfacet
  facet normal 0.946954 -0.321368 0
    outer loop
      vertex -29.947 16.0923 -23.5
      vertex -29.9901 15.9653 -16.5
      vertex -29.9901 15.9653 -23.5
    endloop
  endfacet
  facet normal 1 -0 0
    outer loop
      vertex -28.7 16.6783 -16.5
      vertex -28.7 16.975 -23.5
      vertex -28.7 16.975 -16.5
    endloop
  endfacet
  facet normal 1 0 0
    outer loop
      vertex -28.7 16.975 -23.5
      vertex -28.7 16.6783 -16.5
      vertex -28.7 16.6783 -23.5
    endloop
  endfacet
  facet normal 1 -0 0
    outer loop
      vertex -28.7 14.425 -16.5
      vertex -28.7 14.7217 -23.5
      vertex -28.7 14.7217 -16.5
    endloop
  endfacet
  facet normal 1 0 0
    outer loop
      vertex -28.7 14.7217 -23.5
      vertex -28.7 14.425 -16.5
      vertex -28.7 14.425 -23.5
    endloop
  endfacet
  facet normal 0 -1 0
    outer loop
      vertex -28.7 16.975 -23.5
      vertex -26.1 16.975 -16.5
      vertex -28.7 16.975 -16.5
    endloop
  endfacet
  facet normal 0 -1 -0
    outer loop
      vertex -26.1 16.975 -16.5
      vertex -28.7 16.975 -23.5
      vertex -26.1 16.975 -23.5
    endloop
  endfacet
  facet normal 0 1 -0
    outer loop
      vertex -26.1 14.425 -23.5
      vertex -28.7 14.425 -16.5
      vertex -26.1 14.425 -16.5
    endloop
  endfacet
  facet normal 0 1 0
    outer loop
      vertex -28.7 14.425 -16.5
      vertex -26.1 14.425 -23.5
      vertex -28.7 14.425 -23.5
    endloop
  endfacet
  facet normal 0 -1 0
    outer loop
      vertex -31.9 12.1 -5.5
      vertex -26.1 12.1 1.5
      vertex -31.9 12.1 1.5
    endloop
  endfacet
  facet normal 0 -1 -0
    outer loop
      vertex -26.1 12.1 1.5
      vertex -31.9 12.1 -5.5
      vertex -26.1 12.1 -5.5
    endloop
  endfacet
  facet normal 0 0 -1
    outer loop
      vertex -26.1 12.1 -5.5
      vertex -28.7 14.425 -5.5
      vertex -26.1 14.425 -5.5
    endloop
  endfacet
  facet normal 0 0 -1
    outer loop
      vertex -28.7 14.425 -5.5
      vertex -28.7347 14.7099 -5.5
      vertex -28.7 14.7217 -5.5
    endloop
  endfacet
  facet normal 0 0 -1
    outer loop
      vertex -28.7 14.425 -5.5
      vertex -28.8662 14.6838 -5.5
      vertex -28.7347 14.7099 -5.5
    endloop
  endfacet
  facet normal 0 0 -1
    outer loop
      vertex -28.7 14.425 -5.5
      vertex -29 14.675 -5.5
      vertex -28.8662 14.6838 -5.5
    endloop
  endfacet
  facet normal 0 0 -1
    outer loop
      vertex -31.9 12.1 -5.5
      vertex -28.7 14.425 -5.5
      vertex -26.1 12.1 -5.5
    endloop
  endfacet
  facet normal 0 -0 -1
    outer loop
      vertex -29.2653 14.7099 -5.5
      vertex -28.7 14.425 -5.5
      vertex -31.9 12.1 -5.5
    endloop
  endfacet
  facet normal 0 0 -1
    outer loop
      vertex -28.7 14.425 -5.5
      vertex -29.1338 14.6838 -5.5
      vertex -29 14.675 -5.5
    endloop
  endfacet
  facet normal 0 0 -1
    outer loop
      vertex -28.7 14.425 -5.5
      vertex -29.2653 14.7099 -5.5
      vertex -29.1338 14.6838 -5.5
    endloop
  endfacet
  facet normal -0 0 -1
    outer loop
      vertex -29.2653 14.7099 -5.5
      vertex -31.9 12.1 -5.5
      vertex -29.3923 14.753 -5.5
    endloop
  endfacet
  facet normal -0 0 -1
    outer loop
      vertex -29.3923 14.753 -5.5
      vertex -31.9 12.1 -5.5
      vertex -29.5125 14.8123 -5.5
    endloop
  endfacet
  facet normal -0 0 -1
    outer loop
      vertex -30.0162 15.5662 -5.5
      vertex -31.9 12.1 -5.5
      vertex -30.025 15.7 -5.5
    endloop
  endfacet
  facet normal -0 0 -1
    outer loop
      vertex -29.9901 15.4347 -5.5
      vertex -31.9 12.1 -5.5
      vertex -30.0162 15.5662 -5.5
    endloop
  endfacet
  facet normal -0 0 -1
    outer loop
      vertex -29.947 15.3077 -5.5
      vertex -31.9 12.1 -5.5
      vertex -29.9901 15.4347 -5.5
    endloop
  endfacet
  facet normal -0 0 -1
    outer loop
      vertex -29.8877 15.1875 -5.5
      vertex -31.9 12.1 -5.5
      vertex -29.947 15.3077 -5.5
    endloop
  endfacet
  facet normal -0 0 -1
    outer loop
      vertex -29.8132 15.076 -5.5
      vertex -31.9 12.1 -5.5
      vertex -29.8877 15.1875 -5.5
    endloop
  endfacet
  facet normal -0 0 -1
    outer loop
      vertex -29.7248 14.9752 -5.5
      vertex -31.9 12.1 -5.5
      vertex -29.8132 15.076 -5.5
    endloop
  endfacet
  facet normal -0 0 -1
    outer loop
      vertex -29.624 14.8868 -5.5
      vertex -31.9 12.1 -5.5
      vertex -29.7248 14.9752 -5.5
    endloop
  endfacet
  facet normal -0 0 -1
    outer loop
      vertex -29.5125 14.8123 -5.5
      vertex -31.9 12.1 -5.5
      vertex -29.624 14.8868 -5.5
    endloop
  endfacet
  facet normal 0 0 -1
    outer loop
      vertex -28.7 16.6783 -5.5
      vertex -28.7347 16.6901 -5.5
      vertex -28.7 16.975 -5.5
    endloop
  endfacet
  facet normal 0 0 -1
    outer loop
      vertex -28.7 16.975 -5.5
      vertex -26.1 19.6 -5.5
      vertex -26.1 16.975 -5.5
    endloop
  endfacet
  facet normal 0 0 -1
    outer loop
      vertex -28.8662 16.7162 -5.5
      vertex -28.7 16.975 -5.5
      vertex -28.7347 16.6901 -5.5
    endloop
  endfacet
  facet normal 0 0 -1
    outer loop
      vertex -29 16.725 -5.5
      vertex -28.7 16.975 -5.5
      vertex -28.8662 16.7162 -5.5
    endloop
  endfacet
  facet normal 0 0 -1
    outer loop
      vertex -29.1338 16.7162 -5.5
      vertex -28.7 16.975 -5.5
      vertex -29 16.725 -5.5
    endloop
  endfacet
  facet normal 0 0 -1
    outer loop
      vertex -29.2653 16.6901 -5.5
      vertex -28.7 16.975 -5.5
      vertex -29.1338 16.7162 -5.5
    endloop
  endfacet
  facet normal -0 0 -1
    outer loop
      vertex -28.7 16.975 -5.5
      vertex -29.2653 16.6901 -5.5
      vertex -31.9 19.6 -5.5
    endloop
  endfacet
  facet normal 0 0 -1
    outer loop
      vertex -31.9 19.6 -5.5
      vertex -29.2653 16.6901 -5.5
      vertex -29.3923 16.647 -5.5
    endloop
  endfacet
  facet normal 0 0 -1
    outer loop
      vertex -31.9 19.6 -5.5
      vertex -29.3923 16.647 -5.5
      vertex -29.5125 16.5877 -5.5
    endloop
  endfacet
  facet normal 0 0 -1
    outer loop
      vertex -31.9 19.6 -5.5
      vertex -29.5125 16.5877 -5.5
      vertex -29.624 16.5132 -5.5
    endloop
  endfacet
  facet normal 0 0 -1
    outer loop
      vertex -31.9 19.6 -5.5
      vertex -30.025 15.7 -5.5
      vertex -31.9 12.1 -5.5
    endloop
  endfacet
  facet normal 0 0 -1
    outer loop
      vertex -30.025 15.7 -5.5
      vertex -31.9 19.6 -5.5
      vertex -30.0162 15.8338 -5.5
    endloop
  endfacet
  facet normal 0 0 -1
    outer loop
      vertex -30.0162 15.8338 -5.5
      vertex -31.9 19.6 -5.5
      vertex -29.9901 15.9653 -5.5
    endloop
  endfacet
  facet normal 0 0 -1
    outer loop
      vertex -28.7 16.975 -5.5
      vertex -31.9 19.6 -5.5
      vertex -26.1 19.6 -5.5
    endloop
  endfacet
  facet normal 0 0 -1
    outer loop
      vertex -29.7248 16.4248 -5.5
      vertex -31.9 19.6 -5.5
      vertex -29.624 16.5132 -5.5
    endloop
  endfacet
  facet normal 0 0 -1
    outer loop
      vertex -29.8132 16.324 -5.5
      vertex -31.9 19.6 -5.5
      vertex -29.7248 16.4248 -5.5
    endloop
  endfacet
  facet normal 0 0 -1
    outer loop
      vertex -29.8877 16.2125 -5.5
      vertex -31.9 19.6 -5.5
      vertex -29.8132 16.324 -5.5
    endloop
  endfacet
  facet normal 0 0 -1
    outer loop
      vertex -29.947 16.0923 -5.5
      vertex -31.9 19.6 -5.5
      vertex -29.8877 16.2125 -5.5
    endloop
  endfacet
  facet normal 0 0 -1
    outer loop
      vertex -29.9901 15.9653 -5.5
      vertex -31.9 19.6 -5.5
      vertex -29.947 16.0923 -5.5
    endloop
  endfacet
  facet normal 0 0 1
    outer loop
      vertex -26.1 19.6 1.5
      vertex -28.7 16.975 1.5
      vertex -26.1 16.975 1.5
    endloop
  endfacet
  facet normal 0 0 1
    outer loop
      vertex -28.7 16.975 1.5
      vertex -28.7347 16.6901 1.5
      vertex -28.7 16.6783 1.5
    endloop
  endfacet
  facet normal 0 0 1
    outer loop
      vertex -28.7 16.975 1.5
      vertex -28.8662 16.7162 1.5
      vertex -28.7347 16.6901 1.5
    endloop
  endfacet
  facet normal 0 0 1
    outer loop
      vertex -28.7 16.975 1.5
      vertex -29 16.725 1.5
      vertex -28.8662 16.7162 1.5
    endloop
  endfacet
  facet normal -0 0 1
    outer loop
      vertex -31.9 19.6 1.5
      vertex -28.7 16.975 1.5
      vertex -26.1 19.6 1.5
    endloop
  endfacet
  facet normal 0 -0 1
    outer loop
      vertex -29.2653 16.6901 1.5
      vertex -28.7 16.975 1.5
      vertex -31.9 19.6 1.5
    endloop
  endfacet
  facet normal 0 0 1
    outer loop
      vertex -28.7 16.975 1.5
      vertex -29.1338 16.7162 1.5
      vertex -29 16.725 1.5
    endloop
  endfacet
  facet normal 0 0 1
    outer loop
      vertex -28.7 16.975 1.5
      vertex -29.2653 16.6901 1.5
      vertex -29.1338 16.7162 1.5
    endloop
  endfacet
  facet normal 0 0 1
    outer loop
      vertex -29.2653 16.6901 1.5
      vertex -31.9 19.6 1.5
      vertex -29.3923 16.647 1.5
    endloop
  endfacet
  facet normal 0 0 1
    outer loop
      vertex -29.3923 16.647 1.5
      vertex -31.9 19.6 1.5
      vertex -29.5125 16.5877 1.5
    endloop
  endfacet
  facet normal 0 0 1
    outer loop
      vertex -30.0162 15.8338 1.5
      vertex -31.9 19.6 1.5
      vertex -30.025 15.7 1.5
    endloop
  endfacet
  facet normal 0 0 1
    outer loop
      vertex -29.9901 15.9653 1.5
      vertex -31.9 19.6 1.5
      vertex -30.0162 15.8338 1.5
    endloop
  endfacet
  facet normal 0 0 1
    outer loop
      vertex -29.947 16.0923 1.5
      vertex -31.9 19.6 1.5
      vertex -29.9901 15.9653 1.5
    endloop
  endfacet
  facet normal 0 0 1
    outer loop
      vertex -29.8877 16.2125 1.5
      vertex -31.9 19.6 1.5
      vertex -29.947 16.0923 1.5
    endloop
  endfacet
  facet normal 0 0 1
    outer loop
      vertex -29.8132 16.324 1.5
      vertex -31.9 19.6 1.5
      vertex -29.8877 16.2125 1.5
    endloop
  endfacet
  facet normal 0 0 1
    outer loop
      vertex -29.7248 16.4248 1.5
      vertex -31.9 19.6 1.5
      vertex -29.8132 16.324 1.5
    endloop
  endfacet
  facet normal 0 0 1
    outer loop
      vertex -29.624 16.5132 1.5
      vertex -31.9 19.6 1.5
      vertex -29.7248 16.4248 1.5
    endloop
  endfacet
  facet normal 0 0 1
    outer loop
      vertex -29.5125 16.5877 1.5
      vertex -31.9 19.6 1.5
      vertex -29.624 16.5132 1.5
    endloop
  endfacet
  facet normal 0 0 1
    outer loop
      vertex -28.7 14.7217 1.5
      vertex -28.7347 14.7099 1.5
      vertex -28.7 14.425 1.5
    endloop
  endfacet
  facet normal -0 0 1
    outer loop
      vertex -28.7 14.425 1.5
      vertex -26.1 12.1 1.5
      vertex -26.1 14.425 1.5
    endloop
  endfacet
  facet normal -0 0 1
    outer loop
      vertex -28.8662 14.6838 1.5
      vertex -28.7 14.425 1.5
      vertex -28.7347 14.7099 1.5
    endloop
  endfacet
  facet normal -0 0 1
    outer loop
      vertex -29 14.675 1.5
      vertex -28.7 14.425 1.5
      vertex -28.8662 14.6838 1.5
    endloop
  endfacet
  facet normal 0 0 1
    outer loop
      vertex -29.1338 14.6838 1.5
      vertex -28.7 14.425 1.5
      vertex -29 14.675 1.5
    endloop
  endfacet
  facet normal 0 0 1
    outer loop
      vertex -29.2653 14.7099 1.5
      vertex -28.7 14.425 1.5
      vertex -29.1338 14.6838 1.5
    endloop
  endfacet
  facet normal 0 0 1
    outer loop
      vertex -28.7 14.425 1.5
      vertex -29.2653 14.7099 1.5
      vertex -31.9 12.1 1.5
    endloop
  endfacet
  facet normal 0 0 1
    outer loop
      vertex -31.9 12.1 1.5
      vertex -29.2653 14.7099 1.5
      vertex -29.3923 14.753 1.5
    endloop
  endfacet
  facet normal 0 0 1
    outer loop
      vertex -31.9 12.1 1.5
      vertex -29.3923 14.753 1.5
      vertex -29.5125 14.8123 1.5
    endloop
  endfacet
  facet normal 0 0 1
    outer loop
      vertex -31.9 12.1 1.5
      vertex -29.5125 14.8123 1.5
      vertex -29.624 14.8868 1.5
    endloop
  endfacet
  facet normal 0 0 1
    outer loop
      vertex -31.9 12.1 1.5
      vertex -30.025 15.7 1.5
      vertex -31.9 19.6 1.5
    endloop
  endfacet
  facet normal 0 0 1
    outer loop
      vertex -30.025 15.7 1.5
      vertex -31.9 12.1 1.5
      vertex -30.0162 15.5662 1.5
    endloop
  endfacet
  facet normal 0 0 1
    outer loop
      vertex -30.0162 15.5662 1.5
      vertex -31.9 12.1 1.5
      vertex -29.9901 15.4347 1.5
    endloop
  endfacet
  facet normal 0 0 1
    outer loop
      vertex -28.7 14.425 1.5
      vertex -31.9 12.1 1.5
      vertex -26.1 12.1 1.5
    endloop
  endfacet
  facet normal 0 0 1
    outer loop
      vertex -29.7248 14.9752 1.5
      vertex -31.9 12.1 1.5
      vertex -29.624 14.8868 1.5
    endloop
  endfacet
  facet normal 0 0 1
    outer loop
      vertex -29.8132 15.076 1.5
      vertex -31.9 12.1 1.5
      vertex -29.7248 14.9752 1.5
    endloop
  endfacet
  facet normal 0 0 1
    outer loop
      vertex -29.8877 15.1875 1.5
      vertex -31.9 12.1 1.5
      vertex -29.8132 15.076 1.5
    endloop
  endfacet
  facet normal 0 0 1
    outer loop
      vertex -29.947 15.3077 1.5
      vertex -31.9 12.1 1.5
      vertex -29.8877 15.1875 1.5
    endloop
  endfacet
  facet normal 0 0 1
    outer loop
      vertex -29.9901 15.4347 1.5
      vertex -31.9 12.1 1.5
      vertex -29.947 15.3077 1.5
    endloop
  endfacet
  facet normal 1 -0 0
    outer loop
      vertex -26.1 12.1 1.5
      vertex -26.1 14.425 -5.5
      vertex -26.1 14.425 1.5
    endloop
  endfacet
  facet normal 1 0 0
    outer loop
      vertex -26.1 14.425 -5.5
      vertex -26.1 12.1 1.5
      vertex -26.1 12.1 -5.5
    endloop
  endfacet
  facet normal 1 -0 0
    outer loop
      vertex -26.1 16.975 1.5
      vertex -26.1 19.6 -5.5
      vertex -26.1 19.6 1.5
    endloop
  endfacet
  facet normal 1 0 0
    outer loop
      vertex -26.1 19.6 -5.5
      vertex -26.1 16.975 1.5
      vertex -26.1 16.975 -5.5
    endloop
  endfacet
  facet normal -1 0 0
    outer loop
      vertex -31.9 12.1 -5.5
      vertex -31.9 19.6 1.5
      vertex -31.9 19.6 -5.5
    endloop
  endfacet
  facet normal -1 -0 0
    outer loop
      vertex -31.9 19.6 1.5
      vertex -31.9 12.1 -5.5
      vertex -31.9 12.1 1.5
    endloop
  endfacet
  facet normal 0.065628 -0.997844 0
    outer loop
      vertex -29.1338 16.7162 -5.5
      vertex -29 16.725 1.5
      vertex -29.1338 16.7162 1.5
    endloop
  endfacet
  facet normal 0.065628 -0.997844 0
    outer loop
      vertex -29 16.725 1.5
      vertex -29.1338 16.7162 -5.5
      vertex -29 16.725 -5.5
    endloop
  endfacet
  facet normal -0.194681 0.980867 0
    outer loop
      vertex -28.7347 14.7099 -5.5
      vertex -28.8662 14.6838 1.5
      vertex -28.7347 14.7099 1.5
    endloop
  endfacet
  facet normal -0.194681 0.980867 0
    outer loop
      vertex -28.8662 14.6838 1.5
      vertex -28.7347 14.7099 -5.5
      vertex -28.8662 14.6838 -5.5
    endloop
  endfacet
  facet normal -0.065628 0.997844 0
    outer loop
      vertex -28.8662 14.6838 -5.5
      vertex -29 14.675 1.5
      vertex -28.8662 14.6838 1.5
    endloop
  endfacet
  facet normal -0.065628 0.997844 0
    outer loop
      vertex -29 14.675 1.5
      vertex -28.8662 14.6838 -5.5
      vertex -29 14.675 -5.5
    endloop
  endfacet
  facet normal 0.997844 -0.065628 0
    outer loop
      vertex -30.025 15.7 1.5
      vertex -30.0162 15.8338 -5.5
      vertex -30.0162 15.8338 1.5
    endloop
  endfacet
  facet normal 0.997844 -0.065628 0
    outer loop
      vertex -30.0162 15.8338 -5.5
      vertex -30.025 15.7 1.5
      vertex -30.025 15.7 -5.5
    endloop
  endfacet
  facet normal 0.896802 -0.442432 0
    outer loop
      vertex -29.947 16.0923 1.5
      vertex -29.8877 16.2125 -5.5
      vertex -29.8877 16.2125 1.5
    endloop
  endfacet
  facet normal 0.896802 -0.442432 0
    outer loop
      vertex -29.8877 16.2125 -5.5
      vertex -29.947 16.0923 1.5
      vertex -29.947 16.0923 -5.5
    endloop
  endfacet
  facet normal 0.896802 0.442432 0
    outer loop
      vertex -29.8877 15.1875 1.5
      vertex -29.947 15.3077 -5.5
      vertex -29.947 15.3077 1.5
    endloop
  endfacet
  facet normal 0.896802 0.442432 0
    outer loop
      vertex -29.947 15.3077 -5.5
      vertex -29.8877 15.1875 1.5
      vertex -29.8877 15.1875 -5.5
    endloop
  endfacet
  facet normal 0.55556 0.831476 -0
    outer loop
      vertex -29.5125 14.8123 -5.5
      vertex -29.624 14.8868 1.5
      vertex -29.5125 14.8123 1.5
    endloop
  endfacet
  facet normal 0.55556 0.831476 0
    outer loop
      vertex -29.624 14.8868 1.5
      vertex -29.5125 14.8123 -5.5
      vertex -29.624 14.8868 -5.5
    endloop
  endfacet
  facet normal -0.321952 -0.946756 0
    outer loop
      vertex -28.7347 16.6901 -5.5
      vertex -28.7 16.6783 1.5
      vertex -28.7347 16.6901 1.5
    endloop
  endfacet
  facet normal -0.321952 -0.946756 -0
    outer loop
      vertex -28.7 16.6783 1.5
      vertex -28.7347 16.6901 -5.5
      vertex -28.7 16.6783 -5.5
    endloop
  endfacet
  facet normal 0.659349 0.751837 -0
    outer loop
      vertex -29.624 14.8868 -5.5
      vertex -29.7248 14.9752 1.5
      vertex -29.624 14.8868 1.5
    endloop
  endfacet
  facet normal 0.659349 0.751837 0
    outer loop
      vertex -29.7248 14.9752 1.5
      vertex -29.624 14.8868 -5.5
      vertex -29.7248 14.9752 -5.5
    endloop
  endfacet
  facet normal -0.065628 -0.997844 0
    outer loop
      vertex -29 16.725 -5.5
      vertex -28.8662 16.7162 1.5
      vertex -29 16.725 1.5
    endloop
  endfacet
  facet normal -0.065628 -0.997844 -0
    outer loop
      vertex -28.8662 16.7162 1.5
      vertex -29 16.725 -5.5
      vertex -28.8662 16.7162 -5.5
    endloop
  endfacet
  facet normal 0.946954 0.321368 0
    outer loop
      vertex -29.947 15.3077 1.5
      vertex -29.9901 15.4347 -5.5
      vertex -29.9901 15.4347 1.5
    endloop
  endfacet
  facet normal 0.946954 0.321368 0
    outer loop
      vertex -29.9901 15.4347 -5.5
      vertex -29.947 15.3077 1.5
      vertex -29.947 15.3077 -5.5
    endloop
  endfacet
  facet normal 0.751837 -0.659349 0
    outer loop
      vertex -29.8132 16.324 1.5
      vertex -29.7248 16.4248 -5.5
      vertex -29.7248 16.4248 1.5
    endloop
  endfacet
  facet normal 0.751837 -0.659349 0
    outer loop
      vertex -29.7248 16.4248 -5.5
      vertex -29.8132 16.324 1.5
      vertex -29.8132 16.324 -5.5
    endloop
  endfacet
  facet normal 0.831476 -0.55556 0
    outer loop
      vertex -29.8877 16.2125 1.5
      vertex -29.8132 16.324 -5.5
      vertex -29.8132 16.324 1.5
    endloop
  endfacet
  facet normal 0.831476 -0.55556 0
    outer loop
      vertex -29.8132 16.324 -5.5
      vertex -29.8877 16.2125 1.5
      vertex -29.8877 16.2125 -5.5
    endloop
  endfacet
  facet normal 0.997844 0.065628 0
    outer loop
      vertex -30.0162 15.5662 1.5
      vertex -30.025 15.7 -5.5
      vertex -30.025 15.7 1.5
    endloop
  endfacet
  facet normal 0.997844 0.065628 0
    outer loop
      vertex -30.025 15.7 -5.5
      vertex -30.0162 15.5662 1.5
      vertex -30.0162 15.5662 -5.5
    endloop
  endfacet
  facet normal 0.442432 -0.896802 0
    outer loop
      vertex -29.5125 16.5877 -5.5
      vertex -29.3923 16.647 1.5
      vertex -29.5125 16.5877 1.5
    endloop
  endfacet
  facet normal 0.442432 -0.896802 0
    outer loop
      vertex -29.3923 16.647 1.5
      vertex -29.5125 16.5877 -5.5
      vertex -29.3923 16.647 -5.5
    endloop
  endfacet
  facet normal 0.065628 0.997844 -0
    outer loop
      vertex -29 14.675 -5.5
      vertex -29.1338 14.6838 1.5
      vertex -29 14.675 1.5
    endloop
  endfacet
  facet normal 0.065628 0.997844 0
    outer loop
      vertex -29.1338 14.6838 1.5
      vertex -29 14.675 -5.5
      vertex -29.1338 14.6838 -5.5
    endloop
  endfacet
  facet normal 0.194681 -0.980867 0
    outer loop
      vertex -29.2653 16.6901 -5.5
      vertex -29.1338 16.7162 1.5
      vertex -29.2653 16.6901 1.5
    endloop
  endfacet
  facet normal 0.194681 -0.980867 0
    outer loop
      vertex -29.1338 16.7162 1.5
      vertex -29.2653 16.6901 -5.5
      vertex -29.1338 16.7162 -5.5
    endloop
  endfacet
  facet normal 0.659349 -0.751837 0
    outer loop
      vertex -29.7248 16.4248 -5.5
      vertex -29.624 16.5132 1.5
      vertex -29.7248 16.4248 1.5
    endloop
  endfacet
  facet normal 0.659349 -0.751837 0
    outer loop
      vertex -29.624 16.5132 1.5
      vertex -29.7248 16.4248 -5.5
      vertex -29.624 16.5132 -5.5
    endloop
  endfacet
  facet normal 0.751837 0.659349 0
    outer loop
      vertex -29.7248 14.9752 1.5
      vertex -29.8132 15.076 -5.5
      vertex -29.8132 15.076 1.5
    endloop
  endfacet
  facet normal 0.751837 0.659349 0
    outer loop
      vertex -29.8132 15.076 -5.5
      vertex -29.7248 14.9752 1.5
      vertex -29.7248 14.9752 -5.5
    endloop
  endfacet
  facet normal 0.980867 0.194681 0
    outer loop
      vertex -29.9901 15.4347 1.5
      vertex -30.0162 15.5662 -5.5
      vertex -30.0162 15.5662 1.5
    endloop
  endfacet
  facet normal 0.980867 0.194681 0
    outer loop
      vertex -30.0162 15.5662 -5.5
      vertex -29.9901 15.4347 1.5
      vertex -29.9901 15.4347 -5.5
    endloop
  endfacet
  facet normal -0.194681 -0.980867 0
    outer loop
      vertex -28.8662 16.7162 -5.5
      vertex -28.7347 16.6901 1.5
      vertex -28.8662 16.7162 1.5
    endloop
  endfacet
  facet normal -0.194681 -0.980867 -0
    outer loop
      vertex -28.7347 16.6901 1.5
      vertex -28.8662 16.7162 -5.5
      vertex -28.7347 16.6901 -5.5
    endloop
  endfacet
  facet normal 0.980867 -0.194681 0
    outer loop
      vertex -30.0162 15.8338 1.5
      vertex -29.9901 15.9653 -5.5
      vertex -29.9901 15.9653 1.5
    endloop
  endfacet
  facet normal 0.980867 -0.194681 0
    outer loop
      vertex -29.9901 15.9653 -5.5
      vertex -30.0162 15.8338 1.5
      vertex -30.0162 15.8338 -5.5
    endloop
  endfacet
  facet normal 0.55556 -0.831476 0
    outer loop
      vertex -29.624 16.5132 -5.5
      vertex -29.5125 16.5877 1.5
      vertex -29.624 16.5132 1.5
    endloop
  endfacet
  facet normal 0.55556 -0.831476 0
    outer loop
      vertex -29.5125 16.5877 1.5
      vertex -29.624 16.5132 -5.5
      vertex -29.5125 16.5877 -5.5
    endloop
  endfacet
  facet normal 0.321368 -0.946954 0
    outer loop
      vertex -29.3923 16.647 -5.5
      vertex -29.2653 16.6901 1.5
      vertex -29.3923 16.647 1.5
    endloop
  endfacet
  facet normal 0.321368 -0.946954 0
    outer loop
      vertex -29.2653 16.6901 1.5
      vertex -29.3923 16.647 -5.5
      vertex -29.2653 16.6901 -5.5
    endloop
  endfacet
  facet normal -0.321952 0.946756 0
    outer loop
      vertex -28.7 14.7217 -5.5
      vertex -28.7347 14.7099 1.5
      vertex -28.7 14.7217 1.5
    endloop
  endfacet
  facet normal -0.321952 0.946756 0
    outer loop
      vertex -28.7347 14.7099 1.5
      vertex -28.7 14.7217 -5.5
      vertex -28.7347 14.7099 -5.5
    endloop
  endfacet
  facet normal 0.194681 0.980867 -0
    outer loop
      vertex -29.1338 14.6838 -5.5
      vertex -29.2653 14.7099 1.5
      vertex -29.1338 14.6838 1.5
    endloop
  endfacet
  facet normal 0.194681 0.980867 0
    outer loop
      vertex -29.2653 14.7099 1.5
      vertex -29.1338 14.6838 -5.5
      vertex -29.2653 14.7099 -5.5
    endloop
  endfacet
  facet normal 0.442432 0.896802 -0
    outer loop
      vertex -29.3923 14.753 -5.5
      vertex -29.5125 14.8123 1.5
      vertex -29.3923 14.753 1.5
    endloop
  endfacet
  facet normal 0.442432 0.896802 0
    outer loop
      vertex -29.5125 14.8123 1.5
      vertex -29.3923 14.753 -5.5
      vertex -29.5125 14.8123 -5.5
    endloop
  endfacet
  facet normal 0.321368 0.946954 -0
    outer loop
      vertex -29.2653 14.7099 -5.5
      vertex -29.3923 14.753 1.5
      vertex -29.2653 14.7099 1.5
    endloop
  endfacet
  facet normal 0.321368 0.946954 0
    outer loop
      vertex -29.3923 14.753 1.5
      vertex -29.2653 14.7099 -5.5
      vertex -29.3923 14.753 -5.5
    endloop
  endfacet
  facet normal 0.831476 0.55556 0
    outer loop
      vertex -29.8132 15.076 1.5
      vertex -29.8877 15.1875 -5.5
      vertex -29.8877 15.1875 1.5
    endloop
  endfacet
  facet normal 0.831476 0.55556 0
    outer loop
      vertex -29.8877 15.1875 -5.5
      vertex -29.8132 15.076 1.5
      vertex -29.8132 15.076 -5.5
    endloop
  endfacet
  facet normal 0.946954 -0.321368 0
    outer loop
      vertex -29.9901 15.9653 1.5
      vertex -29.947 16.0923 -5.5
      vertex -29.947 16.0923 1.5
    endloop
  endfacet
  facet normal 0.946954 -0.321368 0
    outer loop
      vertex -29.947 16.0923 -5.5
      vertex -29.9901 15.9653 1.5
      vertex -29.9901 15.9653 -5.5
    endloop
  endfacet
  facet normal 1 -0 0
    outer loop
      vertex -28.7 14.425 1.5
      vertex -28.7 14.7217 -5.5
      vertex -28.7 14.7217 1.5
    endloop
  endfacet
  facet normal 1 0 0
    outer loop
      vertex -28.7 14.7217 -5.5
      vertex -28.7 14.425 1.5
      vertex -28.7 14.425 -5.5
    endloop
  endfacet
  facet normal 1 -0 0
    outer loop
      vertex -28.7 16.6783 1.5
      vertex -28.7 16.975 -5.5
      vertex -28.7 16.975 1.5
    endloop
  endfacet
  facet normal 1 0 0
    outer loop
      vertex -28.7 16.975 -5.5
      vertex -28.7 16.6783 1.5
      vertex -28.7 16.6783 -5.5
    endloop
  endfacet
  facet normal 0 -1 0
    outer loop
      vertex -28.7 16.975 -5.5
      vertex -26.1 16.975 1.5
      vertex -28.7 16.975 1.5
    endloop
  endfacet
  facet normal 0 -1 -0
    outer loop
      vertex -26.1 16.975 1.5
      vertex -28.7 16.975 -5.5
      vertex -26.1 16.975 -5.5
    endloop
  endfacet
  facet normal 0 1 -0
    outer loop
      vertex -26.1 14.425 -5.5
      vertex -28.7 14.425 1.5
      vertex -26.1 14.425 1.5
    endloop
  endfacet
  facet normal 0 1 0
    outer loop
      vertex -28.7 14.425 1.5
      vertex -26.1 14.425 -5.5
      vertex -28.7 14.425 -5.5
    endloop
  endfacet
  facet normal 0 -1 0
    outer loop
      vertex -31.9 12.1 12.5
      vertex -26.1 12.1 19.5
      vertex -31.9 12.1 19.5
    endloop
  endfacet
  facet normal 0 -1 -0
    outer loop
      vertex -26.1 12.1 19.5
      vertex -31.9 12.1 12.5
      vertex -26.1 12.1 12.5
    endloop
  endfacet
  facet normal 0 0 -1
    outer loop
      vertex -26.1 12.1 12.5
      vertex -28.7 14.425 12.5
      vertex -26.1 14.425 12.5
    endloop
  endfacet
  facet normal 0 0 -1
    outer loop
      vertex -28.7 14.425 12.5
      vertex -28.7347 14.7099 12.5
      vertex -28.7 14.7217 12.5
    endloop
  endfacet
  facet normal 0 0 -1
    outer loop
      vertex -28.7 14.425 12.5
      vertex -28.8662 14.6838 12.5
      vertex -28.7347 14.7099 12.5
    endloop
  endfacet
  facet normal 0 0 -1
    outer loop
      vertex -28.7 14.425 12.5
      vertex -29 14.675 12.5
      vertex -28.8662 14.6838 12.5
    endloop
  endfacet
  facet normal 0 0 -1
    outer loop
      vertex -31.9 12.1 12.5
      vertex -28.7 14.425 12.5
      vertex -26.1 12.1 12.5
    endloop
  endfacet
  facet normal 0 -0 -1
    outer loop
      vertex -29.2653 14.7099 12.5
      vertex -28.7 14.425 12.5
      vertex -31.9 12.1 12.5
    endloop
  endfacet
  facet normal 0 0 -1
    outer loop
      vertex -28.7 14.425 12.5
      vertex -29.1338 14.6838 12.5
      vertex -29 14.675 12.5
    endloop
  endfacet
  facet normal 0 0 -1
    outer loop
      vertex -28.7 14.425 12.5
      vertex -29.2653 14.7099 12.5
      vertex -29.1338 14.6838 12.5
    endloop
  endfacet
  facet normal -0 0 -1
    outer loop
      vertex -29.2653 14.7099 12.5
      vertex -31.9 12.1 12.5
      vertex -29.3923 14.753 12.5
    endloop
  endfacet
  facet normal -0 0 -1
    outer loop
      vertex -29.3923 14.753 12.5
      vertex -31.9 12.1 12.5
      vertex -29.5125 14.8123 12.5
    endloop
  endfacet
  facet normal -0 0 -1
    outer loop
      vertex -30.0162 15.5662 12.5
      vertex -31.9 12.1 12.5
      vertex -30.025 15.7 12.5
    endloop
  endfacet
  facet normal -0 0 -1
    outer loop
      vertex -29.9901 15.4347 12.5
      vertex -31.9 12.1 12.5
      vertex -30.0162 15.5662 12.5
    endloop
  endfacet
  facet normal -0 0 -1
    outer loop
      vertex -29.947 15.3077 12.5
      vertex -31.9 12.1 12.5
      vertex -29.9901 15.4347 12.5
    endloop
  endfacet
  facet normal -0 0 -1
    outer loop
      vertex -29.8877 15.1875 12.5
      vertex -31.9 12.1 12.5
      vertex -29.947 15.3077 12.5
    endloop
  endfacet
  facet normal -0 0 -1
    outer loop
      vertex -29.8132 15.076 12.5
      vertex -31.9 12.1 12.5
      vertex -29.8877 15.1875 12.5
    endloop
  endfacet
  facet normal -0 0 -1
    outer loop
      vertex -29.7248 14.9752 12.5
      vertex -31.9 12.1 12.5
      vertex -29.8132 15.076 12.5
    endloop
  endfacet
  facet normal -0 0 -1
    outer loop
      vertex -29.624 14.8868 12.5
      vertex -31.9 12.1 12.5
      vertex -29.7248 14.9752 12.5
    endloop
  endfacet
  facet normal -0 0 -1
    outer loop
      vertex -29.5125 14.8123 12.5
      vertex -31.9 12.1 12.5
      vertex -29.624 14.8868 12.5
    endloop
  endfacet
  facet normal 0 0 -1
    outer loop
      vertex -28.7 16.6783 12.5
      vertex -28.7347 16.6901 12.5
      vertex -28.7 16.975 12.5
    endloop
  endfacet
  facet normal 0 0 -1
    outer loop
      vertex -28.7 16.975 12.5
      vertex -26.1 19.6 12.5
      vertex -26.1 16.975 12.5
    endloop
  endfacet
  facet normal 0 0 -1
    outer loop
      vertex -28.8662 16.7162 12.5
      vertex -28.7 16.975 12.5
      vertex -28.7347 16.6901 12.5
    endloop
  endfacet
  facet normal 0 0 -1
    outer loop
      vertex -29 16.725 12.5
      vertex -28.7 16.975 12.5
      vertex -28.8662 16.7162 12.5
    endloop
  endfacet
  facet normal 0 0 -1
    outer loop
      vertex -29.1338 16.7162 12.5
      vertex -28.7 16.975 12.5
      vertex -29 16.725 12.5
    endloop
  endfacet
  facet normal 0 0 -1
    outer loop
      vertex -29.2653 16.6901 12.5
      vertex -28.7 16.975 12.5
      vertex -29.1338 16.7162 12.5
    endloop
  endfacet
  facet normal -0 0 -1
    outer loop
      vertex -28.7 16.975 12.5
      vertex -29.2653 16.6901 12.5
      vertex -31.9 19.6 12.5
    endloop
  endfacet
  facet normal 0 0 -1
    outer loop
      vertex -31.9 19.6 12.5
      vertex -29.2653 16.6901 12.5
      vertex -29.3923 16.647 12.5
    endloop
  endfacet
  facet normal 0 0 -1
    outer loop
      vertex -31.9 19.6 12.5
      vertex -29.3923 16.647 12.5
      vertex -29.5125 16.5877 12.5
    endloop
  endfacet
  facet normal 0 0 -1
    outer loop
      vertex -31.9 19.6 12.5
      vertex -29.5125 16.5877 12.5
      vertex -29.624 16.5132 12.5
    endloop
  endfacet
  facet normal 0 0 -1
    outer loop
      vertex -31.9 19.6 12.5
      vertex -30.025 15.7 12.5
      vertex -31.9 12.1 12.5
    endloop
  endfacet
  facet normal 0 0 -1
    outer loop
      vertex -30.025 15.7 12.5
      vertex -31.9 19.6 12.5
      vertex -30.0162 15.8338 12.5
    endloop
  endfacet
  facet normal 0 0 -1
    outer loop
      vertex -30.0162 15.8338 12.5
      vertex -31.9 19.6 12.5
      vertex -29.9901 15.9653 12.5
    endloop
  endfacet
  facet normal 0 0 -1
    outer loop
      vertex -28.7 16.975 12.5
      vertex -31.9 19.6 12.5
      vertex -26.1 19.6 12.5
    endloop
  endfacet
  facet normal 0 0 -1
    outer loop
      vertex -29.7248 16.4248 12.5
      vertex -31.9 19.6 12.5
      vertex -29.624 16.5132 12.5
    endloop
  endfacet
  facet normal 0 0 -1
    outer loop
      vertex -29.8132 16.324 12.5
      vertex -31.9 19.6 12.5
      vertex -29.7248 16.4248 12.5
    endloop
  endfacet
  facet normal 0 0 -1
    outer loop
      vertex -29.8877 16.2125 12.5
      vertex -31.9 19.6 12.5
      vertex -29.8132 16.324 12.5
    endloop
  endfacet
  facet normal 0 0 -1
    outer loop
      vertex -29.947 16.0923 12.5
      vertex -31.9 19.6 12.5
      vertex -29.8877 16.2125 12.5
    endloop
  endfacet
  facet normal 0 0 -1
    outer loop
      vertex -29.9901 15.9653 12.5
      vertex -31.9 19.6 12.5
      vertex -29.947 16.0923 12.5
    endloop
  endfacet
  facet normal 0 0 1
    outer loop
      vertex -26.1 19.6 19.5
      vertex -28.7 16.975 19.5
      vertex -26.1 16.975 19.5
    endloop
  endfacet
  facet normal 0 0 1
    outer loop
      vertex -28.7 16.975 19.5
      vertex -28.7347 16.6901 19.5
      vertex -28.7 16.6783 19.5
    endloop
  endfacet
  facet normal 0 0 1
    outer loop
      vertex -28.7 16.975 19.5
      vertex -28.8662 16.7162 19.5
      vertex -28.7347 16.6901 19.5
    endloop
  endfacet
  facet normal 0 0 1
    outer loop
      vertex -28.7 16.975 19.5
      vertex -29 16.725 19.5
      vertex -28.8662 16.7162 19.5
    endloop
  endfacet
  facet normal -0 0 1
    outer loop
      vertex -31.9 19.6 19.5
      vertex -28.7 16.975 19.5
      vertex -26.1 19.6 19.5
    endloop
  endfacet
  facet normal 0 -0 1
    outer loop
      vertex -29.2653 16.6901 19.5
      vertex -28.7 16.975 19.5
      vertex -31.9 19.6 19.5
    endloop
  endfacet
  facet normal 0 0 1
    outer loop
      vertex -28.7 16.975 19.5
      vertex -29.1338 16.7162 19.5
      vertex -29 16.725 19.5
    endloop
  endfacet
  facet normal 0 0 1
    outer loop
      vertex -28.7 16.975 19.5
      vertex -29.2653 16.6901 19.5
      vertex -29.1338 16.7162 19.5
    endloop
  endfacet
  facet normal 0 0 1
    outer loop
      vertex -29.2653 16.6901 19.5
      vertex -31.9 19.6 19.5
      vertex -29.3923 16.647 19.5
    endloop
  endfacet
  facet normal 0 0 1
    outer loop
      vertex -29.3923 16.647 19.5
      vertex -31.9 19.6 19.5
      vertex -29.5125 16.5877 19.5
    endloop
  endfacet
  facet normal 0 0 1
    outer loop
      vertex -30.0162 15.8338 19.5
      vertex -31.9 19.6 19.5
      vertex -30.025 15.7 19.5
    endloop
  endfacet
  facet normal 0 0 1
    outer loop
      vertex -29.9901 15.9653 19.5
      vertex -31.9 19.6 19.5
      vertex -30.0162 15.8338 19.5
    endloop
  endfacet
  facet normal 0 0 1
    outer loop
      vertex -29.947 16.0923 19.5
      vertex -31.9 19.6 19.5
      vertex -29.9901 15.9653 19.5
    endloop
  endfacet
  facet normal 0 0 1
    outer loop
      vertex -29.8877 16.2125 19.5
      vertex -31.9 19.6 19.5
      vertex -29.947 16.0923 19.5
    endloop
  endfacet
  facet normal 0 0 1
    outer loop
      vertex -29.8132 16.324 19.5
      vertex -31.9 19.6 19.5
      vertex -29.8877 16.2125 19.5
    endloop
  endfacet
  facet normal 0 0 1
    outer loop
      vertex -29.7248 16.4248 19.5
      vertex -31.9 19.6 19.5
      vertex -29.8132 16.324 19.5
    endloop
  endfacet
  facet normal 0 0 1
    outer loop
      vertex -29.624 16.5132 19.5
      vertex -31.9 19.6 19.5
      vertex -29.7248 16.4248 19.5
    endloop
  endfacet
  facet normal 0 0 1
    outer loop
      vertex -29.5125 16.5877 19.5
      vertex -31.9 19.6 19.5
      vertex -29.624 16.5132 19.5
    endloop
  endfacet
  facet normal 0 0 1
    outer loop
      vertex -28.7 14.7217 19.5
      vertex -28.7347 14.7099 19.5
      vertex -28.7 14.425 19.5
    endloop
  endfacet
  facet normal -0 0 1
    outer loop
      vertex -28.7 14.425 19.5
      vertex -26.1 12.1 19.5
      vertex -26.1 14.425 19.5
    endloop
  endfacet
  facet normal -0 0 1
    outer loop
      vertex -28.8662 14.6838 19.5
      vertex -28.7 14.425 19.5
      vertex -28.7347 14.7099 19.5
    endloop
  endfacet
  facet normal -0 0 1
    outer loop
      vertex -29 14.675 19.5
      vertex -28.7 14.425 19.5
      vertex -28.8662 14.6838 19.5
    endloop
  endfacet
  facet normal 0 0 1
    outer loop
      vertex -29.1338 14.6838 19.5
      vertex -28.7 14.425 19.5
      vertex -29 14.675 19.5
    endloop
  endfacet
  facet normal 0 0 1
    outer loop
      vertex -29.2653 14.7099 19.5
      vertex -28.7 14.425 19.5
      vertex -29.1338 14.6838 19.5
    endloop
  endfacet
  facet normal 0 0 1
    outer loop
      vertex -28.7 14.425 19.5
      vertex -29.2653 14.7099 19.5
      vertex -31.9 12.1 19.5
    endloop
  endfacet
  facet normal 0 0 1
    outer loop
      vertex -31.9 12.1 19.5
      vertex -29.2653 14.7099 19.5
      vertex -29.3923 14.753 19.5
    endloop
  endfacet
  facet normal 0 0 1
    outer loop
      vertex -31.9 12.1 19.5
      vertex -29.3923 14.753 19.5
      vertex -29.5125 14.8123 19.5
    endloop
  endfacet
  facet normal 0 0 1
    outer loop
      vertex -31.9 12.1 19.5
      vertex -29.5125 14.8123 19.5
      vertex -29.624 14.8868 19.5
    endloop
  endfacet
  facet normal 0 0 1
    outer loop
      vertex -31.9 12.1 19.5
      vertex -30.025 15.7 19.5
      vertex -31.9 19.6 19.5
    endloop
  endfacet
  facet normal 0 0 1
    outer loop
      vertex -30.025 15.7 19.5
      vertex -31.9 12.1 19.5
      vertex -30.0162 15.5662 19.5
    endloop
  endfacet
  facet normal 0 0 1
    outer loop
      vertex -30.0162 15.5662 19.5
      vertex -31.9 12.1 19.5
      vertex -29.9901 15.4347 19.5
    endloop
  endfacet
  facet normal 0 0 1
    outer loop
      vertex -28.7 14.425 19.5
      vertex -31.9 12.1 19.5
      vertex -26.1 12.1 19.5
    endloop
  endfacet
  facet normal 0 0 1
    outer loop
      vertex -29.7248 14.9752 19.5
      vertex -31.9 12.1 19.5
      vertex -29.624 14.8868 19.5
    endloop
  endfacet
  facet normal 0 0 1
    outer loop
      vertex -29.8132 15.076 19.5
      vertex -31.9 12.1 19.5
      vertex -29.7248 14.9752 19.5
    endloop
  endfacet
  facet normal 0 0 1
    outer loop
      vertex -29.8877 15.1875 19.5
      vertex -31.9 12.1 19.5
      vertex -29.8132 15.076 19.5
    endloop
  endfacet
  facet normal 0 0 1
    outer loop
      vertex -29.947 15.3077 19.5
      vertex -31.9 12.1 19.5
      vertex -29.8877 15.1875 19.5
    endloop
  endfacet
  facet normal 0 0 1
    outer loop
      vertex -29.9901 15.4347 19.5
      vertex -31.9 12.1 19.5
      vertex -29.947 15.3077 19.5
    endloop
  endfacet
  facet normal 1 -0 0
    outer loop
      vertex -26.1 12.1 19.5
      vertex -26.1 14.425 12.5
      vertex -26.1 14.425 19.5
    endloop
  endfacet
  facet normal 1 0 0
    outer loop
      vertex -26.1 14.425 12.5
      vertex -26.1 12.1 19.5
      vertex -26.1 12.1 12.5
    endloop
  endfacet
  facet normal 1 -0 0
    outer loop
      vertex -26.1 16.975 19.5
      vertex -26.1 19.6 12.5
      vertex -26.1 19.6 19.5
    endloop
  endfacet
  facet normal 1 0 0
    outer loop
      vertex -26.1 19.6 12.5
      vertex -26.1 16.975 19.5
      vertex -26.1 16.975 12.5
    endloop
  endfacet
  facet normal -1 0 0
    outer loop
      vertex -31.9 12.1 12.5
      vertex -31.9 19.6 19.5
      vertex -31.9 19.6 12.5
    endloop
  endfacet
  facet normal -1 -0 0
    outer loop
      vertex -31.9 19.6 19.5
      vertex -31.9 12.1 12.5
      vertex -31.9 12.1 19.5
    endloop
  endfacet
  facet normal 0.065628 -0.997844 0
    outer loop
      vertex -29.1338 16.7162 12.5
      vertex -29 16.725 19.5
      vertex -29.1338 16.7162 19.5
    endloop
  endfacet
  facet normal 0.065628 -0.997844 0
    outer loop
      vertex -29 16.725 19.5
      vertex -29.1338 16.7162 12.5
      vertex -29 16.725 12.5
    endloop
  endfacet
  facet normal -0.194681 0.980867 0
    outer loop
      vertex -28.7347 14.7099 12.5
      vertex -28.8662 14.6838 19.5
      vertex -28.7347 14.7099 19.5
    endloop
  endfacet
  facet normal -0.194681 0.980867 0
    outer loop
      vertex -28.8662 14.6838 19.5
      vertex -28.7347 14.7099 12.5
      vertex -28.8662 14.6838 12.5
    endloop
  endfacet
  facet normal -0.065628 0.997844 0
    outer loop
      vertex -28.8662 14.6838 12.5
      vertex -29 14.675 19.5
      vertex -28.8662 14.6838 19.5
    endloop
  endfacet
  facet normal -0.065628 0.997844 0
    outer loop
      vertex -29 14.675 19.5
      vertex -28.8662 14.6838 12.5
      vertex -29 14.675 12.5
    endloop
  endfacet
  facet normal 0.997844 -0.065628 0
    outer loop
      vertex -30.025 15.7 19.5
      vertex -30.0162 15.8338 12.5
      vertex -30.0162 15.8338 19.5
    endloop
  endfacet
  facet normal 0.997844 -0.065628 0
    outer loop
      vertex -30.0162 15.8338 12.5
      vertex -30.025 15.7 19.5
      vertex -30.025 15.7 12.5
    endloop
  endfacet
  facet normal 0.896802 -0.442432 0
    outer loop
      vertex -29.947 16.0923 19.5
      vertex -29.8877 16.2125 12.5
      vertex -29.8877 16.2125 19.5
    endloop
  endfacet
  facet normal 0.896802 -0.442432 0
    outer loop
      vertex -29.8877 16.2125 12.5
      vertex -29.947 16.0923 19.5
      vertex -29.947 16.0923 12.5
    endloop
  endfacet
  facet normal 0.896802 0.442432 0
    outer loop
      vertex -29.8877 15.1875 19.5
      vertex -29.947 15.3077 12.5
      vertex -29.947 15.3077 19.5
    endloop
  endfacet
  facet normal 0.896802 0.442432 0
    outer loop
      vertex -29.947 15.3077 12.5
      vertex -29.8877 15.1875 19.5
      vertex -29.8877 15.1875 12.5
    endloop
  endfacet
  facet normal 0.55556 0.831476 -0
    outer loop
      vertex -29.5125 14.8123 12.5
      vertex -29.624 14.8868 19.5
      vertex -29.5125 14.8123 19.5
    endloop
  endfacet
  facet normal 0.55556 0.831476 0
    outer loop
      vertex -29.624 14.8868 19.5
      vertex -29.5125 14.8123 12.5
      vertex -29.624 14.8868 12.5
    endloop
  endfacet
  facet normal -0.321952 -0.946756 0
    outer loop
      vertex -28.7347 16.6901 12.5
      vertex -28.7 16.6783 19.5
      vertex -28.7347 16.6901 19.5
    endloop
  endfacet
  facet normal -0.321952 -0.946756 -0
    outer loop
      vertex -28.7 16.6783 19.5
      vertex -28.7347 16.6901 12.5
      vertex -28.7 16.6783 12.5
    endloop
  endfacet
  facet normal 0.659349 0.751837 -0
    outer loop
      vertex -29.624 14.8868 12.5
      vertex -29.7248 14.9752 19.5
      vertex -29.624 14.8868 19.5
    endloop
  endfacet
  facet normal 0.659349 0.751837 0
    outer loop
      vertex -29.7248 14.9752 19.5
      vertex -29.624 14.8868 12.5
      vertex -29.7248 14.9752 12.5
    endloop
  endfacet
  facet normal -0.065628 -0.997844 0
    outer loop
      vertex -29 16.725 12.5
      vertex -28.8662 16.7162 19.5
      vertex -29 16.725 19.5
    endloop
  endfacet
  facet normal -0.065628 -0.997844 -0
    outer loop
      vertex -28.8662 16.7162 19.5
      vertex -29 16.725 12.5
      vertex -28.8662 16.7162 12.5
    endloop
  endfacet
  facet normal 0.946954 0.321368 0
    outer loop
      vertex -29.947 15.3077 19.5
      vertex -29.9901 15.4347 12.5
      vertex -29.9901 15.4347 19.5
    endloop
  endfacet
  facet normal 0.946954 0.321368 0
    outer loop
      vertex -29.9901 15.4347 12.5
      vertex -29.947 15.3077 19.5
      vertex -29.947 15.3077 12.5
    endloop
  endfacet
  facet normal 0.751837 -0.659349 0
    outer loop
      vertex -29.8132 16.324 19.5
      vertex -29.7248 16.4248 12.5
      vertex -29.7248 16.4248 19.5
    endloop
  endfacet
  facet normal 0.751837 -0.659349 0
    outer loop
      vertex -29.7248 16.4248 12.5
      vertex -29.8132 16.324 19.5
      vertex -29.8132 16.324 12.5
    endloop
  endfacet
  facet normal 0.831476 -0.55556 0
    outer loop
      vertex -29.8877 16.2125 19.5
      vertex -29.8132 16.324 12.5
      vertex -29.8132 16.324 19.5
    endloop
  endfacet
  facet normal 0.831476 -0.55556 0
    outer loop
      vertex -29.8132 16.324 12.5
      vertex -29.8877 16.2125 19.5
      vertex -29.8877 16.2125 12.5
    endloop
  endfacet
  facet normal 0.997844 0.065628 0
    outer loop
      vertex -30.0162 15.5662 19.5
      vertex -30.025 15.7 12.5
      vertex -30.025 15.7 19.5
    endloop
  endfacet
  facet normal 0.997844 0.065628 0
    outer loop
      vertex -30.025 15.7 12.5
      vertex -30.0162 15.5662 19.5
      vertex -30.0162 15.5662 12.5
    endloop
  endfacet
  facet normal 0.442432 -0.896802 0
    outer loop
      vertex -29.5125 16.5877 12.5
      vertex -29.3923 16.647 19.5
      vertex -29.5125 16.5877 19.5
    endloop
  endfacet
  facet normal 0.442432 -0.896802 0
    outer loop
      vertex -29.3923 16.647 19.5
      vertex -29.5125 16.5877 12.5
      vertex -29.3923 16.647 12.5
    endloop
  endfacet
  facet normal 0.065628 0.997844 -0
    outer loop
      vertex -29 14.675 12.5
      vertex -29.1338 14.6838 19.5
      vertex -29 14.675 19.5
    endloop
  endfacet
  facet normal 0.065628 0.997844 0
    outer loop
      vertex -29.1338 14.6838 19.5
      vertex -29 14.675 12.5
      vertex -29.1338 14.6838 12.5
    endloop
  endfacet
  facet normal 0.321368 -0.946954 0
    outer loop
      vertex -29.3923 16.647 12.5
      vertex -29.2653 16.6901 19.5
      vertex -29.3923 16.647 19.5
    endloop
  endfacet
  facet normal 0.321368 -0.946954 0
    outer loop
      vertex -29.2653 16.6901 19.5
      vertex -29.3923 16.647 12.5
      vertex -29.2653 16.6901 12.5
    endloop
  endfacet
  facet normal 0.194681 -0.980867 0
    outer loop
      vertex -29.2653 16.6901 12.5
      vertex -29.1338 16.7162 19.5
      vertex -29.2653 16.6901 19.5
    endloop
  endfacet
  facet normal 0.194681 -0.980867 0
    outer loop
      vertex -29.1338 16.7162 19.5
      vertex -29.2653 16.6901 12.5
      vertex -29.1338 16.7162 12.5
    endloop
  endfacet
  facet normal 0.659349 -0.751837 0
    outer loop
      vertex -29.7248 16.4248 12.5
      vertex -29.624 16.5132 19.5
      vertex -29.7248 16.4248 19.5
    endloop
  endfacet
  facet normal 0.659349 -0.751837 0
    outer loop
      vertex -29.624 16.5132 19.5
      vertex -29.7248 16.4248 12.5
      vertex -29.624 16.5132 12.5
    endloop
  endfacet
  facet normal 0.751837 0.659349 0
    outer loop
      vertex -29.7248 14.9752 19.5
      vertex -29.8132 15.076 12.5
      vertex -29.8132 15.076 19.5
    endloop
  endfacet
  facet normal 0.751837 0.659349 0
    outer loop
      vertex -29.8132 15.076 12.5
      vertex -29.7248 14.9752 19.5
      vertex -29.7248 14.9752 12.5
    endloop
  endfacet
  facet normal 0.980867 0.194681 0
    outer loop
      vertex -29.9901 15.4347 19.5
      vertex -30.0162 15.5662 12.5
      vertex -30.0162 15.5662 19.5
    endloop
  endfacet
  facet normal 0.980867 0.194681 0
    outer loop
      vertex -30.0162 15.5662 12.5
      vertex -29.9901 15.4347 19.5
      vertex -29.9901 15.4347 12.5
    endloop
  endfacet
  facet normal -0.194681 -0.980867 0
    outer loop
      vertex -28.8662 16.7162 12.5
      vertex -28.7347 16.6901 19.5
      vertex -28.8662 16.7162 19.5
    endloop
  endfacet
  facet normal -0.194681 -0.980867 -0
    outer loop
      vertex -28.7347 16.6901 19.5
      vertex -28.8662 16.7162 12.5
      vertex -28.7347 16.6901 12.5
    endloop
  endfacet
  facet normal 0.980867 -0.194681 0
    outer loop
      vertex -30.0162 15.8338 19.5
      vertex -29.9901 15.9653 12.5
      vertex -29.9901 15.9653 19.5
    endloop
  endfacet
  facet normal 0.980867 -0.194681 0
    outer loop
      vertex -29.9901 15.9653 12.5
      vertex -30.0162 15.8338 19.5
      vertex -30.0162 15.8338 12.5
    endloop
  endfacet
  facet normal 0.55556 -0.831476 0
    outer loop
      vertex -29.624 16.5132 12.5
      vertex -29.5125 16.5877 19.5
      vertex -29.624 16.5132 19.5
    endloop
  endfacet
  facet normal 0.55556 -0.831476 0
    outer loop
      vertex -29.5125 16.5877 19.5
      vertex -29.624 16.5132 12.5
      vertex -29.5125 16.5877 12.5
    endloop
  endfacet
  facet normal -0.321952 0.946756 0
    outer loop
      vertex -28.7 14.7217 12.5
      vertex -28.7347 14.7099 19.5
      vertex -28.7 14.7217 19.5
    endloop
  endfacet
  facet normal -0.321952 0.946756 0
    outer loop
      vertex -28.7347 14.7099 19.5
      vertex -28.7 14.7217 12.5
      vertex -28.7347 14.7099 12.5
    endloop
  endfacet
  facet normal 0.194681 0.980867 -0
    outer loop
      vertex -29.1338 14.6838 12.5
      vertex -29.2653 14.7099 19.5
      vertex -29.1338 14.6838 19.5
    endloop
  endfacet
  facet normal 0.194681 0.980867 0
    outer loop
      vertex -29.2653 14.7099 19.5
      vertex -29.1338 14.6838 12.5
      vertex -29.2653 14.7099 12.5
    endloop
  endfacet
  facet normal 0.442432 0.896802 -0
    outer loop
      vertex -29.3923 14.753 12.5
      vertex -29.5125 14.8123 19.5
      vertex -29.3923 14.753 19.5
    endloop
  endfacet
  facet normal 0.442432 0.896802 0
    outer loop
      vertex -29.5125 14.8123 19.5
      vertex -29.3923 14.753 12.5
      vertex -29.5125 14.8123 12.5
    endloop
  endfacet
  facet normal 0.321368 0.946954 -0
    outer loop
      vertex -29.2653 14.7099 12.5
      vertex -29.3923 14.753 19.5
      vertex -29.2653 14.7099 19.5
    endloop
  endfacet
  facet normal 0.321368 0.946954 0
    outer loop
      vertex -29.3923 14.753 19.5
      vertex -29.2653 14.7099 12.5
      vertex -29.3923 14.753 12.5
    endloop
  endfacet
  facet normal 0.831476 0.55556 0
    outer loop
      vertex -29.8132 15.076 19.5
      vertex -29.8877 15.1875 12.5
      vertex -29.8877 15.1875 19.5
    endloop
  endfacet
  facet normal 0.831476 0.55556 0
    outer loop
      vertex -29.8877 15.1875 12.5
      vertex -29.8132 15.076 19.5
      vertex -29.8132 15.076 12.5
    endloop
  endfacet
  facet normal 0.946954 -0.321368 0
    outer loop
      vertex -29.9901 15.9653 19.5
      vertex -29.947 16.0923 12.5
      vertex -29.947 16.0923 19.5
    endloop
  endfacet
  facet normal 0.946954 -0.321368 0
    outer loop
      vertex -29.947 16.0923 12.5
      vertex -29.9901 15.9653 19.5
      vertex -29.9901 15.9653 12.5
    endloop
  endfacet
  facet normal 1 -0 0
    outer loop
      vertex -28.7 16.6783 19.5
      vertex -28.7 16.975 12.5
      vertex -28.7 16.975 19.5
    endloop
  endfacet
  facet normal 1 0 0
    outer loop
      vertex -28.7 16.975 12.5
      vertex -28.7 16.6783 19.5
      vertex -28.7 16.6783 12.5
    endloop
  endfacet
  facet normal 1 -0 0
    outer loop
      vertex -28.7 14.425 19.5
      vertex -28.7 14.7217 12.5
      vertex -28.7 14.7217 19.5
    endloop
  endfacet
  facet normal 1 0 0
    outer loop
      vertex -28.7 14.7217 12.5
      vertex -28.7 14.425 19.5
      vertex -28.7 14.425 12.5
    endloop
  endfacet
  facet normal 0 -1 0
    outer loop
      vertex -28.7 16.975 12.5
      vertex -26.1 16.975 19.5
      vertex -28.7 16.975 19.5
    endloop
  endfacet
  facet normal 0 -1 -0
    outer loop
      vertex -26.1 16.975 19.5
      vertex -28.7 16.975 12.5
      vertex -26.1 16.975 12.5
    endloop
  endfacet
  facet normal 0 1 -0
    outer loop
      vertex -26.1 14.425 12.5
      vertex -28.7 14.425 19.5
      vertex -26.1 14.425 19.5
    endloop
  endfacet
  facet normal 0 1 0
    outer loop
      vertex -28.7 14.425 19.5
      vertex -26.1 14.425 12.5
      vertex -28.7 14.425 12.5
    endloop
  endfacet
  facet normal 0 -1 0
    outer loop
      vertex -31.9 12.1 24.5
      vertex -26.1 12.1 31.5
      vertex -31.9 12.1 31.5
    endloop
  endfacet
  facet normal 0 -1 -0
    outer loop
      vertex -26.1 12.1 31.5
      vertex -31.9 12.1 24.5
      vertex -26.1 12.1 24.5
    endloop
  endfacet
  facet normal 0 0 -1
    outer loop
      vertex -26.1 12.1 24.5
      vertex -28.7 14.425 24.5
      vertex -26.1 14.425 24.5
    endloop
  endfacet
  facet normal 0 0 -1
    outer loop
      vertex -28.7 14.425 24.5
      vertex -28.7347 14.7099 24.5
      vertex -28.7 14.7217 24.5
    endloop
  endfacet
  facet normal 0 0 -1
    outer loop
      vertex -28.7 14.425 24.5
      vertex -28.8662 14.6838 24.5
      vertex -28.7347 14.7099 24.5
    endloop
  endfacet
  facet normal 0 0 -1
    outer loop
      vertex -28.7 14.425 24.5
      vertex -29 14.675 24.5
      vertex -28.8662 14.6838 24.5
    endloop
  endfacet
  facet normal 0 0 -1
    outer loop
      vertex -31.9 12.1 24.5
      vertex -28.7 14.425 24.5
      vertex -26.1 12.1 24.5
    endloop
  endfacet
  facet normal 0 -0 -1
    outer loop
      vertex -29.2653 14.7099 24.5
      vertex -28.7 14.425 24.5
      vertex -31.9 12.1 24.5
    endloop
  endfacet
  facet normal 0 0 -1
    outer loop
      vertex -28.7 14.425 24.5
      vertex -29.1338 14.6838 24.5
      vertex -29 14.675 24.5
    endloop
  endfacet
  facet normal 0 0 -1
    outer loop
      vertex -28.7 14.425 24.5
      vertex -29.2653 14.7099 24.5
      vertex -29.1338 14.6838 24.5
    endloop
  endfacet
  facet normal -0 0 -1
    outer loop
      vertex -29.2653 14.7099 24.5
      vertex -31.9 12.1 24.5
      vertex -29.3923 14.753 24.5
    endloop
  endfacet
  facet normal -0 0 -1
    outer loop
      vertex -29.3923 14.753 24.5
      vertex -31.9 12.1 24.5
      vertex -29.5125 14.8123 24.5
    endloop
  endfacet
  facet normal -0 0 -1
    outer loop
      vertex -30.0162 15.5662 24.5
      vertex -31.9 12.1 24.5
      vertex -30.025 15.7 24.5
    endloop
  endfacet
  facet normal -0 0 -1
    outer loop
      vertex -29.9901 15.4347 24.5
      vertex -31.9 12.1 24.5
      vertex -30.0162 15.5662 24.5
    endloop
  endfacet
  facet normal -0 0 -1
    outer loop
      vertex -29.947 15.3077 24.5
      vertex -31.9 12.1 24.5
      vertex -29.9901 15.4347 24.5
    endloop
  endfacet
  facet normal -0 0 -1
    outer loop
      vertex -29.8877 15.1875 24.5
      vertex -31.9 12.1 24.5
      vertex -29.947 15.3077 24.5
    endloop
  endfacet
  facet normal -0 0 -1
    outer loop
      vertex -29.8132 15.076 24.5
      vertex -31.9 12.1 24.5
      vertex -29.8877 15.1875 24.5
    endloop
  endfacet
  facet normal -0 0 -1
    outer loop
      vertex -29.7248 14.9752 24.5
      vertex -31.9 12.1 24.5
      vertex -29.8132 15.076 24.5
    endloop
  endfacet
  facet normal -0 0 -1
    outer loop
      vertex -29.624 14.8868 24.5
      vertex -31.9 12.1 24.5
      vertex -29.7248 14.9752 24.5
    endloop
  endfacet
  facet normal -0 0 -1
    outer loop
      vertex -29.5125 14.8123 24.5
      vertex -31.9 12.1 24.5
      vertex -29.624 14.8868 24.5
    endloop
  endfacet
  facet normal 0 0 -1
    outer loop
      vertex -28.7 16.6783 24.5
      vertex -28.7347 16.6901 24.5
      vertex -28.7 16.975 24.5
    endloop
  endfacet
  facet normal 0 0 -1
    outer loop
      vertex -28.7 16.975 24.5
      vertex -26.1 19.6 24.5
      vertex -26.1 16.975 24.5
    endloop
  endfacet
  facet normal 0 0 -1
    outer loop
      vertex -28.8662 16.7162 24.5
      vertex -28.7 16.975 24.5
      vertex -28.7347 16.6901 24.5
    endloop
  endfacet
  facet normal 0 0 -1
    outer loop
      vertex -29 16.725 24.5
      vertex -28.7 16.975 24.5
      vertex -28.8662 16.7162 24.5
    endloop
  endfacet
  facet normal 0 0 -1
    outer loop
      vertex -29.1338 16.7162 24.5
      vertex -28.7 16.975 24.5
      vertex -29 16.725 24.5
    endloop
  endfacet
  facet normal 0 0 -1
    outer loop
      vertex -29.2653 16.6901 24.5
      vertex -28.7 16.975 24.5
      vertex -29.1338 16.7162 24.5
    endloop
  endfacet
  facet normal -0 0 -1
    outer loop
      vertex -28.7 16.975 24.5
      vertex -29.2653 16.6901 24.5
      vertex -31.9 19.6 24.5
    endloop
  endfacet
  facet normal 0 0 -1
    outer loop
      vertex -31.9 19.6 24.5
      vertex -29.2653 16.6901 24.5
      vertex -29.3923 16.647 24.5
    endloop
  endfacet
  facet normal 0 0 -1
    outer loop
      vertex -31.9 19.6 24.5
      vertex -29.3923 16.647 24.5
      vertex -29.5125 16.5877 24.5
    endloop
  endfacet
  facet normal 0 0 -1
    outer loop
      vertex -31.9 19.6 24.5
      vertex -29.5125 16.5877 24.5
      vertex -29.624 16.5132 24.5
    endloop
  endfacet
  facet normal 0 0 -1
    outer loop
      vertex -31.9 19.6 24.5
      vertex -30.025 15.7 24.5
      vertex -31.9 12.1 24.5
    endloop
  endfacet
  facet normal 0 0 -1
    outer loop
      vertex -30.025 15.7 24.5
      vertex -31.9 19.6 24.5
      vertex -30.0162 15.8338 24.5
    endloop
  endfacet
  facet normal 0 0 -1
    outer loop
      vertex -30.0162 15.8338 24.5
      vertex -31.9 19.6 24.5
      vertex -29.9901 15.9653 24.5
    endloop
  endfacet
  facet normal 0 0 -1
    outer loop
      vertex -28.7 16.975 24.5
      vertex -31.9 19.6 24.5
      vertex -26.1 19.6 24.5
    endloop
  endfacet
  facet normal 0 0 -1
    outer loop
      vertex -29.7248 16.4248 24.5
      vertex -31.9 19.6 24.5
      vertex -29.624 16.5132 24.5
    endloop
  endfacet
  facet normal 0 0 -1
    outer loop
      vertex -29.8132 16.324 24.5
      vertex -31.9 19.6 24.5
      vertex -29.7248 16.4248 24.5
    endloop
  endfacet
  facet normal 0 0 -1
    outer loop
      vertex -29.8877 16.2125 24.5
      vertex -31.9 19.6 24.5
      vertex -29.8132 16.324 24.5
    endloop
  endfacet
  facet normal 0 0 -1
    outer loop
      vertex -29.947 16.0923 24.5
      vertex -31.9 19.6 24.5
      vertex -29.8877 16.2125 24.5
    endloop
  endfacet
  facet normal 0 0 -1
    outer loop
      vertex -29.9901 15.9653 24.5
      vertex -31.9 19.6 24.5
      vertex -29.947 16.0923 24.5
    endloop
  endfacet
  facet normal 0 0 1
    outer loop
      vertex -26.1 19.6 31.5
      vertex -28.7 16.975 31.5
      vertex -26.1 16.975 31.5
    endloop
  endfacet
  facet normal 0 0 1
    outer loop
      vertex -28.7 16.975 31.5
      vertex -28.7347 16.6901 31.5
      vertex -28.7 16.6783 31.5
    endloop
  endfacet
  facet normal 0 0 1
    outer loop
      vertex -28.7 16.975 31.5
      vertex -28.8662 16.7162 31.5
      vertex -28.7347 16.6901 31.5
    endloop
  endfacet
  facet normal 0 0 1
    outer loop
      vertex -28.7 16.975 31.5
      vertex -29 16.725 31.5
      vertex -28.8662 16.7162 31.5
    endloop
  endfacet
  facet normal -0 0 1
    outer loop
      vertex -31.9 19.6 31.5
      vertex -28.7 16.975 31.5
      vertex -26.1 19.6 31.5
    endloop
  endfacet
  facet normal 0 -0 1
    outer loop
      vertex -29.2653 16.6901 31.5
      vertex -28.7 16.975 31.5
      vertex -31.9 19.6 31.5
    endloop
  endfacet
  facet normal 0 0 1
    outer loop
      vertex -28.7 16.975 31.5
      vertex -29.1338 16.7162 31.5
      vertex -29 16.725 31.5
    endloop
  endfacet
  facet normal 0 0 1
    outer loop
      vertex -28.7 16.975 31.5
      vertex -29.2653 16.6901 31.5
      vertex -29.1338 16.7162 31.5
    endloop
  endfacet
  facet normal 0 0 1
    outer loop
      vertex -29.2653 16.6901 31.5
      vertex -31.9 19.6 31.5
      vertex -29.3923 16.647 31.5
    endloop
  endfacet
  facet normal 0 0 1
    outer loop
      vertex -29.3923 16.647 31.5
      vertex -31.9 19.6 31.5
      vertex -29.5125 16.5877 31.5
    endloop
  endfacet
  facet normal 0 0 1
    outer loop
      vertex -30.0162 15.8338 31.5
      vertex -31.9 19.6 31.5
      vertex -30.025 15.7 31.5
    endloop
  endfacet
  facet normal 0 0 1
    outer loop
      vertex -29.9901 15.9653 31.5
      vertex -31.9 19.6 31.5
      vertex -30.0162 15.8338 31.5
    endloop
  endfacet
  facet normal 0 0 1
    outer loop
      vertex -29.947 16.0923 31.5
      vertex -31.9 19.6 31.5
      vertex -29.9901 15.9653 31.5
    endloop
  endfacet
  facet normal 0 0 1
    outer loop
      vertex -29.8877 16.2125 31.5
      vertex -31.9 19.6 31.5
      vertex -29.947 16.0923 31.5
    endloop
  endfacet
  facet normal 0 0 1
    outer loop
      vertex -29.8132 16.324 31.5
      vertex -31.9 19.6 31.5
      vertex -29.8877 16.2125 31.5
    endloop
  endfacet
  facet normal 0 0 1
    outer loop
      vertex -29.7248 16.4248 31.5
      vertex -31.9 19.6 31.5
      vertex -29.8132 16.324 31.5
    endloop
  endfacet
  facet normal 0 0 1
    outer loop
      vertex -29.624 16.5132 31.5
      vertex -31.9 19.6 31.5
      vertex -29.7248 16.4248 31.5
    endloop
  endfacet
  facet normal 0 0 1
    outer loop
      vertex -29.5125 16.5877 31.5
      vertex -31.9 19.6 31.5
      vertex -29.624 16.5132 31.5
    endloop
  endfacet
  facet normal 0 0 1
    outer loop
      vertex -28.7 14.7217 31.5
      vertex -28.7347 14.7099 31.5
      vertex -28.7 14.425 31.5
    endloop
  endfacet
  facet normal -0 0 1
    outer loop
      vertex -28.7 14.425 31.5
      vertex -26.1 12.1 31.5
      vertex -26.1 14.425 31.5
    endloop
  endfacet
  facet normal -0 0 1
    outer loop
      vertex -28.8662 14.6838 31.5
      vertex -28.7 14.425 31.5
      vertex -28.7347 14.7099 31.5
    endloop
  endfacet
  facet normal -0 0 1
    outer loop
      vertex -29 14.675 31.5
      vertex -28.7 14.425 31.5
      vertex -28.8662 14.6838 31.5
    endloop
  endfacet
  facet normal 0 0 1
    outer loop
      vertex -29.1338 14.6838 31.5
      vertex -28.7 14.425 31.5
      vertex -29 14.675 31.5
    endloop
  endfacet
  facet normal 0 0 1
    outer loop
      vertex -29.2653 14.7099 31.5
      vertex -28.7 14.425 31.5
      vertex -29.1338 14.6838 31.5
    endloop
  endfacet
  facet normal 0 0 1
    outer loop
      vertex -28.7 14.425 31.5
      vertex -29.2653 14.7099 31.5
      vertex -31.9 12.1 31.5
    endloop
  endfacet
  facet normal 0 0 1
    outer loop
      vertex -31.9 12.1 31.5
      vertex -29.2653 14.7099 31.5
      vertex -29.3923 14.753 31.5
    endloop
  endfacet
  facet normal 0 0 1
    outer loop
      vertex -31.9 12.1 31.5
      vertex -29.3923 14.753 31.5
      vertex -29.5125 14.8123 31.5
    endloop
  endfacet
  facet normal 0 0 1
    outer loop
      vertex -31.9 12.1 31.5
      vertex -29.5125 14.8123 31.5
      vertex -29.624 14.8868 31.5
    endloop
  endfacet
  facet normal 0 0 1
    outer loop
      vertex -31.9 12.1 31.5
      vertex -30.025 15.7 31.5
      vertex -31.9 19.6 31.5
    endloop
  endfacet
  facet normal 0 0 1
    outer loop
      vertex -30.025 15.7 31.5
      vertex -31.9 12.1 31.5
      vertex -30.0162 15.5662 31.5
    endloop
  endfacet
  facet normal 0 0 1
    outer loop
      vertex -30.0162 15.5662 31.5
      vertex -31.9 12.1 31.5
      vertex -29.9901 15.4347 31.5
    endloop
  endfacet
  facet normal 0 0 1
    outer loop
      vertex -28.7 14.425 31.5
      vertex -31.9 12.1 31.5
      vertex -26.1 12.1 31.5
    endloop
  endfacet
  facet normal 0 0 1
    outer loop
      vertex -29.7248 14.9752 31.5
      vertex -31.9 12.1 31.5
      vertex -29.624 14.8868 31.5
    endloop
  endfacet
  facet normal 0 0 1
    outer loop
      vertex -29.8132 15.076 31.5
      vertex -31.9 12.1 31.5
      vertex -29.7248 14.9752 31.5
    endloop
  endfacet
  facet normal 0 0 1
    outer loop
      vertex -29.8877 15.1875 31.5
      vertex -31.9 12.1 31.5
      vertex -29.8132 15.076 31.5
    endloop
  endfacet
  facet normal 0 0 1
    outer loop
      vertex -29.947 15.3077 31.5
      vertex -31.9 12.1 31.5
      vertex -29.8877 15.1875 31.5
    endloop
  endfacet
  facet normal 0 0 1
    outer loop
      vertex -29.9901 15.4347 31.5
      vertex -31.9 12.1 31.5
      vertex -29.947 15.3077 31.5
    endloop
  endfacet
  facet normal 1 -0 0
    outer loop
      vertex -26.1 12.1 31.5
      vertex -26.1 14.425 24.5
      vertex -26.1 14.425 31.5
    endloop
  endfacet
  facet normal 1 0 0
    outer loop
      vertex -26.1 14.425 24.5
      vertex -26.1 12.1 31.5
      vertex -26.1 12.1 24.5
    endloop
  endfacet
  facet normal 1 -0 0
    outer loop
      vertex -26.1 16.975 31.5
      vertex -26.1 19.6 24.5
      vertex -26.1 19.6 31.5
    endloop
  endfacet
  facet normal 1 0 0
    outer loop
      vertex -26.1 19.6 24.5
      vertex -26.1 16.975 31.5
      vertex -26.1 16.975 24.5
    endloop
  endfacet
  facet normal -1 0 0
    outer loop
      vertex -31.9 12.1 24.5
      vertex -31.9 19.6 31.5
      vertex -31.9 19.6 24.5
    endloop
  endfacet
  facet normal -1 -0 0
    outer loop
      vertex -31.9 19.6 31.5
      vertex -31.9 12.1 24.5
      vertex -31.9 12.1 31.5
    endloop
  endfacet
  facet normal 0.065628 -0.997844 0
    outer loop
      vertex -29.1338 16.7162 24.5
      vertex -29 16.725 31.5
      vertex -29.1338 16.7162 31.5
    endloop
  endfacet
  facet normal 0.065628 -0.997844 0
    outer loop
      vertex -29 16.725 31.5
      vertex -29.1338 16.7162 24.5
      vertex -29 16.725 24.5
    endloop
  endfacet
  facet normal -0.194681 0.980867 0
    outer loop
      vertex -28.7347 14.7099 24.5
      vertex -28.8662 14.6838 31.5
      vertex -28.7347 14.7099 31.5
    endloop
  endfacet
  facet normal -0.194681 0.980867 0
    outer loop
      vertex -28.8662 14.6838 31.5
      vertex -28.7347 14.7099 24.5
      vertex -28.8662 14.6838 24.5
    endloop
  endfacet
  facet normal -0.065628 0.997844 0
    outer loop
      vertex -28.8662 14.6838 24.5
      vertex -29 14.675 31.5
      vertex -28.8662 14.6838 31.5
    endloop
  endfacet
  facet normal -0.065628 0.997844 0
    outer loop
      vertex -29 14.675 31.5
      vertex -28.8662 14.6838 24.5
      vertex -29 14.675 24.5
    endloop
  endfacet
  facet normal 0.997844 -0.065628 0
    outer loop
      vertex -30.025 15.7 31.5
      vertex -30.0162 15.8338 24.5
      vertex -30.0162 15.8338 31.5
    endloop
  endfacet
  facet normal 0.997844 -0.065628 0
    outer loop
      vertex -30.0162 15.8338 24.5
      vertex -30.025 15.7 31.5
      vertex -30.025 15.7 24.5
    endloop
  endfacet
  facet normal 0.896802 -0.442432 0
    outer loop
      vertex -29.947 16.0923 31.5
      vertex -29.8877 16.2125 24.5
      vertex -29.8877 16.2125 31.5
    endloop
  endfacet
  facet normal 0.896802 -0.442432 0
    outer loop
      vertex -29.8877 16.2125 24.5
      vertex -29.947 16.0923 31.5
      vertex -29.947 16.0923 24.5
    endloop
  endfacet
  facet normal 0.896802 0.442432 0
    outer loop
      vertex -29.8877 15.1875 31.5
      vertex -29.947 15.3077 24.5
      vertex -29.947 15.3077 31.5
    endloop
  endfacet
  facet normal 0.896802 0.442432 0
    outer loop
      vertex -29.947 15.3077 24.5
      vertex -29.8877 15.1875 31.5
      vertex -29.8877 15.1875 24.5
    endloop
  endfacet
  facet normal 0.55556 0.831476 -0
    outer loop
      vertex -29.5125 14.8123 24.5
      vertex -29.624 14.8868 31.5
      vertex -29.5125 14.8123 31.5
    endloop
  endfacet
  facet normal 0.55556 0.831476 0
    outer loop
      vertex -29.624 14.8868 31.5
      vertex -29.5125 14.8123 24.5
      vertex -29.624 14.8868 24.5
    endloop
  endfacet
  facet normal -0.321952 -0.946756 0
    outer loop
      vertex -28.7347 16.6901 24.5
      vertex -28.7 16.6783 31.5
      vertex -28.7347 16.6901 31.5
    endloop
  endfacet
  facet normal -0.321952 -0.946756 -0
    outer loop
      vertex -28.7 16.6783 31.5
      vertex -28.7347 16.6901 24.5
      vertex -28.7 16.6783 24.5
    endloop
  endfacet
  facet normal 0.659349 0.751837 -0
    outer loop
      vertex -29.624 14.8868 24.5
      vertex -29.7248 14.9752 31.5
      vertex -29.624 14.8868 31.5
    endloop
  endfacet
  facet normal 0.659349 0.751837 0
    outer loop
      vertex -29.7248 14.9752 31.5
      vertex -29.624 14.8868 24.5
      vertex -29.7248 14.9752 24.5
    endloop
  endfacet
  facet normal -0.065628 -0.997844 0
    outer loop
      vertex -29 16.725 24.5
      vertex -28.8662 16.7162 31.5
      vertex -29 16.725 31.5
    endloop
  endfacet
  facet normal -0.065628 -0.997844 -0
    outer loop
      vertex -28.8662 16.7162 31.5
      vertex -29 16.725 24.5
      vertex -28.8662 16.7162 24.5
    endloop
  endfacet
  facet normal 0.946954 0.321368 0
    outer loop
      vertex -29.947 15.3077 31.5
      vertex -29.9901 15.4347 24.5
      vertex -29.9901 15.4347 31.5
    endloop
  endfacet
  facet normal 0.946954 0.321368 0
    outer loop
      vertex -29.9901 15.4347 24.5
      vertex -29.947 15.3077 31.5
      vertex -29.947 15.3077 24.5
    endloop
  endfacet
  facet normal 0.751837 -0.659349 0
    outer loop
      vertex -29.8132 16.324 31.5
      vertex -29.7248 16.4248 24.5
      vertex -29.7248 16.4248 31.5
    endloop
  endfacet
  facet normal 0.751837 -0.659349 0
    outer loop
      vertex -29.7248 16.4248 24.5
      vertex -29.8132 16.324 31.5
      vertex -29.8132 16.324 24.5
    endloop
  endfacet
  facet normal 0.831476 -0.55556 0
    outer loop
      vertex -29.8877 16.2125 31.5
      vertex -29.8132 16.324 24.5
      vertex -29.8132 16.324 31.5
    endloop
  endfacet
  facet normal 0.831476 -0.55556 0
    outer loop
      vertex -29.8132 16.324 24.5
      vertex -29.8877 16.2125 31.5
      vertex -29.8877 16.2125 24.5
    endloop
  endfacet
  facet normal 0.997844 0.065628 0
    outer loop
      vertex -30.0162 15.5662 31.5
      vertex -30.025 15.7 24.5
      vertex -30.025 15.7 31.5
    endloop
  endfacet
  facet normal 0.997844 0.065628 0
    outer loop
      vertex -30.025 15.7 24.5
      vertex -30.0162 15.5662 31.5
      vertex -30.0162 15.5662 24.5
    endloop
  endfacet
  facet normal 0.442432 -0.896802 0
    outer loop
      vertex -29.5125 16.5877 24.5
      vertex -29.3923 16.647 31.5
      vertex -29.5125 16.5877 31.5
    endloop
  endfacet
  facet normal 0.442432 -0.896802 0
    outer loop
      vertex -29.3923 16.647 31.5
      vertex -29.5125 16.5877 24.5
      vertex -29.3923 16.647 24.5
    endloop
  endfacet
  facet normal 0.065628 0.997844 -0
    outer loop
      vertex -29 14.675 24.5
      vertex -29.1338 14.6838 31.5
      vertex -29 14.675 31.5
    endloop
  endfacet
  facet normal 0.065628 0.997844 0
    outer loop
      vertex -29.1338 14.6838 31.5
      vertex -29 14.675 24.5
      vertex -29.1338 14.6838 24.5
    endloop
  endfacet
  facet normal 0.321368 -0.946954 0
    outer loop
      vertex -29.3923 16.647 24.5
      vertex -29.2653 16.6901 31.5
      vertex -29.3923 16.647 31.5
    endloop
  endfacet
  facet normal 0.321368 -0.946954 0
    outer loop
      vertex -29.2653 16.6901 31.5
      vertex -29.3923 16.647 24.5
      vertex -29.2653 16.6901 24.5
    endloop
  endfacet
  facet normal 0.194681 -0.980867 0
    outer loop
      vertex -29.2653 16.6901 24.5
      vertex -29.1338 16.7162 31.5
      vertex -29.2653 16.6901 31.5
    endloop
  endfacet
  facet normal 0.194681 -0.980867 0
    outer loop
      vertex -29.1338 16.7162 31.5
      vertex -29.2653 16.6901 24.5
      vertex -29.1338 16.7162 24.5
    endloop
  endfacet
  facet normal 0.659349 -0.751837 0
    outer loop
      vertex -29.7248 16.4248 24.5
      vertex -29.624 16.5132 31.5
      vertex -29.7248 16.4248 31.5
    endloop
  endfacet
  facet normal 0.659349 -0.751837 0
    outer loop
      vertex -29.624 16.5132 31.5
      vertex -29.7248 16.4248 24.5
      vertex -29.624 16.5132 24.5
    endloop
  endfacet
  facet normal 0.751837 0.659349 0
    outer loop
      vertex -29.7248 14.9752 31.5
      vertex -29.8132 15.076 24.5
      vertex -29.8132 15.076 31.5
    endloop
  endfacet
  facet normal 0.751837 0.659349 0
    outer loop
      vertex -29.8132 15.076 24.5
      vertex -29.7248 14.9752 31.5
      vertex -29.7248 14.9752 24.5
    endloop
  endfacet
  facet normal 0.980867 0.194681 0
    outer loop
      vertex -29.9901 15.4347 31.5
      vertex -30.0162 15.5662 24.5
      vertex -30.0162 15.5662 31.5
    endloop
  endfacet
  facet normal 0.980867 0.194681 0
    outer loop
      vertex -30.0162 15.5662 24.5
      vertex -29.9901 15.4347 31.5
      vertex -29.9901 15.4347 24.5
    endloop
  endfacet
  facet normal -0.194681 -0.980867 0
    outer loop
      vertex -28.8662 16.7162 24.5
      vertex -28.7347 16.6901 31.5
      vertex -28.8662 16.7162 31.5
    endloop
  endfacet
  facet normal -0.194681 -0.980867 -0
    outer loop
      vertex -28.7347 16.6901 31.5
      vertex -28.8662 16.7162 24.5
      vertex -28.7347 16.6901 24.5
    endloop
  endfacet
  facet normal 0.980867 -0.194681 0
    outer loop
      vertex -30.0162 15.8338 31.5
      vertex -29.9901 15.9653 24.5
      vertex -29.9901 15.9653 31.5
    endloop
  endfacet
  facet normal 0.980867 -0.194681 0
    outer loop
      vertex -29.9901 15.9653 24.5
      vertex -30.0162 15.8338 31.5
      vertex -30.0162 15.8338 24.5
    endloop
  endfacet
  facet normal 0.55556 -0.831476 0
    outer loop
      vertex -29.624 16.5132 24.5
      vertex -29.5125 16.5877 31.5
      vertex -29.624 16.5132 31.5
    endloop
  endfacet
  facet normal 0.55556 -0.831476 0
    outer loop
      vertex -29.5125 16.5877 31.5
      vertex -29.624 16.5132 24.5
      vertex -29.5125 16.5877 24.5
    endloop
  endfacet
  facet normal -0.321952 0.946756 0
    outer loop
      vertex -28.7 14.7217 24.5
      vertex -28.7347 14.7099 31.5
      vertex -28.7 14.7217 31.5
    endloop
  endfacet
  facet normal -0.321952 0.946756 0
    outer loop
      vertex -28.7347 14.7099 31.5
      vertex -28.7 14.7217 24.5
      vertex -28.7347 14.7099 24.5
    endloop
  endfacet
  facet normal 0.194681 0.980867 -0
    outer loop
      vertex -29.1338 14.6838 24.5
      vertex -29.2653 14.7099 31.5
      vertex -29.1338 14.6838 31.5
    endloop
  endfacet
  facet normal 0.194681 0.980867 0
    outer loop
      vertex -29.2653 14.7099 31.5
      vertex -29.1338 14.6838 24.5
      vertex -29.2653 14.7099 24.5
    endloop
  endfacet
  facet normal 0.442432 0.896802 -0
    outer loop
      vertex -29.3923 14.753 24.5
      vertex -29.5125 14.8123 31.5
      vertex -29.3923 14.753 31.5
    endloop
  endfacet
  facet normal 0.442432 0.896802 0
    outer loop
      vertex -29.5125 14.8123 31.5
      vertex -29.3923 14.753 24.5
      vertex -29.5125 14.8123 24.5
    endloop
  endfacet
  facet normal 0.321368 0.946954 -0
    outer loop
      vertex -29.2653 14.7099 24.5
      vertex -29.3923 14.753 31.5
      vertex -29.2653 14.7099 31.5
    endloop
  endfacet
  facet normal 0.321368 0.946954 0
    outer loop
      vertex -29.3923 14.753 31.5
      vertex -29.2653 14.7099 24.5
      vertex -29.3923 14.753 24.5
    endloop
  endfacet
  facet normal 0.831476 0.55556 0
    outer loop
      vertex -29.8132 15.076 31.5
      vertex -29.8877 15.1875 24.5
      vertex -29.8877 15.1875 31.5
    endloop
  endfacet
  facet normal 0.831476 0.55556 0
    outer loop
      vertex -29.8877 15.1875 24.5
      vertex -29.8132 15.076 31.5
      vertex -29.8132 15.076 24.5
    endloop
  endfacet
  facet normal 0.946954 -0.321368 0
    outer loop
      vertex -29.9901 15.9653 31.5
      vertex -29.947 16.0923 24.5
      vertex -29.947 16.0923 31.5
    endloop
  endfacet
  facet normal 0.946954 -0.321368 0
    outer loop
      vertex -29.947 16.0923 24.5
      vertex -29.9901 15.9653 31.5
      vertex -29.9901 15.9653 24.5
    endloop
  endfacet
  facet normal 1 -0 0
    outer loop
      vertex -28.7 16.6783 31.5
      vertex -28.7 16.975 24.5
      vertex -28.7 16.975 31.5
    endloop
  endfacet
  facet normal 1 0 0
    outer loop
      vertex -28.7 16.975 24.5
      vertex -28.7 16.6783 31.5
      vertex -28.7 16.6783 24.5
    endloop
  endfacet
  facet normal 1 -0 0
    outer loop
      vertex -28.7 14.425 31.5
      vertex -28.7 14.7217 24.5
      vertex -28.7 14.7217 31.5
    endloop
  endfacet
  facet normal 1 0 0
    outer loop
      vertex -28.7 14.7217 24.5
      vertex -28.7 14.425 31.5
      vertex -28.7 14.425 24.5
    endloop
  endfacet
  facet normal 0 -1 0
    outer loop
      vertex -28.7 16.975 24.5
      vertex -26.1 16.975 31.5
      vertex -28.7 16.975 31.5
    endloop
  endfacet
  facet normal 0 -1 -0
    outer loop
      vertex -26.1 16.975 31.5
      vertex -28.7 16.975 24.5
      vertex -26.1 16.975 24.5
    endloop
  endfacet
  facet normal 0 1 -0
    outer loop
      vertex -26.1 14.425 24.5
      vertex -28.7 14.425 31.5
      vertex -26.1 14.425 31.5
    endloop
  endfacet
  facet normal 0 1 0
    outer loop
      vertex -28.7 14.425 31.5
      vertex -26.1 14.425 24.5
      vertex -28.7 14.425 24.5
    endloop
  endfacet
  facet normal 0 -1 0
    outer loop
      vertex 26.1 12.1 -41.5
      vertex 31.9 12.1 -34.5
      vertex 26.1 12.1 -34.5
    endloop
  endfacet
  facet normal 0 -1 -0
    outer loop
      vertex 31.9 12.1 -34.5
      vertex 26.1 12.1 -41.5
      vertex 31.9 12.1 -41.5
    endloop
  endfacet
  facet normal 0 0 -1
    outer loop
      vertex 31.9 12.1 -41.5
      vertex 30.025 15.7 -41.5
      vertex 31.9 19.6 -41.5
    endloop
  endfacet
  facet normal 0 0 -1
    outer loop
      vertex 31.9 12.1 -41.5
      vertex 30.0162 15.5662 -41.5
      vertex 30.025 15.7 -41.5
    endloop
  endfacet
  facet normal 0 0 -1
    outer loop
      vertex 31.9 12.1 -41.5
      vertex 29.9901 15.4347 -41.5
      vertex 30.0162 15.5662 -41.5
    endloop
  endfacet
  facet normal 0 0 -1
    outer loop
      vertex 31.9 12.1 -41.5
      vertex 29.947 15.3077 -41.5
      vertex 29.9901 15.4347 -41.5
    endloop
  endfacet
  facet normal 0 0 -1
    outer loop
      vertex 31.9 12.1 -41.5
      vertex 29.8877 15.1875 -41.5
      vertex 29.947 15.3077 -41.5
    endloop
  endfacet
  facet normal 0 0 -1
    outer loop
      vertex 31.9 12.1 -41.5
      vertex 29.8132 15.076 -41.5
      vertex 29.8877 15.1875 -41.5
    endloop
  endfacet
  facet normal 0 0 -1
    outer loop
      vertex 31.9 12.1 -41.5
      vertex 29.7248 14.9752 -41.5
      vertex 29.8132 15.076 -41.5
    endloop
  endfacet
  facet normal 0 0 -1
    outer loop
      vertex 31.9 12.1 -41.5
      vertex 29.624 14.8868 -41.5
      vertex 29.7248 14.9752 -41.5
    endloop
  endfacet
  facet normal 0 0 -1
    outer loop
      vertex 31.9 12.1 -41.5
      vertex 29.5125 14.8123 -41.5
      vertex 29.624 14.8868 -41.5
    endloop
  endfacet
  facet normal 0 0 -1
    outer loop
      vertex 31.9 12.1 -41.5
      vertex 29.3923 14.753 -41.5
      vertex 29.5125 14.8123 -41.5
    endloop
  endfacet
  facet normal 0 0 -1
    outer loop
      vertex 31.9 12.1 -41.5
      vertex 29.2653 14.7099 -41.5
      vertex 29.3923 14.753 -41.5
    endloop
  endfacet
  facet normal 0 0 -1
    outer loop
      vertex 28.7 14.425 -41.5
      vertex 29.2653 14.7099 -41.5
      vertex 31.9 12.1 -41.5
    endloop
  endfacet
  facet normal 0 0 -1
    outer loop
      vertex 29.2653 14.7099 -41.5
      vertex 28.7 14.425 -41.5
      vertex 29.1338 14.6838 -41.5
    endloop
  endfacet
  facet normal 0 0 -1
    outer loop
      vertex 29.1338 14.6838 -41.5
      vertex 28.7 14.425 -41.5
      vertex 29 14.675 -41.5
    endloop
  endfacet
  facet normal -0 0 -1
    outer loop
      vertex 29 14.675 -41.5
      vertex 28.7 14.425 -41.5
      vertex 28.8662 14.6838 -41.5
    endloop
  endfacet
  facet normal -0 0 -1
    outer loop
      vertex 28.8662 14.6838 -41.5
      vertex 28.7 14.425 -41.5
      vertex 28.7347 14.7099 -41.5
    endloop
  endfacet
  facet normal 0 0 -1
    outer loop
      vertex 26.1 12.1 -41.5
      vertex 28.7 14.425 -41.5
      vertex 31.9 12.1 -41.5
    endloop
  endfacet
  facet normal -0 0 -1
    outer loop
      vertex 28.7 14.425 -41.5
      vertex 26.1 12.1 -41.5
      vertex 26.1 14.425 -41.5
    endloop
  endfacet
  facet normal 0 0 -1
    outer loop
      vertex 30.0162 15.8338 -41.5
      vertex 31.9 19.6 -41.5
      vertex 30.025 15.7 -41.5
    endloop
  endfacet
  facet normal 0 0 -1
    outer loop
      vertex 29.9901 15.9653 -41.5
      vertex 31.9 19.6 -41.5
      vertex 30.0162 15.8338 -41.5
    endloop
  endfacet
  facet normal 0 0 -1
    outer loop
      vertex 29.947 16.0923 -41.5
      vertex 31.9 19.6 -41.5
      vertex 29.9901 15.9653 -41.5
    endloop
  endfacet
  facet normal 0 0 -1
    outer loop
      vertex 29.8877 16.2125 -41.5
      vertex 31.9 19.6 -41.5
      vertex 29.947 16.0923 -41.5
    endloop
  endfacet
  facet normal 0 0 -1
    outer loop
      vertex 29.8132 16.324 -41.5
      vertex 31.9 19.6 -41.5
      vertex 29.8877 16.2125 -41.5
    endloop
  endfacet
  facet normal 0 0 -1
    outer loop
      vertex 29.7248 16.4248 -41.5
      vertex 31.9 19.6 -41.5
      vertex 29.8132 16.324 -41.5
    endloop
  endfacet
  facet normal 0 0 -1
    outer loop
      vertex 29.624 16.5132 -41.5
      vertex 31.9 19.6 -41.5
      vertex 29.7248 16.4248 -41.5
    endloop
  endfacet
  facet normal 0 0 -1
    outer loop
      vertex 29.5125 16.5877 -41.5
      vertex 31.9 19.6 -41.5
      vertex 29.624 16.5132 -41.5
    endloop
  endfacet
  facet normal 0 0 -1
    outer loop
      vertex 29.3923 16.647 -41.5
      vertex 31.9 19.6 -41.5
      vertex 29.5125 16.5877 -41.5
    endloop
  endfacet
  facet normal 0 0 -1
    outer loop
      vertex 29.2653 16.6901 -41.5
      vertex 31.9 19.6 -41.5
      vertex 29.3923 16.647 -41.5
    endloop
  endfacet
  facet normal 0 0 -1
    outer loop
      vertex 28.7 16.975 -41.5
      vertex 29.2653 16.6901 -41.5
      vertex 29.1338 16.7162 -41.5
    endloop
  endfacet
  facet normal 0 0 -1
    outer loop
      vertex 28.7 16.975 -41.5
      vertex 29.1338 16.7162 -41.5
      vertex 29 16.725 -41.5
    endloop
  endfacet
  facet normal 0 0 -1
    outer loop
      vertex 28.7 16.975 -41.5
      vertex 29 16.725 -41.5
      vertex 28.8662 16.7162 -41.5
    endloop
  endfacet
  facet normal 0 0 -1
    outer loop
      vertex 28.7 16.975 -41.5
      vertex 28.8662 16.7162 -41.5
      vertex 28.7347 16.6901 -41.5
    endloop
  endfacet
  facet normal 0 0 -1
    outer loop
      vertex 28.7 16.975 -41.5
      vertex 28.7347 16.6901 -41.5
      vertex 28.7 16.6783 -41.5
    endloop
  endfacet
  facet normal 0 0 -1
    outer loop
      vertex 29.2653 16.6901 -41.5
      vertex 28.7 16.975 -41.5
      vertex 31.9 19.6 -41.5
    endloop
  endfacet
  facet normal 0 0 -1
    outer loop
      vertex 26.1 19.6 -41.5
      vertex 28.7 16.975 -41.5
      vertex 26.1 16.975 -41.5
    endloop
  endfacet
  facet normal 0 0 -1
    outer loop
      vertex 28.7 16.975 -41.5
      vertex 26.1 19.6 -41.5
      vertex 31.9 19.6 -41.5
    endloop
  endfacet
  facet normal -0 0 -1
    outer loop
      vertex 28.7347 14.7099 -41.5
      vertex 28.7 14.425 -41.5
      vertex 28.7 14.7217 -41.5
    endloop
  endfacet
  facet normal 0 0 1
    outer loop
      vertex 31.9 19.6 -34.5
      vertex 30.025 15.7 -34.5
      vertex 31.9 12.1 -34.5
    endloop
  endfacet
  facet normal 0 0 1
    outer loop
      vertex 31.9 19.6 -34.5
      vertex 30.0162 15.8338 -34.5
      vertex 30.025 15.7 -34.5
    endloop
  endfacet
  facet normal 0 0 1
    outer loop
      vertex 31.9 19.6 -34.5
      vertex 29.9901 15.9653 -34.5
      vertex 30.0162 15.8338 -34.5
    endloop
  endfacet
  facet normal 0 0 1
    outer loop
      vertex 31.9 19.6 -34.5
      vertex 29.947 16.0923 -34.5
      vertex 29.9901 15.9653 -34.5
    endloop
  endfacet
  facet normal 0 0 1
    outer loop
      vertex 31.9 19.6 -34.5
      vertex 29.8877 16.2125 -34.5
      vertex 29.947 16.0923 -34.5
    endloop
  endfacet
  facet normal 0 0 1
    outer loop
      vertex 31.9 19.6 -34.5
      vertex 29.8132 16.324 -34.5
      vertex 29.8877 16.2125 -34.5
    endloop
  endfacet
  facet normal 0 0 1
    outer loop
      vertex 31.9 19.6 -34.5
      vertex 29.7248 16.4248 -34.5
      vertex 29.8132 16.324 -34.5
    endloop
  endfacet
  facet normal 0 0 1
    outer loop
      vertex 31.9 19.6 -34.5
      vertex 29.624 16.5132 -34.5
      vertex 29.7248 16.4248 -34.5
    endloop
  endfacet
  facet normal 0 0 1
    outer loop
      vertex 31.9 19.6 -34.5
      vertex 29.5125 16.5877 -34.5
      vertex 29.624 16.5132 -34.5
    endloop
  endfacet
  facet normal 0 0 1
    outer loop
      vertex 31.9 19.6 -34.5
      vertex 29.3923 16.647 -34.5
      vertex 29.5125 16.5877 -34.5
    endloop
  endfacet
  facet normal 0 0 1
    outer loop
      vertex 31.9 19.6 -34.5
      vertex 29.2653 16.6901 -34.5
      vertex 29.3923 16.647 -34.5
    endloop
  endfacet
  facet normal -0 0 1
    outer loop
      vertex 28.7 16.975 -34.5
      vertex 29.2653 16.6901 -34.5
      vertex 31.9 19.6 -34.5
    endloop
  endfacet
  facet normal 0 0 1
    outer loop
      vertex 29.2653 16.6901 -34.5
      vertex 28.7 16.975 -34.5
      vertex 29.1338 16.7162 -34.5
    endloop
  endfacet
  facet normal 0 0 1
    outer loop
      vertex 29.1338 16.7162 -34.5
      vertex 28.7 16.975 -34.5
      vertex 29 16.725 -34.5
    endloop
  endfacet
  facet normal 0 0 1
    outer loop
      vertex 29 16.725 -34.5
      vertex 28.7 16.975 -34.5
      vertex 28.8662 16.7162 -34.5
    endloop
  endfacet
  facet normal 0 0 1
    outer loop
      vertex 28.8662 16.7162 -34.5
      vertex 28.7 16.975 -34.5
      vertex 28.7347 16.6901 -34.5
    endloop
  endfacet
  facet normal -0 0 1
    outer loop
      vertex 26.1 19.6 -34.5
      vertex 28.7 16.975 -34.5
      vertex 31.9 19.6 -34.5
    endloop
  endfacet
  facet normal 0 0 1
    outer loop
      vertex 28.7 16.975 -34.5
      vertex 26.1 19.6 -34.5
      vertex 26.1 16.975 -34.5
    endloop
  endfacet
  facet normal -0 0 1
    outer loop
      vertex 30.0162 15.5662 -34.5
      vertex 31.9 12.1 -34.5
      vertex 30.025 15.7 -34.5
    endloop
  endfacet
  facet normal -0 0 1
    outer loop
      vertex 29.9901 15.4347 -34.5
      vertex 31.9 12.1 -34.5
      vertex 30.0162 15.5662 -34.5
    endloop
  endfacet
  facet normal -0 0 1
    outer loop
      vertex 29.947 15.3077 -34.5
      vertex 31.9 12.1 -34.5
      vertex 29.9901 15.4347 -34.5
    endloop
  endfacet
  facet normal -0 0 1
    outer loop
      vertex 29.8877 15.1875 -34.5
      vertex 31.9 12.1 -34.5
      vertex 29.947 15.3077 -34.5
    endloop
  endfacet
  facet normal -0 0 1
    outer loop
      vertex 29.8132 15.076 -34.5
      vertex 31.9 12.1 -34.5
      vertex 29.8877 15.1875 -34.5
    endloop
  endfacet
  facet normal -0 0 1
    outer loop
      vertex 29.7248 14.9752 -34.5
      vertex 31.9 12.1 -34.5
      vertex 29.8132 15.076 -34.5
    endloop
  endfacet
  facet normal -0 0 1
    outer loop
      vertex 29.624 14.8868 -34.5
      vertex 31.9 12.1 -34.5
      vertex 29.7248 14.9752 -34.5
    endloop
  endfacet
  facet normal -0 0 1
    outer loop
      vertex 29.5125 14.8123 -34.5
      vertex 31.9 12.1 -34.5
      vertex 29.624 14.8868 -34.5
    endloop
  endfacet
  facet normal -0 0 1
    outer loop
      vertex 29.3923 14.753 -34.5
      vertex 31.9 12.1 -34.5
      vertex 29.5125 14.8123 -34.5
    endloop
  endfacet
  facet normal -0 0 1
    outer loop
      vertex 29.2653 14.7099 -34.5
      vertex 31.9 12.1 -34.5
      vertex 29.3923 14.753 -34.5
    endloop
  endfacet
  facet normal 0 0 1
    outer loop
      vertex 28.7 14.425 -34.5
      vertex 29.2653 14.7099 -34.5
      vertex 29.1338 14.6838 -34.5
    endloop
  endfacet
  facet normal 0 0 1
    outer loop
      vertex 28.7 14.425 -34.5
      vertex 29.1338 14.6838 -34.5
      vertex 29 14.675 -34.5
    endloop
  endfacet
  facet normal 0 0 1
    outer loop
      vertex 28.7 14.425 -34.5
      vertex 29 14.675 -34.5
      vertex 28.8662 14.6838 -34.5
    endloop
  endfacet
  facet normal 0 0 1
    outer loop
      vertex 28.7 14.425 -34.5
      vertex 28.8662 14.6838 -34.5
      vertex 28.7347 14.7099 -34.5
    endloop
  endfacet
  facet normal 0 0 1
    outer loop
      vertex 28.7 14.425 -34.5
      vertex 28.7347 14.7099 -34.5
      vertex 28.7 14.7217 -34.5
    endloop
  endfacet
  facet normal 0 0 1
    outer loop
      vertex 29.2653 14.7099 -34.5
      vertex 28.7 14.425 -34.5
      vertex 31.9 12.1 -34.5
    endloop
  endfacet
  facet normal 0 0 1
    outer loop
      vertex 26.1 12.1 -34.5
      vertex 28.7 14.425 -34.5
      vertex 26.1 14.425 -34.5
    endloop
  endfacet
  facet normal 0 0 1
    outer loop
      vertex 28.7 14.425 -34.5
      vertex 26.1 12.1 -34.5
      vertex 31.9 12.1 -34.5
    endloop
  endfacet
  facet normal 0 0 1
    outer loop
      vertex 28.7347 16.6901 -34.5
      vertex 28.7 16.975 -34.5
      vertex 28.7 16.6783 -34.5
    endloop
  endfacet
  facet normal 1 -0 0
    outer loop
      vertex 31.9 12.1 -34.5
      vertex 31.9 19.6 -41.5
      vertex 31.9 19.6 -34.5
    endloop
  endfacet
  facet normal 1 0 0
    outer loop
      vertex 31.9 19.6 -41.5
      vertex 31.9 12.1 -34.5
      vertex 31.9 12.1 -41.5
    endloop
  endfacet
  facet normal -1 0 0
    outer loop
      vertex 26.1 12.1 -41.5
      vertex 26.1 14.425 -34.5
      vertex 26.1 14.425 -41.5
    endloop
  endfacet
  facet normal -1 -0 0
    outer loop
      vertex 26.1 14.425 -34.5
      vertex 26.1 12.1 -41.5
      vertex 26.1 12.1 -34.5
    endloop
  endfacet
  facet normal -1 0 0
    outer loop
      vertex 26.1 16.975 -41.5
      vertex 26.1 19.6 -34.5
      vertex 26.1 19.6 -41.5
    endloop
  endfacet
  facet normal -1 -0 0
    outer loop
      vertex 26.1 19.6 -34.5
      vertex 26.1 16.975 -41.5
      vertex 26.1 16.975 -34.5
    endloop
  endfacet
  facet normal 0.065628 -0.997844 0
    outer loop
      vertex 28.8662 16.7162 -41.5
      vertex 29 16.725 -34.5
      vertex 28.8662 16.7162 -34.5
    endloop
  endfacet
  facet normal 0.065628 -0.997844 0
    outer loop
      vertex 29 16.725 -34.5
      vertex 28.8662 16.7162 -41.5
      vertex 29 16.725 -41.5
    endloop
  endfacet
  facet normal -0.194681 0.980867 0
    outer loop
      vertex 29.2653 14.7099 -41.5
      vertex 29.1338 14.6838 -34.5
      vertex 29.2653 14.7099 -34.5
    endloop
  endfacet
  facet normal -0.194681 0.980867 0
    outer loop
      vertex 29.1338 14.6838 -34.5
      vertex 29.2653 14.7099 -41.5
      vertex 29.1338 14.6838 -41.5
    endloop
  endfacet
  facet normal -0.980867 -0.194681 0
    outer loop
      vertex 30.0162 15.8338 -41.5
      vertex 29.9901 15.9653 -34.5
      vertex 29.9901 15.9653 -41.5
    endloop
  endfacet
  facet normal -0.980867 -0.194681 0
    outer loop
      vertex 29.9901 15.9653 -34.5
      vertex 30.0162 15.8338 -41.5
      vertex 30.0162 15.8338 -34.5
    endloop
  endfacet
  facet normal -0.997844 -0.065628 0
    outer loop
      vertex 30.025 15.7 -41.5
      vertex 30.0162 15.8338 -34.5
      vertex 30.0162 15.8338 -41.5
    endloop
  endfacet
  facet normal -0.997844 -0.065628 0
    outer loop
      vertex 30.0162 15.8338 -34.5
      vertex 30.025 15.7 -41.5
      vertex 30.025 15.7 -34.5
    endloop
  endfacet
  facet normal -0.065628 0.997844 0
    outer loop
      vertex 29.1338 14.6838 -41.5
      vertex 29 14.675 -34.5
      vertex 29.1338 14.6838 -34.5
    endloop
  endfacet
  facet normal -0.065628 0.997844 0
    outer loop
      vertex 29 14.675 -34.5
      vertex 29.1338 14.6838 -41.5
      vertex 29 14.675 -41.5
    endloop
  endfacet
  facet normal -0.831476 -0.55556 0
    outer loop
      vertex 29.8877 16.2125 -41.5
      vertex 29.8132 16.324 -34.5
      vertex 29.8132 16.324 -41.5
    endloop
  endfacet
  facet normal -0.831476 -0.55556 0
    outer loop
      vertex 29.8132 16.324 -34.5
      vertex 29.8877 16.2125 -41.5
      vertex 29.8877 16.2125 -34.5
    endloop
  endfacet
  facet normal -0.980867 0.194681 0
    outer loop
      vertex 29.9901 15.4347 -41.5
      vertex 30.0162 15.5662 -34.5
      vertex 30.0162 15.5662 -41.5
    endloop
  endfacet
  facet normal -0.980867 0.194681 0
    outer loop
      vertex 30.0162 15.5662 -34.5
      vertex 29.9901 15.4347 -41.5
      vertex 29.9901 15.4347 -34.5
    endloop
  endfacet
  facet normal -0.896802 -0.442432 0
    outer loop
      vertex 29.947 16.0923 -41.5
      vertex 29.8877 16.2125 -34.5
      vertex 29.8877 16.2125 -41.5
    endloop
  endfacet
  facet normal -0.896802 -0.442432 0
    outer loop
      vertex 29.8877 16.2125 -34.5
      vertex 29.947 16.0923 -41.5
      vertex 29.947 16.0923 -34.5
    endloop
  endfacet
  facet normal -0.55556 -0.831476 0
    outer loop
      vertex 29.5125 16.5877 -41.5
      vertex 29.624 16.5132 -34.5
      vertex 29.5125 16.5877 -34.5
    endloop
  endfacet
  facet normal -0.55556 -0.831476 -0
    outer loop
      vertex 29.624 16.5132 -34.5
      vertex 29.5125 16.5877 -41.5
      vertex 29.624 16.5132 -41.5
    endloop
  endfacet
  facet normal -0.946954 0.321368 0
    outer loop
      vertex 29.947 15.3077 -41.5
      vertex 29.9901 15.4347 -34.5
      vertex 29.9901 15.4347 -41.5
    endloop
  endfacet
  facet normal -0.946954 0.321368 0
    outer loop
      vertex 29.9901 15.4347 -34.5
      vertex 29.947 15.3077 -41.5
      vertex 29.947 15.3077 -34.5
    endloop
  endfacet
  facet normal -0.659349 0.751837 0
    outer loop
      vertex 29.7248 14.9752 -41.5
      vertex 29.624 14.8868 -34.5
      vertex 29.7248 14.9752 -34.5
    endloop
  endfacet
  facet normal -0.659349 0.751837 0
    outer loop
      vertex 29.624 14.8868 -34.5
      vertex 29.7248 14.9752 -41.5
      vertex 29.624 14.8868 -41.5
    endloop
  endfacet
  facet normal -0.751837 -0.659349 0
    outer loop
      vertex 29.8132 16.324 -41.5
      vertex 29.7248 16.4248 -34.5
      vertex 29.7248 16.4248 -41.5
    endloop
  endfacet
  facet normal -0.751837 -0.659349 0
    outer loop
      vertex 29.7248 16.4248 -34.5
      vertex 29.8132 16.324 -41.5
      vertex 29.8132 16.324 -34.5
    endloop
  endfacet
  facet normal -0.321368 -0.946954 0
    outer loop
      vertex 29.2653 16.6901 -41.5
      vertex 29.3923 16.647 -34.5
      vertex 29.2653 16.6901 -34.5
    endloop
  endfacet
  facet normal -0.321368 -0.946954 -0
    outer loop
      vertex 29.3923 16.647 -34.5
      vertex 29.2653 16.6901 -41.5
      vertex 29.3923 16.647 -41.5
    endloop
  endfacet
  facet normal -0.442432 0.896802 0
    outer loop
      vertex 29.5125 14.8123 -41.5
      vertex 29.3923 14.753 -34.5
      vertex 29.5125 14.8123 -34.5
    endloop
  endfacet
  facet normal -0.442432 0.896802 0
    outer loop
      vertex 29.3923 14.753 -34.5
      vertex 29.5125 14.8123 -41.5
      vertex 29.3923 14.753 -41.5
    endloop
  endfacet
  facet normal -0.065628 -0.997844 0
    outer loop
      vertex 29 16.725 -41.5
      vertex 29.1338 16.7162 -34.5
      vertex 29 16.725 -34.5
    endloop
  endfacet
  facet normal -0.065628 -0.997844 -0
    outer loop
      vertex 29.1338 16.7162 -34.5
      vertex 29 16.725 -41.5
      vertex 29.1338 16.7162 -41.5
    endloop
  endfacet
  facet normal -0.751837 0.659349 0
    outer loop
      vertex 29.7248 14.9752 -41.5
      vertex 29.8132 15.076 -34.5
      vertex 29.8132 15.076 -41.5
    endloop
  endfacet
  facet normal -0.751837 0.659349 0
    outer loop
      vertex 29.8132 15.076 -34.5
      vertex 29.7248 14.9752 -41.5
      vertex 29.7248 14.9752 -34.5
    endloop
  endfacet
  facet normal -0.831476 0.55556 0
    outer loop
      vertex 29.8132 15.076 -41.5
      vertex 29.8877 15.1875 -34.5
      vertex 29.8877 15.1875 -41.5
    endloop
  endfacet
  facet normal -0.831476 0.55556 0
    outer loop
      vertex 29.8877 15.1875 -34.5
      vertex 29.8132 15.076 -41.5
      vertex 29.8132 15.076 -34.5
    endloop
  endfacet
  facet normal -0.997844 0.065628 0
    outer loop
      vertex 30.0162 15.5662 -41.5
      vertex 30.025 15.7 -34.5
      vertex 30.025 15.7 -41.5
    endloop
  endfacet
  facet normal -0.997844 0.065628 0
    outer loop
      vertex 30.025 15.7 -34.5
      vertex 30.0162 15.5662 -41.5
      vertex 30.0162 15.5662 -34.5
    endloop
  endfacet
  facet normal 0.065628 0.997844 -0
    outer loop
      vertex 29 14.675 -41.5
      vertex 28.8662 14.6838 -34.5
      vertex 29 14.675 -34.5
    endloop
  endfacet
  facet normal 0.065628 0.997844 0
    outer loop
      vertex 28.8662 14.6838 -34.5
      vertex 29 14.675 -41.5
      vertex 28.8662 14.6838 -41.5
    endloop
  endfacet
  facet normal -0.896802 0.442432 0
    outer loop
      vertex 29.8877 15.1875 -41.5
      vertex 29.947 15.3077 -34.5
      vertex 29.947 15.3077 -41.5
    endloop
  endfacet
  facet normal -0.896802 0.442432 0
    outer loop
      vertex 29.947 15.3077 -34.5
      vertex 29.8877 15.1875 -41.5
      vertex 29.8877 15.1875 -34.5
    endloop
  endfacet
  facet normal 0.194681 -0.980867 0
    outer loop
      vertex 28.7347 16.6901 -41.5
      vertex 28.8662 16.7162 -34.5
      vertex 28.7347 16.6901 -34.5
    endloop
  endfacet
  facet normal 0.194681 -0.980867 0
    outer loop
      vertex 28.8662 16.7162 -34.5
      vertex 28.7347 16.6901 -41.5
      vertex 28.8662 16.7162 -41.5
    endloop
  endfacet
  facet normal -0.442432 -0.896802 0
    outer loop
      vertex 29.3923 16.647 -41.5
      vertex 29.5125 16.5877 -34.5
      vertex 29.3923 16.647 -34.5
    endloop
  endfacet
  facet normal -0.442432 -0.896802 -0
    outer loop
      vertex 29.5125 16.5877 -34.5
      vertex 29.3923 16.647 -41.5
      vertex 29.5125 16.5877 -41.5
    endloop
  endfacet
  facet normal -0.946954 -0.321368 0
    outer loop
      vertex 29.9901 15.9653 -41.5
      vertex 29.947 16.0923 -34.5
      vertex 29.947 16.0923 -41.5
    endloop
  endfacet
  facet normal -0.946954 -0.321368 0
    outer loop
      vertex 29.947 16.0923 -34.5
      vertex 29.9901 15.9653 -41.5
      vertex 29.9901 15.9653 -34.5
    endloop
  endfacet
  facet normal -0.55556 0.831476 0
    outer loop
      vertex 29.624 14.8868 -41.5
      vertex 29.5125 14.8123 -34.5
      vertex 29.624 14.8868 -34.5
    endloop
  endfacet
  facet normal -0.55556 0.831476 0
    outer loop
      vertex 29.5125 14.8123 -34.5
      vertex 29.624 14.8868 -41.5
      vertex 29.5125 14.8123 -41.5
    endloop
  endfacet
  facet normal -0.659349 -0.751837 0
    outer loop
      vertex 29.624 16.5132 -41.5
      vertex 29.7248 16.4248 -34.5
      vertex 29.624 16.5132 -34.5
    endloop
  endfacet
  facet normal -0.659349 -0.751837 -0
    outer loop
      vertex 29.7248 16.4248 -34.5
      vertex 29.624 16.5132 -41.5
      vertex 29.7248 16.4248 -41.5
    endloop
  endfacet
  facet normal -0.194681 -0.980867 0
    outer loop
      vertex 29.1338 16.7162 -41.5
      vertex 29.2653 16.6901 -34.5
      vertex 29.1338 16.7162 -34.5
    endloop
  endfacet
  facet normal -0.194681 -0.980867 -0
    outer loop
      vertex 29.2653 16.6901 -34.5
      vertex 29.1338 16.7162 -41.5
      vertex 29.2653 16.6901 -41.5
    endloop
  endfacet
  facet normal 0.321952 -0.946756 0
    outer loop
      vertex 28.7 16.6783 -41.5
      vertex 28.7347 16.6901 -34.5
      vertex 28.7 16.6783 -34.5
    endloop
  endfacet
  facet normal 0.321952 -0.946756 0
    outer loop
      vertex 28.7347 16.6901 -34.5
      vertex 28.7 16.6783 -41.5
      vertex 28.7347 16.6901 -41.5
    endloop
  endfacet
  facet normal -0.321368 0.946954 0
    outer loop
      vertex 29.3923 14.753 -41.5
      vertex 29.2653 14.7099 -34.5
      vertex 29.3923 14.753 -34.5
    endloop
  endfacet
  facet normal -0.321368 0.946954 0
    outer loop
      vertex 29.2653 14.7099 -34.5
      vertex 29.3923 14.753 -41.5
      vertex 29.2653 14.7099 -41.5
    endloop
  endfacet
  facet normal 0.194681 0.980867 -0
    outer loop
      vertex 28.8662 14.6838 -41.5
      vertex 28.7347 14.7099 -34.5
      vertex 28.8662 14.6838 -34.5
    endloop
  endfacet
  facet normal 0.194681 0.980867 0
    outer loop
      vertex 28.7347 14.7099 -34.5
      vertex 28.8662 14.6838 -41.5
      vertex 28.7347 14.7099 -41.5
    endloop
  endfacet
  facet normal 0.321952 0.946756 -0
    outer loop
      vertex 28.7347 14.7099 -41.5
      vertex 28.7 14.7217 -34.5
      vertex 28.7347 14.7099 -34.5
    endloop
  endfacet
  facet normal 0.321952 0.946756 0
    outer loop
      vertex 28.7 14.7217 -34.5
      vertex 28.7347 14.7099 -41.5
      vertex 28.7 14.7217 -41.5
    endloop
  endfacet
  facet normal -1 0 0
    outer loop
      vertex 28.7 14.425 -41.5
      vertex 28.7 14.7217 -34.5
      vertex 28.7 14.7217 -41.5
    endloop
  endfacet
  facet normal -1 -0 0
    outer loop
      vertex 28.7 14.7217 -34.5
      vertex 28.7 14.425 -41.5
      vertex 28.7 14.425 -34.5
    endloop
  endfacet
  facet normal -1 0 0
    outer loop
      vertex 28.7 16.6783 -41.5
      vertex 28.7 16.975 -34.5
      vertex 28.7 16.975 -41.5
    endloop
  endfacet
  facet normal -1 -0 0
    outer loop
      vertex 28.7 16.975 -34.5
      vertex 28.7 16.6783 -41.5
      vertex 28.7 16.6783 -34.5
    endloop
  endfacet
  facet normal 0 -1 0
    outer loop
      vertex 26.1 16.975 -41.5
      vertex 28.7 16.975 -34.5
      vertex 26.1 16.975 -34.5
    endloop
  endfacet
  facet normal 0 -1 -0
    outer loop
      vertex 28.7 16.975 -34.5
      vertex 26.1 16.975 -41.5
      vertex 28.7 16.975 -41.5
    endloop
  endfacet
  facet normal 0 1 -0
    outer loop
      vertex 28.7 14.425 -41.5
      vertex 26.1 14.425 -34.5
      vertex 28.7 14.425 -34.5
    endloop
  endfacet
  facet normal 0 1 0
    outer loop
      vertex 26.1 14.425 -34.5
      vertex 28.7 14.425 -41.5
      vertex 26.1 14.425 -41.5
    endloop
  endfacet
  facet normal 0 -1 0
    outer loop
      vertex 26.1 12.1 -23.5
      vertex 31.9 12.1 -16.5
      vertex 26.1 12.1 -16.5
    endloop
  endfacet
  facet normal 0 -1 -0
    outer loop
      vertex 31.9 12.1 -16.5
      vertex 26.1 12.1 -23.5
      vertex 31.9 12.1 -23.5
    endloop
  endfacet
  facet normal 0 0 -1
    outer loop
      vertex 31.9 12.1 -23.5
      vertex 30.025 15.7 -23.5
      vertex 31.9 19.6 -23.5
    endloop
  endfacet
  facet normal 0 0 -1
    outer loop
      vertex 31.9 12.1 -23.5
      vertex 30.0162 15.5662 -23.5
      vertex 30.025 15.7 -23.5
    endloop
  endfacet
  facet normal 0 0 -1
    outer loop
      vertex 31.9 12.1 -23.5
      vertex 29.9901 15.4347 -23.5
      vertex 30.0162 15.5662 -23.5
    endloop
  endfacet
  facet normal 0 0 -1
    outer loop
      vertex 31.9 12.1 -23.5
      vertex 29.947 15.3077 -23.5
      vertex 29.9901 15.4347 -23.5
    endloop
  endfacet
  facet normal 0 0 -1
    outer loop
      vertex 31.9 12.1 -23.5
      vertex 29.8877 15.1875 -23.5
      vertex 29.947 15.3077 -23.5
    endloop
  endfacet
  facet normal 0 0 -1
    outer loop
      vertex 31.9 12.1 -23.5
      vertex 29.8132 15.076 -23.5
      vertex 29.8877 15.1875 -23.5
    endloop
  endfacet
  facet normal 0 0 -1
    outer loop
      vertex 31.9 12.1 -23.5
      vertex 29.7248 14.9752 -23.5
      vertex 29.8132 15.076 -23.5
    endloop
  endfacet
  facet normal 0 0 -1
    outer loop
      vertex 31.9 12.1 -23.5
      vertex 29.624 14.8868 -23.5
      vertex 29.7248 14.9752 -23.5
    endloop
  endfacet
  facet normal 0 0 -1
    outer loop
      vertex 31.9 12.1 -23.5
      vertex 29.5125 14.8123 -23.5
      vertex 29.624 14.8868 -23.5
    endloop
  endfacet
  facet normal 0 0 -1
    outer loop
      vertex 31.9 12.1 -23.5
      vertex 29.3923 14.753 -23.5
      vertex 29.5125 14.8123 -23.5
    endloop
  endfacet
  facet normal 0 0 -1
    outer loop
      vertex 31.9 12.1 -23.5
      vertex 29.2653 14.7099 -23.5
      vertex 29.3923 14.753 -23.5
    endloop
  endfacet
  facet normal 0 0 -1
    outer loop
      vertex 28.7 14.425 -23.5
      vertex 29.2653 14.7099 -23.5
      vertex 31.9 12.1 -23.5
    endloop
  endfacet
  facet normal 0 0 -1
    outer loop
      vertex 29.2653 14.7099 -23.5
      vertex 28.7 14.425 -23.5
      vertex 29.1338 14.6838 -23.5
    endloop
  endfacet
  facet normal 0 0 -1
    outer loop
      vertex 29.1338 14.6838 -23.5
      vertex 28.7 14.425 -23.5
      vertex 29 14.675 -23.5
    endloop
  endfacet
  facet normal -0 0 -1
    outer loop
      vertex 29 14.675 -23.5
      vertex 28.7 14.425 -23.5
      vertex 28.8662 14.6838 -23.5
    endloop
  endfacet
  facet normal -0 0 -1
    outer loop
      vertex 28.8662 14.6838 -23.5
      vertex 28.7 14.425 -23.5
      vertex 28.7347 14.7099 -23.5
    endloop
  endfacet
  facet normal 0 0 -1
    outer loop
      vertex 26.1 12.1 -23.5
      vertex 28.7 14.425 -23.5
      vertex 31.9 12.1 -23.5
    endloop
  endfacet
  facet normal -0 0 -1
    outer loop
      vertex 28.7 14.425 -23.5
      vertex 26.1 12.1 -23.5
      vertex 26.1 14.425 -23.5
    endloop
  endfacet
  facet normal 0 0 -1
    outer loop
      vertex 30.0162 15.8338 -23.5
      vertex 31.9 19.6 -23.5
      vertex 30.025 15.7 -23.5
    endloop
  endfacet
  facet normal 0 0 -1
    outer loop
      vertex 29.9901 15.9653 -23.5
      vertex 31.9 19.6 -23.5
      vertex 30.0162 15.8338 -23.5
    endloop
  endfacet
  facet normal 0 0 -1
    outer loop
      vertex 29.947 16.0923 -23.5
      vertex 31.9 19.6 -23.5
      vertex 29.9901 15.9653 -23.5
    endloop
  endfacet
  facet normal 0 0 -1
    outer loop
      vertex 29.8877 16.2125 -23.5
      vertex 31.9 19.6 -23.5
      vertex 29.947 16.0923 -23.5
    endloop
  endfacet
  facet normal 0 0 -1
    outer loop
      vertex 29.8132 16.324 -23.5
      vertex 31.9 19.6 -23.5
      vertex 29.8877 16.2125 -23.5
    endloop
  endfacet
  facet normal 0 0 -1
    outer loop
      vertex 29.7248 16.4248 -23.5
      vertex 31.9 19.6 -23.5
      vertex 29.8132 16.324 -23.5
    endloop
  endfacet
  facet normal 0 0 -1
    outer loop
      vertex 29.624 16.5132 -23.5
      vertex 31.9 19.6 -23.5
      vertex 29.7248 16.4248 -23.5
    endloop
  endfacet
  facet normal 0 0 -1
    outer loop
      vertex 29.5125 16.5877 -23.5
      vertex 31.9 19.6 -23.5
      vertex 29.624 16.5132 -23.5
    endloop
  endfacet
  facet normal 0 0 -1
    outer loop
      vertex 29.3923 16.647 -23.5
      vertex 31.9 19.6 -23.5
      vertex 29.5125 16.5877 -23.5
    endloop
  endfacet
  facet normal 0 0 -1
    outer loop
      vertex 29.2653 16.6901 -23.5
      vertex 31.9 19.6 -23.5
      vertex 29.3923 16.647 -23.5
    endloop
  endfacet
  facet normal 0 0 -1
    outer loop
      vertex 28.7 16.975 -23.5
      vertex 29.2653 16.6901 -23.5
      vertex 29.1338 16.7162 -23.5
    endloop
  endfacet
  facet normal 0 0 -1
    outer loop
      vertex 28.7 16.975 -23.5
      vertex 29.1338 16.7162 -23.5
      vertex 29 16.725 -23.5
    endloop
  endfacet
  facet normal 0 0 -1
    outer loop
      vertex 28.7 16.975 -23.5
      vertex 29 16.725 -23.5
      vertex 28.8662 16.7162 -23.5
    endloop
  endfacet
  facet normal 0 0 -1
    outer loop
      vertex 28.7 16.975 -23.5
      vertex 28.8662 16.7162 -23.5
      vertex 28.7347 16.6901 -23.5
    endloop
  endfacet
  facet normal 0 0 -1
    outer loop
      vertex 28.7 16.975 -23.5
      vertex 28.7347 16.6901 -23.5
      vertex 28.7 16.6783 -23.5
    endloop
  endfacet
  facet normal 0 0 -1
    outer loop
      vertex 29.2653 16.6901 -23.5
      vertex 28.7 16.975 -23.5
      vertex 31.9 19.6 -23.5
    endloop
  endfacet
  facet normal 0 0 -1
    outer loop
      vertex 26.1 19.6 -23.5
      vertex 28.7 16.975 -23.5
      vertex 26.1 16.975 -23.5
    endloop
  endfacet
  facet normal 0 0 -1
    outer loop
      vertex 28.7 16.975 -23.5
      vertex 26.1 19.6 -23.5
      vertex 31.9 19.6 -23.5
    endloop
  endfacet
  facet normal -0 0 -1
    outer loop
      vertex 28.7347 14.7099 -23.5
      vertex 28.7 14.425 -23.5
      vertex 28.7 14.7217 -23.5
    endloop
  endfacet
  facet normal 0 0 1
    outer loop
      vertex 31.9 19.6 -16.5
      vertex 30.025 15.7 -16.5
      vertex 31.9 12.1 -16.5
    endloop
  endfacet
  facet normal 0 0 1
    outer loop
      vertex 31.9 19.6 -16.5
      vertex 30.0162 15.8338 -16.5
      vertex 30.025 15.7 -16.5
    endloop
  endfacet
  facet normal 0 0 1
    outer loop
      vertex 31.9 19.6 -16.5
      vertex 29.9901 15.9653 -16.5
      vertex 30.0162 15.8338 -16.5
    endloop
  endfacet
  facet normal 0 0 1
    outer loop
      vertex 31.9 19.6 -16.5
      vertex 29.947 16.0923 -16.5
      vertex 29.9901 15.9653 -16.5
    endloop
  endfacet
  facet normal 0 0 1
    outer loop
      vertex 31.9 19.6 -16.5
      vertex 29.8877 16.2125 -16.5
      vertex 29.947 16.0923 -16.5
    endloop
  endfacet
  facet normal 0 0 1
    outer loop
      vertex 31.9 19.6 -16.5
      vertex 29.8132 16.324 -16.5
      vertex 29.8877 16.2125 -16.5
    endloop
  endfacet
  facet normal 0 0 1
    outer loop
      vertex 31.9 19.6 -16.5
      vertex 29.7248 16.4248 -16.5
      vertex 29.8132 16.324 -16.5
    endloop
  endfacet
  facet normal 0 0 1
    outer loop
      vertex 31.9 19.6 -16.5
      vertex 29.624 16.5132 -16.5
      vertex 29.7248 16.4248 -16.5
    endloop
  endfacet
  facet normal 0 0 1
    outer loop
      vertex 31.9 19.6 -16.5
      vertex 29.5125 16.5877 -16.5
      vertex 29.624 16.5132 -16.5
    endloop
  endfacet
  facet normal 0 0 1
    outer loop
      vertex 31.9 19.6 -16.5
      vertex 29.3923 16.647 -16.5
      vertex 29.5125 16.5877 -16.5
    endloop
  endfacet
  facet normal 0 0 1
    outer loop
      vertex 31.9 19.6 -16.5
      vertex 29.2653 16.6901 -16.5
      vertex 29.3923 16.647 -16.5
    endloop
  endfacet
  facet normal -0 0 1
    outer loop
      vertex 28.7 16.975 -16.5
      vertex 29.2653 16.6901 -16.5
      vertex 31.9 19.6 -16.5
    endloop
  endfacet
  facet normal 0 0 1
    outer loop
      vertex 29.2653 16.6901 -16.5
      vertex 28.7 16.975 -16.5
      vertex 29.1338 16.7162 -16.5
    endloop
  endfacet
  facet normal 0 0 1
    outer loop
      vertex 29.1338 16.7162 -16.5
      vertex 28.7 16.975 -16.5
      vertex 29 16.725 -16.5
    endloop
  endfacet
  facet normal 0 0 1
    outer loop
      vertex 29 16.725 -16.5
      vertex 28.7 16.975 -16.5
      vertex 28.8662 16.7162 -16.5
    endloop
  endfacet
  facet normal 0 0 1
    outer loop
      vertex 28.8662 16.7162 -16.5
      vertex 28.7 16.975 -16.5
      vertex 28.7347 16.6901 -16.5
    endloop
  endfacet
  facet normal -0 0 1
    outer loop
      vertex 26.1 19.6 -16.5
      vertex 28.7 16.975 -16.5
      vertex 31.9 19.6 -16.5
    endloop
  endfacet
  facet normal 0 0 1
    outer loop
      vertex 28.7 16.975 -16.5
      vertex 26.1 19.6 -16.5
      vertex 26.1 16.975 -16.5
    endloop
  endfacet
  facet normal -0 0 1
    outer loop
      vertex 30.0162 15.5662 -16.5
      vertex 31.9 12.1 -16.5
      vertex 30.025 15.7 -16.5
    endloop
  endfacet
  facet normal -0 0 1
    outer loop
      vertex 29.9901 15.4347 -16.5
      vertex 31.9 12.1 -16.5
      vertex 30.0162 15.5662 -16.5
    endloop
  endfacet
  facet normal -0 0 1
    outer loop
      vertex 29.947 15.3077 -16.5
      vertex 31.9 12.1 -16.5
      vertex 29.9901 15.4347 -16.5
    endloop
  endfacet
  facet normal -0 0 1
    outer loop
      vertex 29.8877 15.1875 -16.5
      vertex 31.9 12.1 -16.5
      vertex 29.947 15.3077 -16.5
    endloop
  endfacet
  facet normal -0 0 1
    outer loop
      vertex 29.8132 15.076 -16.5
      vertex 31.9 12.1 -16.5
      vertex 29.8877 15.1875 -16.5
    endloop
  endfacet
  facet normal -0 0 1
    outer loop
      vertex 29.7248 14.9752 -16.5
      vertex 31.9 12.1 -16.5
      vertex 29.8132 15.076 -16.5
    endloop
  endfacet
  facet normal -0 0 1
    outer loop
      vertex 29.624 14.8868 -16.5
      vertex 31.9 12.1 -16.5
      vertex 29.7248 14.9752 -16.5
    endloop
  endfacet
  facet normal -0 0 1
    outer loop
      vertex 29.5125 14.8123 -16.5
      vertex 31.9 12.1 -16.5
      vertex 29.624 14.8868 -16.5
    endloop
  endfacet
  facet normal -0 0 1
    outer loop
      vertex 29.3923 14.753 -16.5
      vertex 31.9 12.1 -16.5
      vertex 29.5125 14.8123 -16.5
    endloop
  endfacet
  facet normal -0 0 1
    outer loop
      vertex 29.2653 14.7099 -16.5
      vertex 31.9 12.1 -16.5
      vertex 29.3923 14.753 -16.5
    endloop
  endfacet
  facet normal 0 0 1
    outer loop
      vertex 28.7 14.425 -16.5
      vertex 29.2653 14.7099 -16.5
      vertex 29.1338 14.6838 -16.5
    endloop
  endfacet
  facet normal 0 0 1
    outer loop
      vertex 28.7 14.425 -16.5
      vertex 29.1338 14.6838 -16.5
      vertex 29 14.675 -16.5
    endloop
  endfacet
  facet normal 0 0 1
    outer loop
      vertex 28.7 14.425 -16.5
      vertex 29 14.675 -16.5
      vertex 28.8662 14.6838 -16.5
    endloop
  endfacet
  facet normal 0 0 1
    outer loop
      vertex 28.7 14.425 -16.5
      vertex 28.8662 14.6838 -16.5
      vertex 28.7347 14.7099 -16.5
    endloop
  endfacet
  facet normal 0 0 1
    outer loop
      vertex 28.7 14.425 -16.5
      vertex 28.7347 14.7099 -16.5
      vertex 28.7 14.7217 -16.5
    endloop
  endfacet
  facet normal 0 0 1
    outer loop
      vertex 29.2653 14.7099 -16.5
      vertex 28.7 14.425 -16.5
      vertex 31.9 12.1 -16.5
    endloop
  endfacet
  facet normal 0 0 1
    outer loop
      vertex 26.1 12.1 -16.5
      vertex 28.7 14.425 -16.5
      vertex 26.1 14.425 -16.5
    endloop
  endfacet
  facet normal 0 0 1
    outer loop
      vertex 28.7 14.425 -16.5
      vertex 26.1 12.1 -16.5
      vertex 31.9 12.1 -16.5
    endloop
  endfacet
  facet normal 0 0 1
    outer loop
      vertex 28.7347 16.6901 -16.5
      vertex 28.7 16.975 -16.5
      vertex 28.7 16.6783 -16.5
    endloop
  endfacet
  facet normal 1 -0 0
    outer loop
      vertex 31.9 12.1 -16.5
      vertex 31.9 19.6 -23.5
      vertex 31.9 19.6 -16.5
    endloop
  endfacet
  facet normal 1 0 0
    outer loop
      vertex 31.9 19.6 -23.5
      vertex 31.9 12.1 -16.5
      vertex 31.9 12.1 -23.5
    endloop
  endfacet
  facet normal -1 0 0
    outer loop
      vertex 26.1 12.1 -23.5
      vertex 26.1 14.425 -16.5
      vertex 26.1 14.425 -23.5
    endloop
  endfacet
  facet normal -1 -0 0
    outer loop
      vertex 26.1 14.425 -16.5
      vertex 26.1 12.1 -23.5
      vertex 26.1 12.1 -16.5
    endloop
  endfacet
  facet normal -1 0 0
    outer loop
      vertex 26.1 16.975 -23.5
      vertex 26.1 19.6 -16.5
      vertex 26.1 19.6 -23.5
    endloop
  endfacet
  facet normal -1 -0 0
    outer loop
      vertex 26.1 19.6 -16.5
      vertex 26.1 16.975 -23.5
      vertex 26.1 16.975 -16.5
    endloop
  endfacet
  facet normal 0.065628 -0.997844 0
    outer loop
      vertex 28.8662 16.7162 -23.5
      vertex 29 16.725 -16.5
      vertex 28.8662 16.7162 -16.5
    endloop
  endfacet
  facet normal 0.065628 -0.997844 0
    outer loop
      vertex 29 16.725 -16.5
      vertex 28.8662 16.7162 -23.5
      vertex 29 16.725 -23.5
    endloop
  endfacet
  facet normal -0.194681 0.980867 0
    outer loop
      vertex 29.2653 14.7099 -23.5
      vertex 29.1338 14.6838 -16.5
      vertex 29.2653 14.7099 -16.5
    endloop
  endfacet
  facet normal -0.194681 0.980867 0
    outer loop
      vertex 29.1338 14.6838 -16.5
      vertex 29.2653 14.7099 -23.5
      vertex 29.1338 14.6838 -23.5
    endloop
  endfacet
  facet normal -0.980867 -0.194681 0
    outer loop
      vertex 30.0162 15.8338 -23.5
      vertex 29.9901 15.9653 -16.5
      vertex 29.9901 15.9653 -23.5
    endloop
  endfacet
  facet normal -0.980867 -0.194681 0
    outer loop
      vertex 29.9901 15.9653 -16.5
      vertex 30.0162 15.8338 -23.5
      vertex 30.0162 15.8338 -16.5
    endloop
  endfacet
  facet normal -0.997844 -0.065628 0
    outer loop
      vertex 30.025 15.7 -23.5
      vertex 30.0162 15.8338 -16.5
      vertex 30.0162 15.8338 -23.5
    endloop
  endfacet
  facet normal -0.997844 -0.065628 0
    outer loop
      vertex 30.0162 15.8338 -16.5
      vertex 30.025 15.7 -23.5
      vertex 30.025 15.7 -16.5
    endloop
  endfacet
  facet normal -0.065628 0.997844 0
    outer loop
      vertex 29.1338 14.6838 -23.5
      vertex 29 14.675 -16.5
      vertex 29.1338 14.6838 -16.5
    endloop
  endfacet
  facet normal -0.065628 0.997844 0
    outer loop
      vertex 29 14.675 -16.5
      vertex 29.1338 14.6838 -23.5
      vertex 29 14.675 -23.5
    endloop
  endfacet
  facet normal -0.831476 -0.55556 0
    outer loop
      vertex 29.8877 16.2125 -23.5
      vertex 29.8132 16.324 -16.5
      vertex 29.8132 16.324 -23.5
    endloop
  endfacet
  facet normal -0.831476 -0.55556 0
    outer loop
      vertex 29.8132 16.324 -16.5
      vertex 29.8877 16.2125 -23.5
      vertex 29.8877 16.2125 -16.5
    endloop
  endfacet
  facet normal -0.980867 0.194681 0
    outer loop
      vertex 29.9901 15.4347 -23.5
      vertex 30.0162 15.5662 -16.5
      vertex 30.0162 15.5662 -23.5
    endloop
  endfacet
  facet normal -0.980867 0.194681 0
    outer loop
      vertex 30.0162 15.5662 -16.5
      vertex 29.9901 15.4347 -23.5
      vertex 29.9901 15.4347 -16.5
    endloop
  endfacet
  facet normal -0.896802 -0.442432 0
    outer loop
      vertex 29.947 16.0923 -23.5
      vertex 29.8877 16.2125 -16.5
      vertex 29.8877 16.2125 -23.5
    endloop
  endfacet
  facet normal -0.896802 -0.442432 0
    outer loop
      vertex 29.8877 16.2125 -16.5
      vertex 29.947 16.0923 -23.5
      vertex 29.947 16.0923 -16.5
    endloop
  endfacet
  facet normal -0.55556 -0.831476 0
    outer loop
      vertex 29.5125 16.5877 -23.5
      vertex 29.624 16.5132 -16.5
      vertex 29.5125 16.5877 -16.5
    endloop
  endfacet
  facet normal -0.55556 -0.831476 -0
    outer loop
      vertex 29.624 16.5132 -16.5
      vertex 29.5125 16.5877 -23.5
      vertex 29.624 16.5132 -23.5
    endloop
  endfacet
  facet normal -0.946954 0.321368 0
    outer loop
      vertex 29.947 15.3077 -23.5
      vertex 29.9901 15.4347 -16.5
      vertex 29.9901 15.4347 -23.5
    endloop
  endfacet
  facet normal -0.946954 0.321368 0
    outer loop
      vertex 29.9901 15.4347 -16.5
      vertex 29.947 15.3077 -23.5
      vertex 29.947 15.3077 -16.5
    endloop
  endfacet
  facet normal -0.659349 0.751837 0
    outer loop
      vertex 29.7248 14.9752 -23.5
      vertex 29.624 14.8868 -16.5
      vertex 29.7248 14.9752 -16.5
    endloop
  endfacet
  facet normal -0.659349 0.751837 0
    outer loop
      vertex 29.624 14.8868 -16.5
      vertex 29.7248 14.9752 -23.5
      vertex 29.624 14.8868 -23.5
    endloop
  endfacet
  facet normal -0.751837 -0.659349 0
    outer loop
      vertex 29.8132 16.324 -23.5
      vertex 29.7248 16.4248 -16.5
      vertex 29.7248 16.4248 -23.5
    endloop
  endfacet
  facet normal -0.751837 -0.659349 0
    outer loop
      vertex 29.7248 16.4248 -16.5
      vertex 29.8132 16.324 -23.5
      vertex 29.8132 16.324 -16.5
    endloop
  endfacet
  facet normal -0.321368 -0.946954 0
    outer loop
      vertex 29.2653 16.6901 -23.5
      vertex 29.3923 16.647 -16.5
      vertex 29.2653 16.6901 -16.5
    endloop
  endfacet
  facet normal -0.321368 -0.946954 -0
    outer loop
      vertex 29.3923 16.647 -16.5
      vertex 29.2653 16.6901 -23.5
      vertex 29.3923 16.647 -23.5
    endloop
  endfacet
  facet normal -0.442432 0.896802 0
    outer loop
      vertex 29.5125 14.8123 -23.5
      vertex 29.3923 14.753 -16.5
      vertex 29.5125 14.8123 -16.5
    endloop
  endfacet
  facet normal -0.442432 0.896802 0
    outer loop
      vertex 29.3923 14.753 -16.5
      vertex 29.5125 14.8123 -23.5
      vertex 29.3923 14.753 -23.5
    endloop
  endfacet
  facet normal -0.065628 -0.997844 0
    outer loop
      vertex 29 16.725 -23.5
      vertex 29.1338 16.7162 -16.5
      vertex 29 16.725 -16.5
    endloop
  endfacet
  facet normal -0.065628 -0.997844 -0
    outer loop
      vertex 29.1338 16.7162 -16.5
      vertex 29 16.725 -23.5
      vertex 29.1338 16.7162 -23.5
    endloop
  endfacet
  facet normal -0.751837 0.659349 0
    outer loop
      vertex 29.7248 14.9752 -23.5
      vertex 29.8132 15.076 -16.5
      vertex 29.8132 15.076 -23.5
    endloop
  endfacet
  facet normal -0.751837 0.659349 0
    outer loop
      vertex 29.8132 15.076 -16.5
      vertex 29.7248 14.9752 -23.5
      vertex 29.7248 14.9752 -16.5
    endloop
  endfacet
  facet normal -0.831476 0.55556 0
    outer loop
      vertex 29.8132 15.076 -23.5
      vertex 29.8877 15.1875 -16.5
      vertex 29.8877 15.1875 -23.5
    endloop
  endfacet
  facet normal -0.831476 0.55556 0
    outer loop
      vertex 29.8877 15.1875 -16.5
      vertex 29.8132 15.076 -23.5
      vertex 29.8132 15.076 -16.5
    endloop
  endfacet
  facet normal -0.997844 0.065628 0
    outer loop
      vertex 30.0162 15.5662 -23.5
      vertex 30.025 15.7 -16.5
      vertex 30.025 15.7 -23.5
    endloop
  endfacet
  facet normal -0.997844 0.065628 0
    outer loop
      vertex 30.025 15.7 -16.5
      vertex 30.0162 15.5662 -23.5
      vertex 30.0162 15.5662 -16.5
    endloop
  endfacet
  facet normal 0.065628 0.997844 -0
    outer loop
      vertex 29 14.675 -23.5
      vertex 28.8662 14.6838 -16.5
      vertex 29 14.675 -16.5
    endloop
  endfacet
  facet normal 0.065628 0.997844 0
    outer loop
      vertex 28.8662 14.6838 -16.5
      vertex 29 14.675 -23.5
      vertex 28.8662 14.6838 -23.5
    endloop
  endfacet
  facet normal -0.896802 0.442432 0
    outer loop
      vertex 29.8877 15.1875 -23.5
      vertex 29.947 15.3077 -16.5
      vertex 29.947 15.3077 -23.5
    endloop
  endfacet
  facet normal -0.896802 0.442432 0
    outer loop
      vertex 29.947 15.3077 -16.5
      vertex 29.8877 15.1875 -23.5
      vertex 29.8877 15.1875 -16.5
    endloop
  endfacet
  facet normal 0.321952 -0.946756 0
    outer loop
      vertex 28.7 16.6783 -23.5
      vertex 28.7347 16.6901 -16.5
      vertex 28.7 16.6783 -16.5
    endloop
  endfacet
  facet normal 0.321952 -0.946756 0
    outer loop
      vertex 28.7347 16.6901 -16.5
      vertex 28.7 16.6783 -23.5
      vertex 28.7347 16.6901 -23.5
    endloop
  endfacet
  facet normal 0.194681 -0.980867 0
    outer loop
      vertex 28.7347 16.6901 -23.5
      vertex 28.8662 16.7162 -16.5
      vertex 28.7347 16.6901 -16.5
    endloop
  endfacet
  facet normal 0.194681 -0.980867 0
    outer loop
      vertex 28.8662 16.7162 -16.5
      vertex 28.7347 16.6901 -23.5
      vertex 28.8662 16.7162 -23.5
    endloop
  endfacet
  facet normal -0.442432 -0.896802 0
    outer loop
      vertex 29.3923 16.647 -23.5
      vertex 29.5125 16.5877 -16.5
      vertex 29.3923 16.647 -16.5
    endloop
  endfacet
  facet normal -0.442432 -0.896802 -0
    outer loop
      vertex 29.5125 16.5877 -16.5
      vertex 29.3923 16.647 -23.5
      vertex 29.5125 16.5877 -23.5
    endloop
  endfacet
  facet normal -0.946954 -0.321368 0
    outer loop
      vertex 29.9901 15.9653 -23.5
      vertex 29.947 16.0923 -16.5
      vertex 29.947 16.0923 -23.5
    endloop
  endfacet
  facet normal -0.946954 -0.321368 0
    outer loop
      vertex 29.947 16.0923 -16.5
      vertex 29.9901 15.9653 -23.5
      vertex 29.9901 15.9653 -16.5
    endloop
  endfacet
  facet normal -0.55556 0.831476 0
    outer loop
      vertex 29.624 14.8868 -23.5
      vertex 29.5125 14.8123 -16.5
      vertex 29.624 14.8868 -16.5
    endloop
  endfacet
  facet normal -0.55556 0.831476 0
    outer loop
      vertex 29.5125 14.8123 -16.5
      vertex 29.624 14.8868 -23.5
      vertex 29.5125 14.8123 -23.5
    endloop
  endfacet
  facet normal -0.659349 -0.751837 0
    outer loop
      vertex 29.624 16.5132 -23.5
      vertex 29.7248 16.4248 -16.5
      vertex 29.624 16.5132 -16.5
    endloop
  endfacet
  facet normal -0.659349 -0.751837 -0
    outer loop
      vertex 29.7248 16.4248 -16.5
      vertex 29.624 16.5132 -23.5
      vertex 29.7248 16.4248 -23.5
    endloop
  endfacet
  facet normal -0.194681 -0.980867 0
    outer loop
      vertex 29.1338 16.7162 -23.5
      vertex 29.2653 16.6901 -16.5
      vertex 29.1338 16.7162 -16.5
    endloop
  endfacet
  facet normal -0.194681 -0.980867 -0
    outer loop
      vertex 29.2653 16.6901 -16.5
      vertex 29.1338 16.7162 -23.5
      vertex 29.2653 16.6901 -23.5
    endloop
  endfacet
  facet normal -0.321368 0.946954 0
    outer loop
      vertex 29.3923 14.753 -23.5
      vertex 29.2653 14.7099 -16.5
      vertex 29.3923 14.753 -16.5
    endloop
  endfacet
  facet normal -0.321368 0.946954 0
    outer loop
      vertex 29.2653 14.7099 -16.5
      vertex 29.3923 14.753 -23.5
      vertex 29.2653 14.7099 -23.5
    endloop
  endfacet
  facet normal 0.194681 0.980867 -0
    outer loop
      vertex 28.8662 14.6838 -23.5
      vertex 28.7347 14.7099 -16.5
      vertex 28.8662 14.6838 -16.5
    endloop
  endfacet
  facet normal 0.194681 0.980867 0
    outer loop
      vertex 28.7347 14.7099 -16.5
      vertex 28.8662 14.6838 -23.5
      vertex 28.7347 14.7099 -23.5
    endloop
  endfacet
  facet normal 0.321952 0.946756 -0
    outer loop
      vertex 28.7347 14.7099 -23.5
      vertex 28.7 14.7217 -16.5
      vertex 28.7347 14.7099 -16.5
    endloop
  endfacet
  facet normal 0.321952 0.946756 0
    outer loop
      vertex 28.7 14.7217 -16.5
      vertex 28.7347 14.7099 -23.5
      vertex 28.7 14.7217 -23.5
    endloop
  endfacet
  facet normal -1 0 0
    outer loop
      vertex 28.7 14.425 -23.5
      vertex 28.7 14.7217 -16.5
      vertex 28.7 14.7217 -23.5
    endloop
  endfacet
  facet normal -1 -0 0
    outer loop
      vertex 28.7 14.7217 -16.5
      vertex 28.7 14.425 -23.5
      vertex 28.7 14.425 -16.5
    endloop
  endfacet
  facet normal -1 0 0
    outer loop
      vertex 28.7 16.6783 -23.5
      vertex 28.7 16.975 -16.5
      vertex 28.7 16.975 -23.5
    endloop
  endfacet
  facet normal -1 -0 0
    outer loop
      vertex 28.7 16.975 -16.5
      vertex 28.7 16.6783 -23.5
      vertex 28.7 16.6783 -16.5
    endloop
  endfacet
  facet normal 0 -1 0
    outer loop
      vertex 26.1 16.975 -23.5
      vertex 28.7 16.975 -16.5
      vertex 26.1 16.975 -16.5
    endloop
  endfacet
  facet normal 0 -1 -0
    outer loop
      vertex 28.7 16.975 -16.5
      vertex 26.1 16.975 -23.5
      vertex 28.7 16.975 -23.5
    endloop
  endfacet
  facet normal 0 1 -0
    outer loop
      vertex 28.7 14.425 -23.5
      vertex 26.1 14.425 -16.5
      vertex 28.7 14.425 -16.5
    endloop
  endfacet
  facet normal 0 1 0
    outer loop
      vertex 26.1 14.425 -16.5
      vertex 28.7 14.425 -23.5
      vertex 26.1 14.425 -23.5
    endloop
  endfacet
  facet normal 0 -1 0
    outer loop
      vertex 26.1 12.1 -5.5
      vertex 31.9 12.1 1.5
      vertex 26.1 12.1 1.5
    endloop
  endfacet
  facet normal 0 -1 -0
    outer loop
      vertex 31.9 12.1 1.5
      vertex 26.1 12.1 -5.5
      vertex 31.9 12.1 -5.5
    endloop
  endfacet
  facet normal 0 0 -1
    outer loop
      vertex 31.9 12.1 -5.5
      vertex 30.025 15.7 -5.5
      vertex 31.9 19.6 -5.5
    endloop
  endfacet
  facet normal 0 0 -1
    outer loop
      vertex 31.9 12.1 -5.5
      vertex 30.0162 15.5662 -5.5
      vertex 30.025 15.7 -5.5
    endloop
  endfacet
  facet normal 0 0 -1
    outer loop
      vertex 31.9 12.1 -5.5
      vertex 29.9901 15.4347 -5.5
      vertex 30.0162 15.5662 -5.5
    endloop
  endfacet
  facet normal 0 0 -1
    outer loop
      vertex 31.9 12.1 -5.5
      vertex 29.947 15.3077 -5.5
      vertex 29.9901 15.4347 -5.5
    endloop
  endfacet
  facet normal 0 0 -1
    outer loop
      vertex 31.9 12.1 -5.5
      vertex 29.8877 15.1875 -5.5
      vertex 29.947 15.3077 -5.5
    endloop
  endfacet
  facet normal 0 0 -1
    outer loop
      vertex 31.9 12.1 -5.5
      vertex 29.8132 15.076 -5.5
      vertex 29.8877 15.1875 -5.5
    endloop
  endfacet
  facet normal 0 0 -1
    outer loop
      vertex 31.9 12.1 -5.5
      vertex 29.7248 14.9752 -5.5
      vertex 29.8132 15.076 -5.5
    endloop
  endfacet
  facet normal 0 0 -1
    outer loop
      vertex 31.9 12.1 -5.5
      vertex 29.624 14.8868 -5.5
      vertex 29.7248 14.9752 -5.5
    endloop
  endfacet
  facet normal 0 0 -1
    outer loop
      vertex 31.9 12.1 -5.5
      vertex 29.5125 14.8123 -5.5
      vertex 29.624 14.8868 -5.5
    endloop
  endfacet
  facet normal 0 0 -1
    outer loop
      vertex 31.9 12.1 -5.5
      vertex 29.3923 14.753 -5.5
      vertex 29.5125 14.8123 -5.5
    endloop
  endfacet
  facet normal 0 0 -1
    outer loop
      vertex 31.9 12.1 -5.5
      vertex 29.2653 14.7099 -5.5
      vertex 29.3923 14.753 -5.5
    endloop
  endfacet
  facet normal 0 0 -1
    outer loop
      vertex 28.7 14.425 -5.5
      vertex 29.2653 14.7099 -5.5
      vertex 31.9 12.1 -5.5
    endloop
  endfacet
  facet normal 0 0 -1
    outer loop
      vertex 29.2653 14.7099 -5.5
      vertex 28.7 14.425 -5.5
      vertex 29.1338 14.6838 -5.5
    endloop
  endfacet
  facet normal 0 0 -1
    outer loop
      vertex 29.1338 14.6838 -5.5
      vertex 28.7 14.425 -5.5
      vertex 29 14.675 -5.5
    endloop
  endfacet
  facet normal -0 0 -1
    outer loop
      vertex 29 14.675 -5.5
      vertex 28.7 14.425 -5.5
      vertex 28.8662 14.6838 -5.5
    endloop
  endfacet
  facet normal -0 0 -1
    outer loop
      vertex 28.8662 14.6838 -5.5
      vertex 28.7 14.425 -5.5
      vertex 28.7347 14.7099 -5.5
    endloop
  endfacet
  facet normal 0 0 -1
    outer loop
      vertex 26.1 12.1 -5.5
      vertex 28.7 14.425 -5.5
      vertex 31.9 12.1 -5.5
    endloop
  endfacet
  facet normal -0 0 -1
    outer loop
      vertex 28.7 14.425 -5.5
      vertex 26.1 12.1 -5.5
      vertex 26.1 14.425 -5.5
    endloop
  endfacet
  facet normal 0 0 -1
    outer loop
      vertex 30.0162 15.8338 -5.5
      vertex 31.9 19.6 -5.5
      vertex 30.025 15.7 -5.5
    endloop
  endfacet
  facet normal 0 0 -1
    outer loop
      vertex 29.9901 15.9653 -5.5
      vertex 31.9 19.6 -5.5
      vertex 30.0162 15.8338 -5.5
    endloop
  endfacet
  facet normal 0 0 -1
    outer loop
      vertex 29.947 16.0923 -5.5
      vertex 31.9 19.6 -5.5
      vertex 29.9901 15.9653 -5.5
    endloop
  endfacet
  facet normal 0 0 -1
    outer loop
      vertex 29.8877 16.2125 -5.5
      vertex 31.9 19.6 -5.5
      vertex 29.947 16.0923 -5.5
    endloop
  endfacet
  facet normal 0 0 -1
    outer loop
      vertex 29.8132 16.324 -5.5
      vertex 31.9 19.6 -5.5
      vertex 29.8877 16.2125 -5.5
    endloop
  endfacet
  facet normal 0 0 -1
    outer loop
      vertex 29.7248 16.4248 -5.5
      vertex 31.9 19.6 -5.5
      vertex 29.8132 16.324 -5.5
    endloop
  endfacet
  facet normal 0 0 -1
    outer loop
      vertex 29.624 16.5132 -5.5
      vertex 31.9 19.6 -5.5
      vertex 29.7248 16.4248 -5.5
    endloop
  endfacet
  facet normal 0 0 -1
    outer loop
      vertex 29.5125 16.5877 -5.5
      vertex 31.9 19.6 -5.5
      vertex 29.624 16.5132 -5.5
    endloop
  endfacet
  facet normal 0 0 -1
    outer loop
      vertex 29.3923 16.647 -5.5
      vertex 31.9 19.6 -5.5
      vertex 29.5125 16.5877 -5.5
    endloop
  endfacet
  facet normal 0 0 -1
    outer loop
      vertex 29.2653 16.6901 -5.5
      vertex 31.9 19.6 -5.5
      vertex 29.3923 16.647 -5.5
    endloop
  endfacet
  facet normal 0 0 -1
    outer loop
      vertex 28.7 16.975 -5.5
      vertex 29.2653 16.6901 -5.5
      vertex 29.1338 16.7162 -5.5
    endloop
  endfacet
  facet normal 0 0 -1
    outer loop
      vertex 28.7 16.975 -5.5
      vertex 29.1338 16.7162 -5.5
      vertex 29 16.725 -5.5
    endloop
  endfacet
  facet normal 0 0 -1
    outer loop
      vertex 28.7 16.975 -5.5
      vertex 29 16.725 -5.5
      vertex 28.8662 16.7162 -5.5
    endloop
  endfacet
  facet normal 0 0 -1
    outer loop
      vertex 28.7 16.975 -5.5
      vertex 28.8662 16.7162 -5.5
      vertex 28.7347 16.6901 -5.5
    endloop
  endfacet
  facet normal 0 0 -1
    outer loop
      vertex 28.7 16.975 -5.5
      vertex 28.7347 16.6901 -5.5
      vertex 28.7 16.6783 -5.5
    endloop
  endfacet
  facet normal 0 0 -1
    outer loop
      vertex 29.2653 16.6901 -5.5
      vertex 28.7 16.975 -5.5
      vertex 31.9 19.6 -5.5
    endloop
  endfacet
  facet normal 0 0 -1
    outer loop
      vertex 26.1 19.6 -5.5
      vertex 28.7 16.975 -5.5
      vertex 26.1 16.975 -5.5
    endloop
  endfacet
  facet normal 0 0 -1
    outer loop
      vertex 28.7 16.975 -5.5
      vertex 26.1 19.6 -5.5
      vertex 31.9 19.6 -5.5
    endloop
  endfacet
  facet normal -0 0 -1
    outer loop
      vertex 28.7347 14.7099 -5.5
      vertex 28.7 14.425 -5.5
      vertex 28.7 14.7217 -5.5
    endloop
  endfacet
  facet normal 0 0 1
    outer loop
      vertex 31.9 19.6 1.5
      vertex 30.025 15.7 1.5
      vertex 31.9 12.1 1.5
    endloop
  endfacet
  facet normal 0 0 1
    outer loop
      vertex 31.9 19.6 1.5
      vertex 30.0162 15.8338 1.5
      vertex 30.025 15.7 1.5
    endloop
  endfacet
  facet normal 0 0 1
    outer loop
      vertex 31.9 19.6 1.5
      vertex 29.9901 15.9653 1.5
      vertex 30.0162 15.8338 1.5
    endloop
  endfacet
  facet normal 0 0 1
    outer loop
      vertex 31.9 19.6 1.5
      vertex 29.947 16.0923 1.5
      vertex 29.9901 15.9653 1.5
    endloop
  endfacet
  facet normal 0 0 1
    outer loop
      vertex 31.9 19.6 1.5
      vertex 29.8877 16.2125 1.5
      vertex 29.947 16.0923 1.5
    endloop
  endfacet
  facet normal 0 0 1
    outer loop
      vertex 31.9 19.6 1.5
      vertex 29.8132 16.324 1.5
      vertex 29.8877 16.2125 1.5
    endloop
  endfacet
  facet normal 0 0 1
    outer loop
      vertex 31.9 19.6 1.5
      vertex 29.7248 16.4248 1.5
      vertex 29.8132 16.324 1.5
    endloop
  endfacet
  facet normal 0 0 1
    outer loop
      vertex 31.9 19.6 1.5
      vertex 29.624 16.5132 1.5
      vertex 29.7248 16.4248 1.5
    endloop
  endfacet
  facet normal 0 0 1
    outer loop
      vertex 31.9 19.6 1.5
      vertex 29.5125 16.5877 1.5
      vertex 29.624 16.5132 1.5
    endloop
  endfacet
  facet normal 0 0 1
    outer loop
      vertex 31.9 19.6 1.5
      vertex 29.3923 16.647 1.5
      vertex 29.5125 16.5877 1.5
    endloop
  endfacet
  facet normal 0 0 1
    outer loop
      vertex 31.9 19.6 1.5
      vertex 29.2653 16.6901 1.5
      vertex 29.3923 16.647 1.5
    endloop
  endfacet
  facet normal -0 0 1
    outer loop
      vertex 28.7 16.975 1.5
      vertex 29.2653 16.6901 1.5
      vertex 31.9 19.6 1.5
    endloop
  endfacet
  facet normal 0 0 1
    outer loop
      vertex 29.2653 16.6901 1.5
      vertex 28.7 16.975 1.5
      vertex 29.1338 16.7162 1.5
    endloop
  endfacet
  facet normal 0 0 1
    outer loop
      vertex 29.1338 16.7162 1.5
      vertex 28.7 16.975 1.5
      vertex 29 16.725 1.5
    endloop
  endfacet
  facet normal 0 0 1
    outer loop
      vertex 29 16.725 1.5
      vertex 28.7 16.975 1.5
      vertex 28.8662 16.7162 1.5
    endloop
  endfacet
  facet normal 0 0 1
    outer loop
      vertex 28.8662 16.7162 1.5
      vertex 28.7 16.975 1.5
      vertex 28.7347 16.6901 1.5
    endloop
  endfacet
  facet normal -0 0 1
    outer loop
      vertex 26.1 19.6 1.5
      vertex 28.7 16.975 1.5
      vertex 31.9 19.6 1.5
    endloop
  endfacet
  facet normal 0 0 1
    outer loop
      vertex 28.7 16.975 1.5
      vertex 26.1 19.6 1.5
      vertex 26.1 16.975 1.5
    endloop
  endfacet
  facet normal -0 0 1
    outer loop
      vertex 30.0162 15.5662 1.5
      vertex 31.9 12.1 1.5
      vertex 30.025 15.7 1.5
    endloop
  endfacet
  facet normal -0 0 1
    outer loop
      vertex 29.9901 15.4347 1.5
      vertex 31.9 12.1 1.5
      vertex 30.0162 15.5662 1.5
    endloop
  endfacet
  facet normal -0 0 1
    outer loop
      vertex 29.947 15.3077 1.5
      vertex 31.9 12.1 1.5
      vertex 29.9901 15.4347 1.5
    endloop
  endfacet
  facet normal -0 0 1
    outer loop
      vertex 29.8877 15.1875 1.5
      vertex 31.9 12.1 1.5
      vertex 29.947 15.3077 1.5
    endloop
  endfacet
  facet normal -0 0 1
    outer loop
      vertex 29.8132 15.076 1.5
      vertex 31.9 12.1 1.5
      vertex 29.8877 15.1875 1.5
    endloop
  endfacet
  facet normal -0 0 1
    outer loop
      vertex 29.7248 14.9752 1.5
      vertex 31.9 12.1 1.5
      vertex 29.8132 15.076 1.5
    endloop
  endfacet
  facet normal -0 0 1
    outer loop
      vertex 29.624 14.8868 1.5
      vertex 31.9 12.1 1.5
      vertex 29.7248 14.9752 1.5
    endloop
  endfacet
  facet normal -0 0 1
    outer loop
      vertex 29.5125 14.8123 1.5
      vertex 31.9 12.1 1.5
      vertex 29.624 14.8868 1.5
    endloop
  endfacet
  facet normal -0 0 1
    outer loop
      vertex 29.3923 14.753 1.5
      vertex 31.9 12.1 1.5
      vertex 29.5125 14.8123 1.5
    endloop
  endfacet
  facet normal -0 0 1
    outer loop
      vertex 29.2653 14.7099 1.5
      vertex 31.9 12.1 1.5
      vertex 29.3923 14.753 1.5
    endloop
  endfacet
  facet normal 0 0 1
    outer loop
      vertex 28.7 14.425 1.5
      vertex 29.2653 14.7099 1.5
      vertex 29.1338 14.6838 1.5
    endloop
  endfacet
  facet normal 0 0 1
    outer loop
      vertex 28.7 14.425 1.5
      vertex 29.1338 14.6838 1.5
      vertex 29 14.675 1.5
    endloop
  endfacet
  facet normal 0 0 1
    outer loop
      vertex 28.7 14.425 1.5
      vertex 29 14.675 1.5
      vertex 28.8662 14.6838 1.5
    endloop
  endfacet
  facet normal 0 0 1
    outer loop
      vertex 28.7 14.425 1.5
      vertex 28.8662 14.6838 1.5
      vertex 28.7347 14.7099 1.5
    endloop
  endfacet
  facet normal 0 0 1
    outer loop
      vertex 28.7 14.425 1.5
      vertex 28.7347 14.7099 1.5
      vertex 28.7 14.7217 1.5
    endloop
  endfacet
  facet normal 0 0 1
    outer loop
      vertex 29.2653 14.7099 1.5
      vertex 28.7 14.425 1.5
      vertex 31.9 12.1 1.5
    endloop
  endfacet
  facet normal 0 0 1
    outer loop
      vertex 26.1 12.1 1.5
      vertex 28.7 14.425 1.5
      vertex 26.1 14.425 1.5
    endloop
  endfacet
  facet normal 0 0 1
    outer loop
      vertex 28.7 14.425 1.5
      vertex 26.1 12.1 1.5
      vertex 31.9 12.1 1.5
    endloop
  endfacet
  facet normal 0 0 1
    outer loop
      vertex 28.7347 16.6901 1.5
      vertex 28.7 16.975 1.5
      vertex 28.7 16.6783 1.5
    endloop
  endfacet
  facet normal 1 -0 0
    outer loop
      vertex 31.9 12.1 1.5
      vertex 31.9 19.6 -5.5
      vertex 31.9 19.6 1.5
    endloop
  endfacet
  facet normal 1 0 0
    outer loop
      vertex 31.9 19.6 -5.5
      vertex 31.9 12.1 1.5
      vertex 31.9 12.1 -5.5
    endloop
  endfacet
  facet normal -1 0 0
    outer loop
      vertex 26.1 12.1 -5.5
      vertex 26.1 14.425 1.5
      vertex 26.1 14.425 -5.5
    endloop
  endfacet
  facet normal -1 -0 0
    outer loop
      vertex 26.1 14.425 1.5
      vertex 26.1 12.1 -5.5
      vertex 26.1 12.1 1.5
    endloop
  endfacet
  facet normal -1 0 0
    outer loop
      vertex 26.1 16.975 -5.5
      vertex 26.1 19.6 1.5
      vertex 26.1 19.6 -5.5
    endloop
  endfacet
  facet normal -1 -0 0
    outer loop
      vertex 26.1 19.6 1.5
      vertex 26.1 16.975 -5.5
      vertex 26.1 16.975 1.5
    endloop
  endfacet
  facet normal 0.065628 -0.997844 0
    outer loop
      vertex 28.8662 16.7162 -5.5
      vertex 29 16.725 1.5
      vertex 28.8662 16.7162 1.5
    endloop
  endfacet
  facet normal 0.065628 -0.997844 0
    outer loop
      vertex 29 16.725 1.5
      vertex 28.8662 16.7162 -5.5
      vertex 29 16.725 -5.5
    endloop
  endfacet
  facet normal -0.194681 0.980867 0
    outer loop
      vertex 29.2653 14.7099 -5.5
      vertex 29.1338 14.6838 1.5
      vertex 29.2653 14.7099 1.5
    endloop
  endfacet
  facet normal -0.194681 0.980867 0
    outer loop
      vertex 29.1338 14.6838 1.5
      vertex 29.2653 14.7099 -5.5
      vertex 29.1338 14.6838 -5.5
    endloop
  endfacet
  facet normal -0.980867 -0.194681 0
    outer loop
      vertex 30.0162 15.8338 -5.5
      vertex 29.9901 15.9653 1.5
      vertex 29.9901 15.9653 -5.5
    endloop
  endfacet
  facet normal -0.980867 -0.194681 0
    outer loop
      vertex 29.9901 15.9653 1.5
      vertex 30.0162 15.8338 -5.5
      vertex 30.0162 15.8338 1.5
    endloop
  endfacet
  facet normal -0.997844 -0.065628 0
    outer loop
      vertex 30.025 15.7 -5.5
      vertex 30.0162 15.8338 1.5
      vertex 30.0162 15.8338 -5.5
    endloop
  endfacet
  facet normal -0.997844 -0.065628 0
    outer loop
      vertex 30.0162 15.8338 1.5
      vertex 30.025 15.7 -5.5
      vertex 30.025 15.7 1.5
    endloop
  endfacet
  facet normal -0.065628 0.997844 0
    outer loop
      vertex 29.1338 14.6838 -5.5
      vertex 29 14.675 1.5
      vertex 29.1338 14.6838 1.5
    endloop
  endfacet
  facet normal -0.065628 0.997844 0
    outer loop
      vertex 29 14.675 1.5
      vertex 29.1338 14.6838 -5.5
      vertex 29 14.675 -5.5
    endloop
  endfacet
  facet normal -0.831476 -0.55556 0
    outer loop
      vertex 29.8877 16.2125 -5.5
      vertex 29.8132 16.324 1.5
      vertex 29.8132 16.324 -5.5
    endloop
  endfacet
  facet normal -0.831476 -0.55556 0
    outer loop
      vertex 29.8132 16.324 1.5
      vertex 29.8877 16.2125 -5.5
      vertex 29.8877 16.2125 1.5
    endloop
  endfacet
  facet normal -0.980867 0.194681 0
    outer loop
      vertex 29.9901 15.4347 -5.5
      vertex 30.0162 15.5662 1.5
      vertex 30.0162 15.5662 -5.5
    endloop
  endfacet
  facet normal -0.980867 0.194681 0
    outer loop
      vertex 30.0162 15.5662 1.5
      vertex 29.9901 15.4347 -5.5
      vertex 29.9901 15.4347 1.5
    endloop
  endfacet
  facet normal -0.896802 -0.442432 0
    outer loop
      vertex 29.947 16.0923 -5.5
      vertex 29.8877 16.2125 1.5
      vertex 29.8877 16.2125 -5.5
    endloop
  endfacet
  facet normal -0.896802 -0.442432 0
    outer loop
      vertex 29.8877 16.2125 1.5
      vertex 29.947 16.0923 -5.5
      vertex 29.947 16.0923 1.5
    endloop
  endfacet
  facet normal -0.55556 -0.831476 0
    outer loop
      vertex 29.5125 16.5877 -5.5
      vertex 29.624 16.5132 1.5
      vertex 29.5125 16.5877 1.5
    endloop
  endfacet
  facet normal -0.55556 -0.831476 -0
    outer loop
      vertex 29.624 16.5132 1.5
      vertex 29.5125 16.5877 -5.5
      vertex 29.624 16.5132 -5.5
    endloop
  endfacet
  facet normal -0.946954 0.321368 0
    outer loop
      vertex 29.947 15.3077 -5.5
      vertex 29.9901 15.4347 1.5
      vertex 29.9901 15.4347 -5.5
    endloop
  endfacet
  facet normal -0.946954 0.321368 0
    outer loop
      vertex 29.9901 15.4347 1.5
      vertex 29.947 15.3077 -5.5
      vertex 29.947 15.3077 1.5
    endloop
  endfacet
  facet normal -0.659349 0.751837 0
    outer loop
      vertex 29.7248 14.9752 -5.5
      vertex 29.624 14.8868 1.5
      vertex 29.7248 14.9752 1.5
    endloop
  endfacet
  facet normal -0.659349 0.751837 0
    outer loop
      vertex 29.624 14.8868 1.5
      vertex 29.7248 14.9752 -5.5
      vertex 29.624 14.8868 -5.5
    endloop
  endfacet
  facet normal -0.751837 -0.659349 0
    outer loop
      vertex 29.8132 16.324 -5.5
      vertex 29.7248 16.4248 1.5
      vertex 29.7248 16.4248 -5.5
    endloop
  endfacet
  facet normal -0.751837 -0.659349 0
    outer loop
      vertex 29.7248 16.4248 1.5
      vertex 29.8132 16.324 -5.5
      vertex 29.8132 16.324 1.5
    endloop
  endfacet
  facet normal -0.321368 -0.946954 0
    outer loop
      vertex 29.2653 16.6901 -5.5
      vertex 29.3923 16.647 1.5
      vertex 29.2653 16.6901 1.5
    endloop
  endfacet
  facet normal -0.321368 -0.946954 -0
    outer loop
      vertex 29.3923 16.647 1.5
      vertex 29.2653 16.6901 -5.5
      vertex 29.3923 16.647 -5.5
    endloop
  endfacet
  facet normal -0.442432 0.896802 0
    outer loop
      vertex 29.5125 14.8123 -5.5
      vertex 29.3923 14.753 1.5
      vertex 29.5125 14.8123 1.5
    endloop
  endfacet
  facet normal -0.442432 0.896802 0
    outer loop
      vertex 29.3923 14.753 1.5
      vertex 29.5125 14.8123 -5.5
      vertex 29.3923 14.753 -5.5
    endloop
  endfacet
  facet normal -0.065628 -0.997844 0
    outer loop
      vertex 29 16.725 -5.5
      vertex 29.1338 16.7162 1.5
      vertex 29 16.725 1.5
    endloop
  endfacet
  facet normal -0.065628 -0.997844 -0
    outer loop
      vertex 29.1338 16.7162 1.5
      vertex 29 16.725 -5.5
      vertex 29.1338 16.7162 -5.5
    endloop
  endfacet
  facet normal -0.751837 0.659349 0
    outer loop
      vertex 29.7248 14.9752 -5.5
      vertex 29.8132 15.076 1.5
      vertex 29.8132 15.076 -5.5
    endloop
  endfacet
  facet normal -0.751837 0.659349 0
    outer loop
      vertex 29.8132 15.076 1.5
      vertex 29.7248 14.9752 -5.5
      vertex 29.7248 14.9752 1.5
    endloop
  endfacet
  facet normal -0.831476 0.55556 0
    outer loop
      vertex 29.8132 15.076 -5.5
      vertex 29.8877 15.1875 1.5
      vertex 29.8877 15.1875 -5.5
    endloop
  endfacet
  facet normal -0.831476 0.55556 0
    outer loop
      vertex 29.8877 15.1875 1.5
      vertex 29.8132 15.076 -5.5
      vertex 29.8132 15.076 1.5
    endloop
  endfacet
  facet normal -0.997844 0.065628 0
    outer loop
      vertex 30.0162 15.5662 -5.5
      vertex 30.025 15.7 1.5
      vertex 30.025 15.7 -5.5
    endloop
  endfacet
  facet normal -0.997844 0.065628 0
    outer loop
      vertex 30.025 15.7 1.5
      vertex 30.0162 15.5662 -5.5
      vertex 30.0162 15.5662 1.5
    endloop
  endfacet
  facet normal 0.065628 0.997844 -0
    outer loop
      vertex 29 14.675 -5.5
      vertex 28.8662 14.6838 1.5
      vertex 29 14.675 1.5
    endloop
  endfacet
  facet normal 0.065628 0.997844 0
    outer loop
      vertex 28.8662 14.6838 1.5
      vertex 29 14.675 -5.5
      vertex 28.8662 14.6838 -5.5
    endloop
  endfacet
  facet normal -0.896802 0.442432 0
    outer loop
      vertex 29.8877 15.1875 -5.5
      vertex 29.947 15.3077 1.5
      vertex 29.947 15.3077 -5.5
    endloop
  endfacet
  facet normal -0.896802 0.442432 0
    outer loop
      vertex 29.947 15.3077 1.5
      vertex 29.8877 15.1875 -5.5
      vertex 29.8877 15.1875 1.5
    endloop
  endfacet
  facet normal 0.194681 -0.980867 0
    outer loop
      vertex 28.7347 16.6901 -5.5
      vertex 28.8662 16.7162 1.5
      vertex 28.7347 16.6901 1.5
    endloop
  endfacet
  facet normal 0.194681 -0.980867 0
    outer loop
      vertex 28.8662 16.7162 1.5
      vertex 28.7347 16.6901 -5.5
      vertex 28.8662 16.7162 -5.5
    endloop
  endfacet
  facet normal -0.442432 -0.896802 0
    outer loop
      vertex 29.3923 16.647 -5.5
      vertex 29.5125 16.5877 1.5
      vertex 29.3923 16.647 1.5
    endloop
  endfacet
  facet normal -0.442432 -0.896802 -0
    outer loop
      vertex 29.5125 16.5877 1.5
      vertex 29.3923 16.647 -5.5
      vertex 29.5125 16.5877 -5.5
    endloop
  endfacet
  facet normal -0.946954 -0.321368 0
    outer loop
      vertex 29.9901 15.9653 -5.5
      vertex 29.947 16.0923 1.5
      vertex 29.947 16.0923 -5.5
    endloop
  endfacet
  facet normal -0.946954 -0.321368 0
    outer loop
      vertex 29.947 16.0923 1.5
      vertex 29.9901 15.9653 -5.5
      vertex 29.9901 15.9653 1.5
    endloop
  endfacet
  facet normal -0.55556 0.831476 0
    outer loop
      vertex 29.624 14.8868 -5.5
      vertex 29.5125 14.8123 1.5
      vertex 29.624 14.8868 1.5
    endloop
  endfacet
  facet normal -0.55556 0.831476 0
    outer loop
      vertex 29.5125 14.8123 1.5
      vertex 29.624 14.8868 -5.5
      vertex 29.5125 14.8123 -5.5
    endloop
  endfacet
  facet normal -0.659349 -0.751837 0
    outer loop
      vertex 29.624 16.5132 -5.5
      vertex 29.7248 16.4248 1.5
      vertex 29.624 16.5132 1.5
    endloop
  endfacet
  facet normal -0.659349 -0.751837 -0
    outer loop
      vertex 29.7248 16.4248 1.5
      vertex 29.624 16.5132 -5.5
      vertex 29.7248 16.4248 -5.5
    endloop
  endfacet
  facet normal -0.194681 -0.980867 0
    outer loop
      vertex 29.1338 16.7162 -5.5
      vertex 29.2653 16.6901 1.5
      vertex 29.1338 16.7162 1.5
    endloop
  endfacet
  facet normal -0.194681 -0.980867 -0
    outer loop
      vertex 29.2653 16.6901 1.5
      vertex 29.1338 16.7162 -5.5
      vertex 29.2653 16.6901 -5.5
    endloop
  endfacet
  facet normal 0.321952 -0.946756 0
    outer loop
      vertex 28.7 16.6783 -5.5
      vertex 28.7347 16.6901 1.5
      vertex 28.7 16.6783 1.5
    endloop
  endfacet
  facet normal 0.321952 -0.946756 0
    outer loop
      vertex 28.7347 16.6901 1.5
      vertex 28.7 16.6783 -5.5
      vertex 28.7347 16.6901 -5.5
    endloop
  endfacet
  facet normal -0.321368 0.946954 0
    outer loop
      vertex 29.3923 14.753 -5.5
      vertex 29.2653 14.7099 1.5
      vertex 29.3923 14.753 1.5
    endloop
  endfacet
  facet normal -0.321368 0.946954 0
    outer loop
      vertex 29.2653 14.7099 1.5
      vertex 29.3923 14.753 -5.5
      vertex 29.2653 14.7099 -5.5
    endloop
  endfacet
  facet normal 0.194681 0.980867 -0
    outer loop
      vertex 28.8662 14.6838 -5.5
      vertex 28.7347 14.7099 1.5
      vertex 28.8662 14.6838 1.5
    endloop
  endfacet
  facet normal 0.194681 0.980867 0
    outer loop
      vertex 28.7347 14.7099 1.5
      vertex 28.8662 14.6838 -5.5
      vertex 28.7347 14.7099 -5.5
    endloop
  endfacet
  facet normal 0.321952 0.946756 -0
    outer loop
      vertex 28.7347 14.7099 -5.5
      vertex 28.7 14.7217 1.5
      vertex 28.7347 14.7099 1.5
    endloop
  endfacet
  facet normal 0.321952 0.946756 0
    outer loop
      vertex 28.7 14.7217 1.5
      vertex 28.7347 14.7099 -5.5
      vertex 28.7 14.7217 -5.5
    endloop
  endfacet
  facet normal -1 0 0
    outer loop
      vertex 28.7 16.6783 -5.5
      vertex 28.7 16.975 1.5
      vertex 28.7 16.975 -5.5
    endloop
  endfacet
  facet normal -1 -0 0
    outer loop
      vertex 28.7 16.975 1.5
      vertex 28.7 16.6783 -5.5
      vertex 28.7 16.6783 1.5
    endloop
  endfacet
  facet normal -1 0 0
    outer loop
      vertex 28.7 14.425 -5.5
      vertex 28.7 14.7217 1.5
      vertex 28.7 14.7217 -5.5
    endloop
  endfacet
  facet normal -1 -0 0
    outer loop
      vertex 28.7 14.7217 1.5
      vertex 28.7 14.425 -5.5
      vertex 28.7 14.425 1.5
    endloop
  endfacet
  facet normal 0 -1 0
    outer loop
      vertex 26.1 16.975 -5.5
      vertex 28.7 16.975 1.5
      vertex 26.1 16.975 1.5
    endloop
  endfacet
  facet normal 0 -1 -0
    outer loop
      vertex 28.7 16.975 1.5
      vertex 26.1 16.975 -5.5
      vertex 28.7 16.975 -5.5
    endloop
  endfacet
  facet normal 0 1 -0
    outer loop
      vertex 28.7 14.425 -5.5
      vertex 26.1 14.425 1.5
      vertex 28.7 14.425 1.5
    endloop
  endfacet
  facet normal 0 1 0
    outer loop
      vertex 26.1 14.425 1.5
      vertex 28.7 14.425 -5.5
      vertex 26.1 14.425 -5.5
    endloop
  endfacet
  facet normal 0 -1 0
    outer loop
      vertex 26.1 12.1 12.5
      vertex 31.9 12.1 19.5
      vertex 26.1 12.1 19.5
    endloop
  endfacet
  facet normal 0 -1 -0
    outer loop
      vertex 31.9 12.1 19.5
      vertex 26.1 12.1 12.5
      vertex 31.9 12.1 12.5
    endloop
  endfacet
  facet normal 0 0 -1
    outer loop
      vertex 31.9 12.1 12.5
      vertex 30.025 15.7 12.5
      vertex 31.9 19.6 12.5
    endloop
  endfacet
  facet normal 0 0 -1
    outer loop
      vertex 31.9 12.1 12.5
      vertex 30.0162 15.5662 12.5
      vertex 30.025 15.7 12.5
    endloop
  endfacet
  facet normal 0 0 -1
    outer loop
      vertex 31.9 12.1 12.5
      vertex 29.9901 15.4347 12.5
      vertex 30.0162 15.5662 12.5
    endloop
  endfacet
  facet normal 0 0 -1
    outer loop
      vertex 31.9 12.1 12.5
      vertex 29.947 15.3077 12.5
      vertex 29.9901 15.4347 12.5
    endloop
  endfacet
  facet normal 0 0 -1
    outer loop
      vertex 31.9 12.1 12.5
      vertex 29.8877 15.1875 12.5
      vertex 29.947 15.3077 12.5
    endloop
  endfacet
  facet normal 0 0 -1
    outer loop
      vertex 31.9 12.1 12.5
      vertex 29.8132 15.076 12.5
      vertex 29.8877 15.1875 12.5
    endloop
  endfacet
  facet normal 0 0 -1
    outer loop
      vertex 31.9 12.1 12.5
      vertex 29.7248 14.9752 12.5
      vertex 29.8132 15.076 12.5
    endloop
  endfacet
  facet normal 0 0 -1
    outer loop
      vertex 31.9 12.1 12.5
      vertex 29.624 14.8868 12.5
      vertex 29.7248 14.9752 12.5
    endloop
  endfacet
  facet normal 0 0 -1
    outer loop
      vertex 31.9 12.1 12.5
      vertex 29.5125 14.8123 12.5
      vertex 29.624 14.8868 12.5
    endloop
  endfacet
  facet normal 0 0 -1
    outer loop
      vertex 31.9 12.1 12.5
      vertex 29.3923 14.753 12.5
      vertex 29.5125 14.8123 12.5
    endloop
  endfacet
  facet normal 0 0 -1
    outer loop
      vertex 31.9 12.1 12.5
      vertex 29.2653 14.7099 12.5
      vertex 29.3923 14.753 12.5
    endloop
  endfacet
  facet normal 0 0 -1
    outer loop
      vertex 28.7 14.425 12.5
      vertex 29.2653 14.7099 12.5
      vertex 31.9 12.1 12.5
    endloop
  endfacet
  facet normal 0 0 -1
    outer loop
      vertex 29.2653 14.7099 12.5
      vertex 28.7 14.425 12.5
      vertex 29.1338 14.6838 12.5
    endloop
  endfacet
  facet normal 0 0 -1
    outer loop
      vertex 29.1338 14.6838 12.5
      vertex 28.7 14.425 12.5
      vertex 29 14.675 12.5
    endloop
  endfacet
  facet normal -0 0 -1
    outer loop
      vertex 29 14.675 12.5
      vertex 28.7 14.425 12.5
      vertex 28.8662 14.6838 12.5
    endloop
  endfacet
  facet normal -0 0 -1
    outer loop
      vertex 28.8662 14.6838 12.5
      vertex 28.7 14.425 12.5
      vertex 28.7347 14.7099 12.5
    endloop
  endfacet
  facet normal 0 0 -1
    outer loop
      vertex 26.1 12.1 12.5
      vertex 28.7 14.425 12.5
      vertex 31.9 12.1 12.5
    endloop
  endfacet
  facet normal -0 0 -1
    outer loop
      vertex 28.7 14.425 12.5
      vertex 26.1 12.1 12.5
      vertex 26.1 14.425 12.5
    endloop
  endfacet
  facet normal 0 0 -1
    outer loop
      vertex 30.0162 15.8338 12.5
      vertex 31.9 19.6 12.5
      vertex 30.025 15.7 12.5
    endloop
  endfacet
  facet normal 0 0 -1
    outer loop
      vertex 29.9901 15.9653 12.5
      vertex 31.9 19.6 12.5
      vertex 30.0162 15.8338 12.5
    endloop
  endfacet
  facet normal 0 0 -1
    outer loop
      vertex 29.947 16.0923 12.5
      vertex 31.9 19.6 12.5
      vertex 29.9901 15.9653 12.5
    endloop
  endfacet
  facet normal 0 0 -1
    outer loop
      vertex 29.8877 16.2125 12.5
      vertex 31.9 19.6 12.5
      vertex 29.947 16.0923 12.5
    endloop
  endfacet
  facet normal 0 0 -1
    outer loop
      vertex 29.8132 16.324 12.5
      vertex 31.9 19.6 12.5
      vertex 29.8877 16.2125 12.5
    endloop
  endfacet
  facet normal 0 0 -1
    outer loop
      vertex 29.7248 16.4248 12.5
      vertex 31.9 19.6 12.5
      vertex 29.8132 16.324 12.5
    endloop
  endfacet
  facet normal 0 0 -1
    outer loop
      vertex 29.624 16.5132 12.5
      vertex 31.9 19.6 12.5
      vertex 29.7248 16.4248 12.5
    endloop
  endfacet
  facet normal 0 0 -1
    outer loop
      vertex 29.5125 16.5877 12.5
      vertex 31.9 19.6 12.5
      vertex 29.624 16.5132 12.5
    endloop
  endfacet
  facet normal 0 0 -1
    outer loop
      vertex 29.3923 16.647 12.5
      vertex 31.9 19.6 12.5
      vertex 29.5125 16.5877 12.5
    endloop
  endfacet
  facet normal 0 0 -1
    outer loop
      vertex 29.2653 16.6901 12.5
      vertex 31.9 19.6 12.5
      vertex 29.3923 16.647 12.5
    endloop
  endfacet
  facet normal 0 0 -1
    outer loop
      vertex 28.7 16.975 12.5
      vertex 29.2653 16.6901 12.5
      vertex 29.1338 16.7162 12.5
    endloop
  endfacet
  facet normal 0 0 -1
    outer loop
      vertex 28.7 16.975 12.5
      vertex 29.1338 16.7162 12.5
      vertex 29 16.725 12.5
    endloop
  endfacet
  facet normal 0 0 -1
    outer loop
      vertex 28.7 16.975 12.5
      vertex 29 16.725 12.5
      vertex 28.8662 16.7162 12.5
    endloop
  endfacet
  facet normal 0 0 -1
    outer loop
      vertex 28.7 16.975 12.5
      vertex 28.8662 16.7162 12.5
      vertex 28.7347 16.6901 12.5
    endloop
  endfacet
  facet normal 0 0 -1
    outer loop
      vertex 28.7 16.975 12.5
      vertex 28.7347 16.6901 12.5
      vertex 28.7 16.6783 12.5
    endloop
  endfacet
  facet normal 0 0 -1
    outer loop
      vertex 29.2653 16.6901 12.5
      vertex 28.7 16.975 12.5
      vertex 31.9 19.6 12.5
    endloop
  endfacet
  facet normal 0 0 -1
    outer loop
      vertex 26.1 19.6 12.5
      vertex 28.7 16.975 12.5
      vertex 26.1 16.975 12.5
    endloop
  endfacet
  facet normal 0 0 -1
    outer loop
      vertex 28.7 16.975 12.5
      vertex 26.1 19.6 12.5
      vertex 31.9 19.6 12.5
    endloop
  endfacet
  facet normal -0 0 -1
    outer loop
      vertex 28.7347 14.7099 12.5
      vertex 28.7 14.425 12.5
      vertex 28.7 14.7217 12.5
    endloop
  endfacet
  facet normal 0 0 1
    outer loop
      vertex 31.9 19.6 19.5
      vertex 30.025 15.7 19.5
      vertex 31.9 12.1 19.5
    endloop
  endfacet
  facet normal 0 0 1
    outer loop
      vertex 31.9 19.6 19.5
      vertex 30.0162 15.8338 19.5
      vertex 30.025 15.7 19.5
    endloop
  endfacet
  facet normal 0 0 1
    outer loop
      vertex 31.9 19.6 19.5
      vertex 29.9901 15.9653 19.5
      vertex 30.0162 15.8338 19.5
    endloop
  endfacet
  facet normal 0 0 1
    outer loop
      vertex 31.9 19.6 19.5
      vertex 29.947 16.0923 19.5
      vertex 29.9901 15.9653 19.5
    endloop
  endfacet
  facet normal 0 0 1
    outer loop
      vertex 31.9 19.6 19.5
      vertex 29.8877 16.2125 19.5
      vertex 29.947 16.0923 19.5
    endloop
  endfacet
  facet normal 0 0 1
    outer loop
      vertex 31.9 19.6 19.5
      vertex 29.8132 16.324 19.5
      vertex 29.8877 16.2125 19.5
    endloop
  endfacet
  facet normal 0 0 1
    outer loop
      vertex 31.9 19.6 19.5
      vertex 29.7248 16.4248 19.5
      vertex 29.8132 16.324 19.5
    endloop
  endfacet
  facet normal 0 0 1
    outer loop
      vertex 31.9 19.6 19.5
      vertex 29.624 16.5132 19.5
      vertex 29.7248 16.4248 19.5
    endloop
  endfacet
  facet normal 0 0 1
    outer loop
      vertex 31.9 19.6 19.5
      vertex 29.5125 16.5877 19.5
      vertex 29.624 16.5132 19.5
    endloop
  endfacet
  facet normal 0 0 1
    outer loop
      vertex 31.9 19.6 19.5
      vertex 29.3923 16.647 19.5
      vertex 29.5125 16.5877 19.5
    endloop
  endfacet
  facet normal 0 0 1
    outer loop
      vertex 31.9 19.6 19.5
      vertex 29.2653 16.6901 19.5
      vertex 29.3923 16.647 19.5
    endloop
  endfacet
  facet normal -0 0 1
    outer loop
      vertex 28.7 16.975 19.5
      vertex 29.2653 16.6901 19.5
      vertex 31.9 19.6 19.5
    endloop
  endfacet
  facet normal 0 0 1
    outer loop
      vertex 29.2653 16.6901 19.5
      vertex 28.7 16.975 19.5
      vertex 29.1338 16.7162 19.5
    endloop
  endfacet
  facet normal 0 0 1
    outer loop
      vertex 29.1338 16.7162 19.5
      vertex 28.7 16.975 19.5
      vertex 29 16.725 19.5
    endloop
  endfacet
  facet normal 0 0 1
    outer loop
      vertex 29 16.725 19.5
      vertex 28.7 16.975 19.5
      vertex 28.8662 16.7162 19.5
    endloop
  endfacet
  facet normal 0 0 1
    outer loop
      vertex 28.8662 16.7162 19.5
      vertex 28.7 16.975 19.5
      vertex 28.7347 16.6901 19.5
    endloop
  endfacet
  facet normal -0 0 1
    outer loop
      vertex 26.1 19.6 19.5
      vertex 28.7 16.975 19.5
      vertex 31.9 19.6 19.5
    endloop
  endfacet
  facet normal 0 0 1
    outer loop
      vertex 28.7 16.975 19.5
      vertex 26.1 19.6 19.5
      vertex 26.1 16.975 19.5
    endloop
  endfacet
  facet normal -0 0 1
    outer loop
      vertex 30.0162 15.5662 19.5
      vertex 31.9 12.1 19.5
      vertex 30.025 15.7 19.5
    endloop
  endfacet
  facet normal -0 0 1
    outer loop
      vertex 29.9901 15.4347 19.5
      vertex 31.9 12.1 19.5
      vertex 30.0162 15.5662 19.5
    endloop
  endfacet
  facet normal -0 0 1
    outer loop
      vertex 29.947 15.3077 19.5
      vertex 31.9 12.1 19.5
      vertex 29.9901 15.4347 19.5
    endloop
  endfacet
  facet normal -0 0 1
    outer loop
      vertex 29.8877 15.1875 19.5
      vertex 31.9 12.1 19.5
      vertex 29.947 15.3077 19.5
    endloop
  endfacet
  facet normal -0 0 1
    outer loop
      vertex 29.8132 15.076 19.5
      vertex 31.9 12.1 19.5
      vertex 29.8877 15.1875 19.5
    endloop
  endfacet
  facet normal -0 0 1
    outer loop
      vertex 29.7248 14.9752 19.5
      vertex 31.9 12.1 19.5
      vertex 29.8132 15.076 19.5
    endloop
  endfacet
  facet normal -0 0 1
    outer loop
      vertex 29.624 14.8868 19.5
      vertex 31.9 12.1 19.5
      vertex 29.7248 14.9752 19.5
    endloop
  endfacet
  facet normal -0 0 1
    outer loop
      vertex 29.5125 14.8123 19.5
      vertex 31.9 12.1 19.5
      vertex 29.624 14.8868 19.5
    endloop
  endfacet
  facet normal -0 0 1
    outer loop
      vertex 29.3923 14.753 19.5
      vertex 31.9 12.1 19.5
      vertex 29.5125 14.8123 19.5
    endloop
  endfacet
  facet normal -0 0 1
    outer loop
      vertex 29.2653 14.7099 19.5
      vertex 31.9 12.1 19.5
      vertex 29.3923 14.753 19.5
    endloop
  endfacet
  facet normal 0 0 1
    outer loop
      vertex 28.7 14.425 19.5
      vertex 29.2653 14.7099 19.5
      vertex 29.1338 14.6838 19.5
    endloop
  endfacet
  facet normal 0 0 1
    outer loop
      vertex 28.7 14.425 19.5
      vertex 29.1338 14.6838 19.5
      vertex 29 14.675 19.5
    endloop
  endfacet
  facet normal 0 0 1
    outer loop
      vertex 28.7 14.425 19.5
      vertex 29 14.675 19.5
      vertex 28.8662 14.6838 19.5
    endloop
  endfacet
  facet normal 0 0 1
    outer loop
      vertex 28.7 14.425 19.5
      vertex 28.8662 14.6838 19.5
      vertex 28.7347 14.7099 19.5
    endloop
  endfacet
  facet normal 0 0 1
    outer loop
      vertex 28.7 14.425 19.5
      vertex 28.7347 14.7099 19.5
      vertex 28.7 14.7217 19.5
    endloop
  endfacet
  facet normal 0 0 1
    outer loop
      vertex 29.2653 14.7099 19.5
      vertex 28.7 14.425 19.5
      vertex 31.9 12.1 19.5
    endloop
  endfacet
  facet normal 0 0 1
    outer loop
      vertex 26.1 12.1 19.5
      vertex 28.7 14.425 19.5
      vertex 26.1 14.425 19.5
    endloop
  endfacet
  facet normal 0 0 1
    outer loop
      vertex 28.7 14.425 19.5
      vertex 26.1 12.1 19.5
      vertex 31.9 12.1 19.5
    endloop
  endfacet
  facet normal 0 0 1
    outer loop
      vertex 28.7347 16.6901 19.5
      vertex 28.7 16.975 19.5
      vertex 28.7 16.6783 19.5
    endloop
  endfacet
  facet normal 1 -0 0
    outer loop
      vertex 31.9 12.1 19.5
      vertex 31.9 19.6 12.5
      vertex 31.9 19.6 19.5
    endloop
  endfacet
  facet normal 1 0 0
    outer loop
      vertex 31.9 19.6 12.5
      vertex 31.9 12.1 19.5
      vertex 31.9 12.1 12.5
    endloop
  endfacet
  facet normal -1 0 0
    outer loop
      vertex 26.1 12.1 12.5
      vertex 26.1 14.425 19.5
      vertex 26.1 14.425 12.5
    endloop
  endfacet
  facet normal -1 -0 0
    outer loop
      vertex 26.1 14.425 19.5
      vertex 26.1 12.1 12.5
      vertex 26.1 12.1 19.5
    endloop
  endfacet
  facet normal -1 0 0
    outer loop
      vertex 26.1 16.975 12.5
      vertex 26.1 19.6 19.5
      vertex 26.1 19.6 12.5
    endloop
  endfacet
  facet normal -1 -0 0
    outer loop
      vertex 26.1 19.6 19.5
      vertex 26.1 16.975 12.5
      vertex 26.1 16.975 19.5
    endloop
  endfacet
  facet normal 0.065628 -0.997844 0
    outer loop
      vertex 28.8662 16.7162 12.5
      vertex 29 16.725 19.5
      vertex 28.8662 16.7162 19.5
    endloop
  endfacet
  facet normal 0.065628 -0.997844 0
    outer loop
      vertex 29 16.725 19.5
      vertex 28.8662 16.7162 12.5
      vertex 29 16.725 12.5
    endloop
  endfacet
  facet normal -0.194681 0.980867 0
    outer loop
      vertex 29.2653 14.7099 12.5
      vertex 29.1338 14.6838 19.5
      vertex 29.2653 14.7099 19.5
    endloop
  endfacet
  facet normal -0.194681 0.980867 0
    outer loop
      vertex 29.1338 14.6838 19.5
      vertex 29.2653 14.7099 12.5
      vertex 29.1338 14.6838 12.5
    endloop
  endfacet
  facet normal -0.980867 -0.194681 0
    outer loop
      vertex 30.0162 15.8338 12.5
      vertex 29.9901 15.9653 19.5
      vertex 29.9901 15.9653 12.5
    endloop
  endfacet
  facet normal -0.980867 -0.194681 0
    outer loop
      vertex 29.9901 15.9653 19.5
      vertex 30.0162 15.8338 12.5
      vertex 30.0162 15.8338 19.5
    endloop
  endfacet
  facet normal -0.997844 -0.065628 0
    outer loop
      vertex 30.025 15.7 12.5
      vertex 30.0162 15.8338 19.5
      vertex 30.0162 15.8338 12.5
    endloop
  endfacet
  facet normal -0.997844 -0.065628 0
    outer loop
      vertex 30.0162 15.8338 19.5
      vertex 30.025 15.7 12.5
      vertex 30.025 15.7 19.5
    endloop
  endfacet
  facet normal -0.065628 0.997844 0
    outer loop
      vertex 29.1338 14.6838 12.5
      vertex 29 14.675 19.5
      vertex 29.1338 14.6838 19.5
    endloop
  endfacet
  facet normal -0.065628 0.997844 0
    outer loop
      vertex 29 14.675 19.5
      vertex 29.1338 14.6838 12.5
      vertex 29 14.675 12.5
    endloop
  endfacet
  facet normal -0.831476 -0.55556 0
    outer loop
      vertex 29.8877 16.2125 12.5
      vertex 29.8132 16.324 19.5
      vertex 29.8132 16.324 12.5
    endloop
  endfacet
  facet normal -0.831476 -0.55556 0
    outer loop
      vertex 29.8132 16.324 19.5
      vertex 29.8877 16.2125 12.5
      vertex 29.8877 16.2125 19.5
    endloop
  endfacet
  facet normal -0.980867 0.194681 0
    outer loop
      vertex 29.9901 15.4347 12.5
      vertex 30.0162 15.5662 19.5
      vertex 30.0162 15.5662 12.5
    endloop
  endfacet
  facet normal -0.980867 0.194681 0
    outer loop
      vertex 30.0162 15.5662 19.5
      vertex 29.9901 15.4347 12.5
      vertex 29.9901 15.4347 19.5
    endloop
  endfacet
  facet normal -0.896802 -0.442432 0
    outer loop
      vertex 29.947 16.0923 12.5
      vertex 29.8877 16.2125 19.5
      vertex 29.8877 16.2125 12.5
    endloop
  endfacet
  facet normal -0.896802 -0.442432 0
    outer loop
      vertex 29.8877 16.2125 19.5
      vertex 29.947 16.0923 12.5
      vertex 29.947 16.0923 19.5
    endloop
  endfacet
  facet normal -0.55556 -0.831476 0
    outer loop
      vertex 29.5125 16.5877 12.5
      vertex 29.624 16.5132 19.5
      vertex 29.5125 16.5877 19.5
    endloop
  endfacet
  facet normal -0.55556 -0.831476 -0
    outer loop
      vertex 29.624 16.5132 19.5
      vertex 29.5125 16.5877 12.5
      vertex 29.624 16.5132 12.5
    endloop
  endfacet
  facet normal -0.946954 0.321368 0
    outer loop
      vertex 29.947 15.3077 12.5
      vertex 29.9901 15.4347 19.5
      vertex 29.9901 15.4347 12.5
    endloop
  endfacet
  facet normal -0.946954 0.321368 0
    outer loop
      vertex 29.9901 15.4347 19.5
      vertex 29.947 15.3077 12.5
      vertex 29.947 15.3077 19.5
    endloop
  endfacet
  facet normal -0.659349 0.751837 0
    outer loop
      vertex 29.7248 14.9752 12.5
      vertex 29.624 14.8868 19.5
      vertex 29.7248 14.9752 19.5
    endloop
  endfacet
  facet normal -0.659349 0.751837 0
    outer loop
      vertex 29.624 14.8868 19.5
      vertex 29.7248 14.9752 12.5
      vertex 29.624 14.8868 12.5
    endloop
  endfacet
  facet normal -0.751837 -0.659349 0
    outer loop
      vertex 29.8132 16.324 12.5
      vertex 29.7248 16.4248 19.5
      vertex 29.7248 16.4248 12.5
    endloop
  endfacet
  facet normal -0.751837 -0.659349 0
    outer loop
      vertex 29.7248 16.4248 19.5
      vertex 29.8132 16.324 12.5
      vertex 29.8132 16.324 19.5
    endloop
  endfacet
  facet normal -0.321368 -0.946954 0
    outer loop
      vertex 29.2653 16.6901 12.5
      vertex 29.3923 16.647 19.5
      vertex 29.2653 16.6901 19.5
    endloop
  endfacet
  facet normal -0.321368 -0.946954 -0
    outer loop
      vertex 29.3923 16.647 19.5
      vertex 29.2653 16.6901 12.5
      vertex 29.3923 16.647 12.5
    endloop
  endfacet
  facet normal -0.442432 0.896802 0
    outer loop
      vertex 29.5125 14.8123 12.5
      vertex 29.3923 14.753 19.5
      vertex 29.5125 14.8123 19.5
    endloop
  endfacet
  facet normal -0.442432 0.896802 0
    outer loop
      vertex 29.3923 14.753 19.5
      vertex 29.5125 14.8123 12.5
      vertex 29.3923 14.753 12.5
    endloop
  endfacet
  facet normal -0.065628 -0.997844 0
    outer loop
      vertex 29 16.725 12.5
      vertex 29.1338 16.7162 19.5
      vertex 29 16.725 19.5
    endloop
  endfacet
  facet normal -0.065628 -0.997844 -0
    outer loop
      vertex 29.1338 16.7162 19.5
      vertex 29 16.725 12.5
      vertex 29.1338 16.7162 12.5
    endloop
  endfacet
  facet normal -0.751837 0.659349 0
    outer loop
      vertex 29.7248 14.9752 12.5
      vertex 29.8132 15.076 19.5
      vertex 29.8132 15.076 12.5
    endloop
  endfacet
  facet normal -0.751837 0.659349 0
    outer loop
      vertex 29.8132 15.076 19.5
      vertex 29.7248 14.9752 12.5
      vertex 29.7248 14.9752 19.5
    endloop
  endfacet
  facet normal -0.831476 0.55556 0
    outer loop
      vertex 29.8132 15.076 12.5
      vertex 29.8877 15.1875 19.5
      vertex 29.8877 15.1875 12.5
    endloop
  endfacet
  facet normal -0.831476 0.55556 0
    outer loop
      vertex 29.8877 15.1875 19.5
      vertex 29.8132 15.076 12.5
      vertex 29.8132 15.076 19.5
    endloop
  endfacet
  facet normal -0.997844 0.065628 0
    outer loop
      vertex 30.0162 15.5662 12.5
      vertex 30.025 15.7 19.5
      vertex 30.025 15.7 12.5
    endloop
  endfacet
  facet normal -0.997844 0.065628 0
    outer loop
      vertex 30.025 15.7 19.5
      vertex 30.0162 15.5662 12.5
      vertex 30.0162 15.5662 19.5
    endloop
  endfacet
  facet normal 0.065628 0.997844 -0
    outer loop
      vertex 29 14.675 12.5
      vertex 28.8662 14.6838 19.5
      vertex 29 14.675 19.5
    endloop
  endfacet
  facet normal 0.065628 0.997844 0
    outer loop
      vertex 28.8662 14.6838 19.5
      vertex 29 14.675 12.5
      vertex 28.8662 14.6838 12.5
    endloop
  endfacet
  facet normal -0.896802 0.442432 0
    outer loop
      vertex 29.8877 15.1875 12.5
      vertex 29.947 15.3077 19.5
      vertex 29.947 15.3077 12.5
    endloop
  endfacet
  facet normal -0.896802 0.442432 0
    outer loop
      vertex 29.947 15.3077 19.5
      vertex 29.8877 15.1875 12.5
      vertex 29.8877 15.1875 19.5
    endloop
  endfacet
  facet normal 0.194681 -0.980867 0
    outer loop
      vertex 28.7347 16.6901 12.5
      vertex 28.8662 16.7162 19.5
      vertex 28.7347 16.6901 19.5
    endloop
  endfacet
  facet normal 0.194681 -0.980867 0
    outer loop
      vertex 28.8662 16.7162 19.5
      vertex 28.7347 16.6901 12.5
      vertex 28.8662 16.7162 12.5
    endloop
  endfacet
  facet normal -0.442432 -0.896802 0
    outer loop
      vertex 29.3923 16.647 12.5
      vertex 29.5125 16.5877 19.5
      vertex 29.3923 16.647 19.5
    endloop
  endfacet
  facet normal -0.442432 -0.896802 -0
    outer loop
      vertex 29.5125 16.5877 19.5
      vertex 29.3923 16.647 12.5
      vertex 29.5125 16.5877 12.5
    endloop
  endfacet
  facet normal -0.946954 -0.321368 0
    outer loop
      vertex 29.9901 15.9653 12.5
      vertex 29.947 16.0923 19.5
      vertex 29.947 16.0923 12.5
    endloop
  endfacet
  facet normal -0.946954 -0.321368 0
    outer loop
      vertex 29.947 16.0923 19.5
      vertex 29.9901 15.9653 12.5
      vertex 29.9901 15.9653 19.5
    endloop
  endfacet
  facet normal -0.55556 0.831476 0
    outer loop
      vertex 29.624 14.8868 12.5
      vertex 29.5125 14.8123 19.5
      vertex 29.624 14.8868 19.5
    endloop
  endfacet
  facet normal -0.55556 0.831476 0
    outer loop
      vertex 29.5125 14.8123 19.5
      vertex 29.624 14.8868 12.5
      vertex 29.5125 14.8123 12.5
    endloop
  endfacet
  facet normal -0.659349 -0.751837 0
    outer loop
      vertex 29.624 16.5132 12.5
      vertex 29.7248 16.4248 19.5
      vertex 29.624 16.5132 19.5
    endloop
  endfacet
  facet normal -0.659349 -0.751837 -0
    outer loop
      vertex 29.7248 16.4248 19.5
      vertex 29.624 16.5132 12.5
      vertex 29.7248 16.4248 12.5
    endloop
  endfacet
  facet normal -0.194681 -0.980867 0
    outer loop
      vertex 29.1338 16.7162 12.5
      vertex 29.2653 16.6901 19.5
      vertex 29.1338 16.7162 19.5
    endloop
  endfacet
  facet normal -0.194681 -0.980867 -0
    outer loop
      vertex 29.2653 16.6901 19.5
      vertex 29.1338 16.7162 12.5
      vertex 29.2653 16.6901 12.5
    endloop
  endfacet
  facet normal 0.321952 -0.946756 0
    outer loop
      vertex 28.7 16.6783 12.5
      vertex 28.7347 16.6901 19.5
      vertex 28.7 16.6783 19.5
    endloop
  endfacet
  facet normal 0.321952 -0.946756 0
    outer loop
      vertex 28.7347 16.6901 19.5
      vertex 28.7 16.6783 12.5
      vertex 28.7347 16.6901 12.5
    endloop
  endfacet
  facet normal -0.321368 0.946954 0
    outer loop
      vertex 29.3923 14.753 12.5
      vertex 29.2653 14.7099 19.5
      vertex 29.3923 14.753 19.5
    endloop
  endfacet
  facet normal -0.321368 0.946954 0
    outer loop
      vertex 29.2653 14.7099 19.5
      vertex 29.3923 14.753 12.5
      vertex 29.2653 14.7099 12.5
    endloop
  endfacet
  facet normal 0.194681 0.980867 -0
    outer loop
      vertex 28.8662 14.6838 12.5
      vertex 28.7347 14.7099 19.5
      vertex 28.8662 14.6838 19.5
    endloop
  endfacet
  facet normal 0.194681 0.980867 0
    outer loop
      vertex 28.7347 14.7099 19.5
      vertex 28.8662 14.6838 12.5
      vertex 28.7347 14.7099 12.5
    endloop
  endfacet
  facet normal 0.321952 0.946756 -0
    outer loop
      vertex 28.7347 14.7099 12.5
      vertex 28.7 14.7217 19.5
      vertex 28.7347 14.7099 19.5
    endloop
  endfacet
  facet normal 0.321952 0.946756 0
    outer loop
      vertex 28.7 14.7217 19.5
      vertex 28.7347 14.7099 12.5
      vertex 28.7 14.7217 12.5
    endloop
  endfacet
  facet normal -1 0 0
    outer loop
      vertex 28.7 14.425 12.5
      vertex 28.7 14.7217 19.5
      vertex 28.7 14.7217 12.5
    endloop
  endfacet
  facet normal -1 -0 0
    outer loop
      vertex 28.7 14.7217 19.5
      vertex 28.7 14.425 12.5
      vertex 28.7 14.425 19.5
    endloop
  endfacet
  facet normal -1 0 0
    outer loop
      vertex 28.7 16.6783 12.5
      vertex 28.7 16.975 19.5
      vertex 28.7 16.975 12.5
    endloop
  endfacet
  facet normal -1 -0 0
    outer loop
      vertex 28.7 16.975 19.5
      vertex 28.7 16.6783 12.5
      vertex 28.7 16.6783 19.5
    endloop
  endfacet
  facet normal 0 -1 0
    outer loop
      vertex 26.1 16.975 12.5
      vertex 28.7 16.975 19.5
      vertex 26.1 16.975 19.5
    endloop
  endfacet
  facet normal 0 -1 -0
    outer loop
      vertex 28.7 16.975 19.5
      vertex 26.1 16.975 12.5
      vertex 28.7 16.975 12.5
    endloop
  endfacet
  facet normal 0 1 -0
    outer loop
      vertex 28.7 14.425 12.5
      vertex 26.1 14.425 19.5
      vertex 28.7 14.425 19.5
    endloop
  endfacet
  facet normal 0 1 0
    outer loop
      vertex 26.1 14.425 19.5
      vertex 28.7 14.425 12.5
      vertex 26.1 14.425 12.5
    endloop
  endfacet
  facet normal 0 -1 0
    outer loop
      vertex 26.1 12.1 24.5
      vertex 31.9 12.1 31.5
      vertex 26.1 12.1 31.5
    endloop
  endfacet
  facet normal 0 -1 -0
    outer loop
      vertex 31.9 12.1 31.5
      vertex 26.1 12.1 24.5
      vertex 31.9 12.1 24.5
    endloop
  endfacet
  facet normal 0 0 -1
    outer loop
      vertex 31.9 12.1 24.5
      vertex 30.025 15.7 24.5
      vertex 31.9 19.6 24.5
    endloop
  endfacet
  facet normal 0 0 -1
    outer loop
      vertex 31.9 12.1 24.5
      vertex 30.0162 15.5662 24.5
      vertex 30.025 15.7 24.5
    endloop
  endfacet
  facet normal 0 0 -1
    outer loop
      vertex 31.9 12.1 24.5
      vertex 29.9901 15.4347 24.5
      vertex 30.0162 15.5662 24.5
    endloop
  endfacet
  facet normal 0 0 -1
    outer loop
      vertex 31.9 12.1 24.5
      vertex 29.947 15.3077 24.5
      vertex 29.9901 15.4347 24.5
    endloop
  endfacet
  facet normal 0 0 -1
    outer loop
      vertex 31.9 12.1 24.5
      vertex 29.8877 15.1875 24.5
      vertex 29.947 15.3077 24.5
    endloop
  endfacet
  facet normal 0 0 -1
    outer loop
      vertex 31.9 12.1 24.5
      vertex 29.8132 15.076 24.5
      vertex 29.8877 15.1875 24.5
    endloop
  endfacet
  facet normal 0 0 -1
    outer loop
      vertex 31.9 12.1 24.5
      vertex 29.7248 14.9752 24.5
      vertex 29.8132 15.076 24.5
    endloop
  endfacet
  facet normal 0 0 -1
    outer loop
      vertex 31.9 12.1 24.5
      vertex 29.624 14.8868 24.5
      vertex 29.7248 14.9752 24.5
    endloop
  endfacet
  facet normal 0 0 -1
    outer loop
      vertex 31.9 12.1 24.5
      vertex 29.5125 14.8123 24.5
      vertex 29.624 14.8868 24.5
    endloop
  endfacet
  facet normal 0 0 -1
    outer loop
      vertex 31.9 12.1 24.5
      vertex 29.3923 14.753 24.5
      vertex 29.5125 14.8123 24.5
    endloop
  endfacet
  facet normal 0 0 -1
    outer loop
      vertex 31.9 12.1 24.5
      vertex 29.2653 14.7099 24.5
      vertex 29.3923 14.753 24.5
    endloop
  endfacet
  facet normal 0 0 -1
    outer loop
      vertex 28.7 14.425 24.5
      vertex 29.2653 14.7099 24.5
      vertex 31.9 12.1 24.5
    endloop
  endfacet
  facet normal 0 0 -1
    outer loop
      vertex 29.2653 14.7099 24.5
      vertex 28.7 14.425 24.5
      vertex 29.1338 14.6838 24.5
    endloop
  endfacet
  facet normal 0 0 -1
    outer loop
      vertex 29.1338 14.6838 24.5
      vertex 28.7 14.425 24.5
      vertex 29 14.675 24.5
    endloop
  endfacet
  facet normal -0 0 -1
    outer loop
      vertex 29 14.675 24.5
      vertex 28.7 14.425 24.5
      vertex 28.8662 14.6838 24.5
    endloop
  endfacet
  facet normal -0 0 -1
    outer loop
      vertex 28.8662 14.6838 24.5
      vertex 28.7 14.425 24.5
      vertex 28.7347 14.7099 24.5
    endloop
  endfacet
  facet normal 0 0 -1
    outer loop
      vertex 26.1 12.1 24.5
      vertex 28.7 14.425 24.5
      vertex 31.9 12.1 24.5
    endloop
  endfacet
  facet normal -0 0 -1
    outer loop
      vertex 28.7 14.425 24.5
      vertex 26.1 12.1 24.5
      vertex 26.1 14.425 24.5
    endloop
  endfacet
  facet normal 0 0 -1
    outer loop
      vertex 30.0162 15.8338 24.5
      vertex 31.9 19.6 24.5
      vertex 30.025 15.7 24.5
    endloop
  endfacet
  facet normal 0 0 -1
    outer loop
      vertex 29.9901 15.9653 24.5
      vertex 31.9 19.6 24.5
      vertex 30.0162 15.8338 24.5
    endloop
  endfacet
  facet normal 0 0 -1
    outer loop
      vertex 29.947 16.0923 24.5
      vertex 31.9 19.6 24.5
      vertex 29.9901 15.9653 24.5
    endloop
  endfacet
  facet normal 0 0 -1
    outer loop
      vertex 29.8877 16.2125 24.5
      vertex 31.9 19.6 24.5
      vertex 29.947 16.0923 24.5
    endloop
  endfacet
  facet normal 0 0 -1
    outer loop
      vertex 29.8132 16.324 24.5
      vertex 31.9 19.6 24.5
      vertex 29.8877 16.2125 24.5
    endloop
  endfacet
  facet normal 0 0 -1
    outer loop
      vertex 29.7248 16.4248 24.5
      vertex 31.9 19.6 24.5
      vertex 29.8132 16.324 24.5
    endloop
  endfacet
  facet normal 0 0 -1
    outer loop
      vertex 29.624 16.5132 24.5
      vertex 31.9 19.6 24.5
      vertex 29.7248 16.4248 24.5
    endloop
  endfacet
  facet normal 0 0 -1
    outer loop
      vertex 29.5125 16.5877 24.5
      vertex 31.9 19.6 24.5
      vertex 29.624 16.5132 24.5
    endloop
  endfacet
  facet normal 0 0 -1
    outer loop
      vertex 29.3923 16.647 24.5
      vertex 31.9 19.6 24.5
      vertex 29.5125 16.5877 24.5
    endloop
  endfacet
  facet normal 0 0 -1
    outer loop
      vertex 29.2653 16.6901 24.5
      vertex 31.9 19.6 24.5
      vertex 29.3923 16.647 24.5
    endloop
  endfacet
  facet normal 0 0 -1
    outer loop
      vertex 28.7 16.975 24.5
      vertex 29.2653 16.6901 24.5
      vertex 29.1338 16.7162 24.5
    endloop
  endfacet
  facet normal 0 0 -1
    outer loop
      vertex 28.7 16.975 24.5
      vertex 29.1338 16.7162 24.5
      vertex 29 16.725 24.5
    endloop
  endfacet
  facet normal 0 0 -1
    outer loop
      vertex 28.7 16.975 24.5
      vertex 29 16.725 24.5
      vertex 28.8662 16.7162 24.5
    endloop
  endfacet
  facet normal 0 0 -1
    outer loop
      vertex 28.7 16.975 24.5
      vertex 28.8662 16.7162 24.5
      vertex 28.7347 16.6901 24.5
    endloop
  endfacet
  facet normal 0 0 -1
    outer loop
      vertex 28.7 16.975 24.5
      vertex 28.7347 16.6901 24.5
      vertex 28.7 16.6783 24.5
    endloop
  endfacet
  facet normal 0 0 -1
    outer loop
      vertex 29.2653 16.6901 24.5
      vertex 28.7 16.975 24.5
      vertex 31.9 19.6 24.5
    endloop
  endfacet
  facet normal 0 0 -1
    outer loop
      vertex 26.1 19.6 24.5
      vertex 28.7 16.975 24.5
      vertex 26.1 16.975 24.5
    endloop
  endfacet
  facet normal 0 0 -1
    outer loop
      vertex 28.7 16.975 24.5
      vertex 26.1 19.6 24.5
      vertex 31.9 19.6 24.5
    endloop
  endfacet
  facet normal -0 0 -1
    outer loop
      vertex 28.7347 14.7099 24.5
      vertex 28.7 14.425 24.5
      vertex 28.7 14.7217 24.5
    endloop
  endfacet
  facet normal 0 0 1
    outer loop
      vertex 31.9 19.6 31.5
      vertex 30.025 15.7 31.5
      vertex 31.9 12.1 31.5
    endloop
  endfacet
  facet normal 0 0 1
    outer loop
      vertex 31.9 19.6 31.5
      vertex 30.0162 15.8338 31.5
      vertex 30.025 15.7 31.5
    endloop
  endfacet
  facet normal 0 0 1
    outer loop
      vertex 31.9 19.6 31.5
      vertex 29.9901 15.9653 31.5
      vertex 30.0162 15.8338 31.5
    endloop
  endfacet
  facet normal 0 0 1
    outer loop
      vertex 31.9 19.6 31.5
      vertex 29.947 16.0923 31.5
      vertex 29.9901 15.9653 31.5
    endloop
  endfacet
  facet normal 0 0 1
    outer loop
      vertex 31.9 19.6 31.5
      vertex 29.8877 16.2125 31.5
      vertex 29.947 16.0923 31.5
    endloop
  endfacet
  facet normal 0 0 1
    outer loop
      vertex 31.9 19.6 31.5
      vertex 29.8132 16.324 31.5
      vertex 29.8877 16.2125 31.5
    endloop
  endfacet
  facet normal 0 0 1
    outer loop
      vertex 31.9 19.6 31.5
      vertex 29.7248 16.4248 31.5
      vertex 29.8132 16.324 31.5
    endloop
  endfacet
  facet normal 0 0 1
    outer loop
      vertex 31.9 19.6 31.5
      vertex 29.624 16.5132 31.5
      vertex 29.7248 16.4248 31.5
    endloop
  endfacet
  facet normal 0 0 1
    outer loop
      vertex 31.9 19.6 31.5
      vertex 29.5125 16.5877 31.5
      vertex 29.624 16.5132 31.5
    endloop
  endfacet
  facet normal 0 0 1
    outer loop
      vertex 31.9 19.6 31.5
      vertex 29.3923 16.647 31.5
      vertex 29.5125 16.5877 31.5
    endloop
  endfacet
  facet normal 0 0 1
    outer loop
      vertex 31.9 19.6 31.5
      vertex 29.2653 16.6901 31.5
      vertex 29.3923 16.647 31.5
    endloop
  endfacet
  facet normal -0 0 1
    outer loop
      vertex 28.7 16.975 31.5
      vertex 29.2653 16.6901 31.5
      vertex 31.9 19.6 31.5
    endloop
  endfacet
  facet normal 0 0 1
    outer loop
      vertex 29.2653 16.6901 31.5
      vertex 28.7 16.975 31.5
      vertex 29.1338 16.7162 31.5
    endloop
  endfacet
  facet normal 0 0 1
    outer loop
      vertex 29.1338 16.7162 31.5
      vertex 28.7 16.975 31.5
      vertex 29 16.725 31.5
    endloop
  endfacet
  facet normal 0 0 1
    outer loop
      vertex 29 16.725 31.5
      vertex 28.7 16.975 31.5
      vertex 28.8662 16.7162 31.5
    endloop
  endfacet
  facet normal 0 0 1
    outer loop
      vertex 28.8662 16.7162 31.5
      vertex 28.7 16.975 31.5
      vertex 28.7347 16.6901 31.5
    endloop
  endfacet
  facet normal -0 0 1
    outer loop
      vertex 26.1 19.6 31.5
      vertex 28.7 16.975 31.5
      vertex 31.9 19.6 31.5
    endloop
  endfacet
  facet normal 0 0 1
    outer loop
      vertex 28.7 16.975 31.5
      vertex 26.1 19.6 31.5
      vertex 26.1 16.975 31.5
    endloop
  endfacet
  facet normal -0 0 1
    outer loop
      vertex 30.0162 15.5662 31.5
      vertex 31.9 12.1 31.5
      vertex 30.025 15.7 31.5
    endloop
  endfacet
  facet normal -0 0 1
    outer loop
      vertex 29.9901 15.4347 31.5
      vertex 31.9 12.1 31.5
      vertex 30.0162 15.5662 31.5
    endloop
  endfacet
  facet normal -0 0 1
    outer loop
      vertex 29.947 15.3077 31.5
      vertex 31.9 12.1 31.5
      vertex 29.9901 15.4347 31.5
    endloop
  endfacet
  facet normal -0 0 1
    outer loop
      vertex 29.8877 15.1875 31.5
      vertex 31.9 12.1 31.5
      vertex 29.947 15.3077 31.5
    endloop
  endfacet
  facet normal -0 0 1
    outer loop
      vertex 29.8132 15.076 31.5
      vertex 31.9 12.1 31.5
      vertex 29.8877 15.1875 31.5
    endloop
  endfacet
  facet normal -0 0 1
    outer loop
      vertex 29.7248 14.9752 31.5
      vertex 31.9 12.1 31.5
      vertex 29.8132 15.076 31.5
    endloop
  endfacet
  facet normal -0 0 1
    outer loop
      vertex 29.624 14.8868 31.5
      vertex 31.9 12.1 31.5
      vertex 29.7248 14.9752 31.5
    endloop
  endfacet
  facet normal -0 0 1
    outer loop
      vertex 29.5125 14.8123 31.5
      vertex 31.9 12.1 31.5
      vertex 29.624 14.8868 31.5
    endloop
  endfacet
  facet normal -0 0 1
    outer loop
      vertex 29.3923 14.753 31.5
      vertex 31.9 12.1 31.5
      vertex 29.5125 14.8123 31.5
    endloop
  endfacet
  facet normal -0 0 1
    outer loop
      vertex 29.2653 14.7099 31.5
      vertex 31.9 12.1 31.5
      vertex 29.3923 14.753 31.5
    endloop
  endfacet
  facet normal 0 0 1
    outer loop
      vertex 28.7 14.425 31.5
      vertex 29.2653 14.7099 31.5
      vertex 29.1338 14.6838 31.5
    endloop
  endfacet
  facet normal 0 0 1
    outer loop
      vertex 28.7 14.425 31.5
      vertex 29.1338 14.6838 31.5
      vertex 29 14.675 31.5
    endloop
  endfacet
  facet normal 0 0 1
    outer loop
      vertex 28.7 14.425 31.5
      vertex 29 14.675 31.5
      vertex 28.8662 14.6838 31.5
    endloop
  endfacet
  facet normal 0 0 1
    outer loop
      vertex 28.7 14.425 31.5
      vertex 28.8662 14.6838 31.5
      vertex 28.7347 14.7099 31.5
    endloop
  endfacet
  facet normal 0 0 1
    outer loop
      vertex 28.7 14.425 31.5
      vertex 28.7347 14.7099 31.5
      vertex 28.7 14.7217 31.5
    endloop
  endfacet
  facet normal 0 0 1
    outer loop
      vertex 29.2653 14.7099 31.5
      vertex 28.7 14.425 31.5
      vertex 31.9 12.1 31.5
    endloop
  endfacet
  facet normal 0 0 1
    outer loop
      vertex 26.1 12.1 31.5
      vertex 28.7 14.425 31.5
      vertex 26.1 14.425 31.5
    endloop
  endfacet
  facet normal 0 0 1
    outer loop
      vertex 28.7 14.425 31.5
      vertex 26.1 12.1 31.5
      vertex 31.9 12.1 31.5
    endloop
  endfacet
  facet normal 0 0 1
    outer loop
      vertex 28.7347 16.6901 31.5
      vertex 28.7 16.975 31.5
      vertex 28.7 16.6783 31.5
    endloop
  endfacet
  facet normal 1 -0 0
    outer loop
      vertex 31.9 12.1 31.5
      vertex 31.9 19.6 24.5
      vertex 31.9 19.6 31.5
    endloop
  endfacet
  facet normal 1 0 0
    outer loop
      vertex 31.9 19.6 24.5
      vertex 31.9 12.1 31.5
      vertex 31.9 12.1 24.5
    endloop
  endfacet
  facet normal -1 0 0
    outer loop
      vertex 26.1 12.1 24.5
      vertex 26.1 14.425 31.5
      vertex 26.1 14.425 24.5
    endloop
  endfacet
  facet normal -1 -0 0
    outer loop
      vertex 26.1 14.425 31.5
      vertex 26.1 12.1 24.5
      vertex 26.1 12.1 31.5
    endloop
  endfacet
  facet normal -1 0 0
    outer loop
      vertex 26.1 16.975 24.5
      vertex 26.1 19.6 31.5
      vertex 26.1 19.6 24.5
    endloop
  endfacet
  facet normal -1 -0 0
    outer loop
      vertex 26.1 19.6 31.5
      vertex 26.1 16.975 24.5
      vertex 26.1 16.975 31.5
    endloop
  endfacet
  facet normal 0.065628 -0.997844 0
    outer loop
      vertex 28.8662 16.7162 24.5
      vertex 29 16.725 31.5
      vertex 28.8662 16.7162 31.5
    endloop
  endfacet
  facet normal 0.065628 -0.997844 0
    outer loop
      vertex 29 16.725 31.5
      vertex 28.8662 16.7162 24.5
      vertex 29 16.725 24.5
    endloop
  endfacet
  facet normal -0.194681 0.980867 0
    outer loop
      vertex 29.2653 14.7099 24.5
      vertex 29.1338 14.6838 31.5
      vertex 29.2653 14.7099 31.5
    endloop
  endfacet
  facet normal -0.194681 0.980867 0
    outer loop
      vertex 29.1338 14.6838 31.5
      vertex 29.2653 14.7099 24.5
      vertex 29.1338 14.6838 24.5
    endloop
  endfacet
  facet normal -0.980867 -0.194681 0
    outer loop
      vertex 30.0162 15.8338 24.5
      vertex 29.9901 15.9653 31.5
      vertex 29.9901 15.9653 24.5
    endloop
  endfacet
  facet normal -0.980867 -0.194681 0
    outer loop
      vertex 29.9901 15.9653 31.5
      vertex 30.0162 15.8338 24.5
      vertex 30.0162 15.8338 31.5
    endloop
  endfacet
  facet normal -0.997844 -0.065628 0
    outer loop
      vertex 30.025 15.7 24.5
      vertex 30.0162 15.8338 31.5
      vertex 30.0162 15.8338 24.5
    endloop
  endfacet
  facet normal -0.997844 -0.065628 0
    outer loop
      vertex 30.0162 15.8338 31.5
      vertex 30.025 15.7 24.5
      vertex 30.025 15.7 31.5
    endloop
  endfacet
  facet normal -0.065628 0.997844 0
    outer loop
      vertex 29.1338 14.6838 24.5
      vertex 29 14.675 31.5
      vertex 29.1338 14.6838 31.5
    endloop
  endfacet
  facet normal -0.065628 0.997844 0
    outer loop
      vertex 29 14.675 31.5
      vertex 29.1338 14.6838 24.5
      vertex 29 14.675 24.5
    endloop
  endfacet
  facet normal -0.831476 -0.55556 0
    outer loop
      vertex 29.8877 16.2125 24.5
      vertex 29.8132 16.324 31.5
      vertex 29.8132 16.324 24.5
    endloop
  endfacet
  facet normal -0.831476 -0.55556 0
    outer loop
      vertex 29.8132 16.324 31.5
      vertex 29.8877 16.2125 24.5
      vertex 29.8877 16.2125 31.5
    endloop
  endfacet
  facet normal -0.980867 0.194681 0
    outer loop
      vertex 29.9901 15.4347 24.5
      vertex 30.0162 15.5662 31.5
      vertex 30.0162 15.5662 24.5
    endloop
  endfacet
  facet normal -0.980867 0.194681 0
    outer loop
      vertex 30.0162 15.5662 31.5
      vertex 29.9901 15.4347 24.5
      vertex 29.9901 15.4347 31.5
    endloop
  endfacet
  facet normal -0.896802 -0.442432 0
    outer loop
      vertex 29.947 16.0923 24.5
      vertex 29.8877 16.2125 31.5
      vertex 29.8877 16.2125 24.5
    endloop
  endfacet
  facet normal -0.896802 -0.442432 0
    outer loop
      vertex 29.8877 16.2125 31.5
      vertex 29.947 16.0923 24.5
      vertex 29.947 16.0923 31.5
    endloop
  endfacet
  facet normal -0.55556 -0.831476 0
    outer loop
      vertex 29.5125 16.5877 24.5
      vertex 29.624 16.5132 31.5
      vertex 29.5125 16.5877 31.5
    endloop
  endfacet
  facet normal -0.55556 -0.831476 -0
    outer loop
      vertex 29.624 16.5132 31.5
      vertex 29.5125 16.5877 24.5
      vertex 29.624 16.5132 24.5
    endloop
  endfacet
  facet normal -0.946954 0.321368 0
    outer loop
      vertex 29.947 15.3077 24.5
      vertex 29.9901 15.4347 31.5
      vertex 29.9901 15.4347 24.5
    endloop
  endfacet
  facet normal -0.946954 0.321368 0
    outer loop
      vertex 29.9901 15.4347 31.5
      vertex 29.947 15.3077 24.5
      vertex 29.947 15.3077 31.5
    endloop
  endfacet
  facet normal -0.659349 0.751837 0
    outer loop
      vertex 29.7248 14.9752 24.5
      vertex 29.624 14.8868 31.5
      vertex 29.7248 14.9752 31.5
    endloop
  endfacet
  facet normal -0.659349 0.751837 0
    outer loop
      vertex 29.624 14.8868 31.5
      vertex 29.7248 14.9752 24.5
      vertex 29.624 14.8868 24.5
    endloop
  endfacet
  facet normal -0.751837 -0.659349 0
    outer loop
      vertex 29.8132 16.324 24.5
      vertex 29.7248 16.4248 31.5
      vertex 29.7248 16.4248 24.5
    endloop
  endfacet
  facet normal -0.751837 -0.659349 0
    outer loop
      vertex 29.7248 16.4248 31.5
      vertex 29.8132 16.324 24.5
      vertex 29.8132 16.324 31.5
    endloop
  endfacet
  facet normal -0.321368 -0.946954 0
    outer loop
      vertex 29.2653 16.6901 24.5
      vertex 29.3923 16.647 31.5
      vertex 29.2653 16.6901 31.5
    endloop
  endfacet
  facet normal -0.321368 -0.946954 -0
    outer loop
      vertex 29.3923 16.647 31.5
      vertex 29.2653 16.6901 24.5
      vertex 29.3923 16.647 24.5
    endloop
  endfacet
  facet normal -0.442432 0.896802 0
    outer loop
      vertex 29.5125 14.8123 24.5
      vertex 29.3923 14.753 31.5
      vertex 29.5125 14.8123 31.5
    endloop
  endfacet
  facet normal -0.442432 0.896802 0
    outer loop
      vertex 29.3923 14.753 31.5
      vertex 29.5125 14.8123 24.5
      vertex 29.3923 14.753 24.5
    endloop
  endfacet
  facet normal -0.065628 -0.997844 0
    outer loop
      vertex 29 16.725 24.5
      vertex 29.1338 16.7162 31.5
      vertex 29 16.725 31.5
    endloop
  endfacet
  facet normal -0.065628 -0.997844 -0
    outer loop
      vertex 29.1338 16.7162 31.5
      vertex 29 16.725 24.5
      vertex 29.1338 16.7162 24.5
    endloop
  endfacet
  facet normal -0.751837 0.659349 0
    outer loop
      vertex 29.7248 14.9752 24.5
      vertex 29.8132 15.076 31.5
      vertex 29.8132 15.076 24.5
    endloop
  endfacet
  facet normal -0.751837 0.659349 0
    outer loop
      vertex 29.8132 15.076 31.5
      vertex 29.7248 14.9752 24.5
      vertex 29.7248 14.9752 31.5
    endloop
  endfacet
  facet normal -0.831476 0.55556 0
    outer loop
      vertex 29.8132 15.076 24.5
      vertex 29.8877 15.1875 31.5
      vertex 29.8877 15.1875 24.5
    endloop
  endfacet
  facet normal -0.831476 0.55556 0
    outer loop
      vertex 29.8877 15.1875 31.5
      vertex 29.8132 15.076 24.5
      vertex 29.8132 15.076 31.5
    endloop
  endfacet
  facet normal -0.997844 0.065628 0
    outer loop
      vertex 30.0162 15.5662 24.5
      vertex 30.025 15.7 31.5
      vertex 30.025 15.7 24.5
    endloop
  endfacet
  facet normal -0.997844 0.065628 0
    outer loop
      vertex 30.025 15.7 31.5
      vertex 30.0162 15.5662 24.5
      vertex 30.0162 15.5662 31.5
    endloop
  endfacet
  facet normal 0.065628 0.997844 -0
    outer loop
      vertex 29 14.675 24.5
      vertex 28.8662 14.6838 31.5
      vertex 29 14.675 31.5
    endloop
  endfacet
  facet normal 0.065628 0.997844 0
    outer loop
      vertex 28.8662 14.6838 31.5
      vertex 29 14.675 24.5
      vertex 28.8662 14.6838 24.5
    endloop
  endfacet
  facet normal -0.896802 0.442432 0
    outer loop
      vertex 29.8877 15.1875 24.5
      vertex 29.947 15.3077 31.5
      vertex 29.947 15.3077 24.5
    endloop
  endfacet
  facet normal -0.896802 0.442432 0
    outer loop
      vertex 29.947 15.3077 31.5
      vertex 29.8877 15.1875 24.5
      vertex 29.8877 15.1875 31.5
    endloop
  endfacet
  facet normal 0.321952 -0.946756 0
    outer loop
      vertex 28.7 16.6783 24.5
      vertex 28.7347 16.6901 31.5
      vertex 28.7 16.6783 31.5
    endloop
  endfacet
  facet normal 0.321952 -0.946756 0
    outer loop
      vertex 28.7347 16.6901 31.5
      vertex 28.7 16.6783 24.5
      vertex 28.7347 16.6901 24.5
    endloop
  endfacet
  facet normal 0.194681 -0.980867 0
    outer loop
      vertex 28.7347 16.6901 24.5
      vertex 28.8662 16.7162 31.5
      vertex 28.7347 16.6901 31.5
    endloop
  endfacet
  facet normal 0.194681 -0.980867 0
    outer loop
      vertex 28.8662 16.7162 31.5
      vertex 28.7347 16.6901 24.5
      vertex 28.8662 16.7162 24.5
    endloop
  endfacet
  facet normal -0.442432 -0.896802 0
    outer loop
      vertex 29.3923 16.647 24.5
      vertex 29.5125 16.5877 31.5
      vertex 29.3923 16.647 31.5
    endloop
  endfacet
  facet normal -0.442432 -0.896802 -0
    outer loop
      vertex 29.5125 16.5877 31.5
      vertex 29.3923 16.647 24.5
      vertex 29.5125 16.5877 24.5
    endloop
  endfacet
  facet normal -0.946954 -0.321368 0
    outer loop
      vertex 29.9901 15.9653 24.5
      vertex 29.947 16.0923 31.5
      vertex 29.947 16.0923 24.5
    endloop
  endfacet
  facet normal -0.946954 -0.321368 0
    outer loop
      vertex 29.947 16.0923 31.5
      vertex 29.9901 15.9653 24.5
      vertex 29.9901 15.9653 31.5
    endloop
  endfacet
  facet normal -0.55556 0.831476 0
    outer loop
      vertex 29.624 14.8868 24.5
      vertex 29.5125 14.8123 31.5
      vertex 29.624 14.8868 31.5
    endloop
  endfacet
  facet normal -0.55556 0.831476 0
    outer loop
      vertex 29.5125 14.8123 31.5
      vertex 29.624 14.8868 24.5
      vertex 29.5125 14.8123 24.5
    endloop
  endfacet
  facet normal -0.659349 -0.751837 0
    outer loop
      vertex 29.624 16.5132 24.5
      vertex 29.7248 16.4248 31.5
      vertex 29.624 16.5132 31.5
    endloop
  endfacet
  facet normal -0.659349 -0.751837 -0
    outer loop
      vertex 29.7248 16.4248 31.5
      vertex 29.624 16.5132 24.5
      vertex 29.7248 16.4248 24.5
    endloop
  endfacet
  facet normal -0.194681 -0.980867 0
    outer loop
      vertex 29.1338 16.7162 24.5
      vertex 29.2653 16.6901 31.5
      vertex 29.1338 16.7162 31.5
    endloop
  endfacet
  facet normal -0.194681 -0.980867 -0
    outer loop
      vertex 29.2653 16.6901 31.5
      vertex 29.1338 16.7162 24.5
      vertex 29.2653 16.6901 24.5
    endloop
  endfacet
  facet normal -0.321368 0.946954 0
    outer loop
      vertex 29.3923 14.753 24.5
      vertex 29.2653 14.7099 31.5
      vertex 29.3923 14.753 31.5
    endloop
  endfacet
  facet normal -0.321368 0.946954 0
    outer loop
      vertex 29.2653 14.7099 31.5
      vertex 29.3923 14.753 24.5
      vertex 29.2653 14.7099 24.5
    endloop
  endfacet
  facet normal 0.194681 0.980867 -0
    outer loop
      vertex 28.8662 14.6838 24.5
      vertex 28.7347 14.7099 31.5
      vertex 28.8662 14.6838 31.5
    endloop
  endfacet
  facet normal 0.194681 0.980867 0
    outer loop
      vertex 28.7347 14.7099 31.5
      vertex 28.8662 14.6838 24.5
      vertex 28.7347 14.7099 24.5
    endloop
  endfacet
  facet normal 0.321952 0.946756 -0
    outer loop
      vertex 28.7347 14.7099 24.5
      vertex 28.7 14.7217 31.5
      vertex 28.7347 14.7099 31.5
    endloop
  endfacet
  facet normal 0.321952 0.946756 0
    outer loop
      vertex 28.7 14.7217 31.5
      vertex 28.7347 14.7099 24.5
      vertex 28.7 14.7217 24.5
    endloop
  endfacet
  facet normal -1 0 0
    outer loop
      vertex 28.7 14.425 24.5
      vertex 28.7 14.7217 31.5
      vertex 28.7 14.7217 24.5
    endloop
  endfacet
  facet normal -1 -0 0
    outer loop
      vertex 28.7 14.7217 31.5
      vertex 28.7 14.425 24.5
      vertex 28.7 14.425 31.5
    endloop
  endfacet
  facet normal -1 0 0
    outer loop
      vertex 28.7 16.6783 24.5
      vertex 28.7 16.975 31.5
      vertex 28.7 16.975 24.5
    endloop
  endfacet
  facet normal -1 -0 0
    outer loop
      vertex 28.7 16.975 31.5
      vertex 28.7 16.6783 24.5
      vertex 28.7 16.6783 31.5
    endloop
  endfacet
  facet normal 0 -1 0
    outer loop
      vertex 26.1 16.975 24.5
      vertex 28.7 16.975 31.5
      vertex 26.1 16.975 31.5
    endloop
  endfacet
  facet normal 0 -1 -0
    outer loop
      vertex 28.7 16.975 31.5
      vertex 26.1 16.975 24.5
      vertex 28.7 16.975 24.5
    endloop
  endfacet
  facet normal 0 1 -0
    outer loop
      vertex 28.7 14.425 24.5
      vertex 26.1 14.425 31.5
      vertex 28.7 14.425 31.5
    endloop
  endfacet
  facet normal 0 1 0
    outer loop
      vertex 26.1 14.425 31.5
      vertex 28.7 14.425 24.5
      vertex 26.1 14.425 24.5
    endloop
  endfacet
  facet normal 0 -1 0
    outer loop
      vertex -11 12.25 -76.5
      vertex -9.1 12.25 -78
      vertex -4 12.25 -76.5
    endloop
  endfacet
  facet normal 0 -1 0
    outer loop
      vertex -11 12.25 -76.5
      vertex -9.1 12.25 -85
      vertex -9.1 12.25 -78
    endloop
  endfacet
  facet normal 0 -1 -0
    outer loop
      vertex -9.1 12.25 -85
      vertex -11 12.25 -86.5
      vertex -5.9 12.25 -85
    endloop
  endfacet
  facet normal 0 -1 0
    outer loop
      vertex -11 12.25 -86.5
      vertex -9.1 12.25 -85
      vertex -11 12.25 -76.5
    endloop
  endfacet
  facet normal 0 -1 0
    outer loop
      vertex -5.9 12.25 -78
      vertex -4 12.25 -76.5
      vertex -9.1 12.25 -78
    endloop
  endfacet
  facet normal 0 -1 0
    outer loop
      vertex -5.9 12.25 -85
      vertex -4 12.25 -76.5
      vertex -5.9 12.25 -78
    endloop
  endfacet
  facet normal 0 -1 0
    outer loop
      vertex -5.9 12.25 -85
      vertex -4 12.25 -86.5
      vertex -4 12.25 -76.5
    endloop
  endfacet
  facet normal 0 -1 0
    outer loop
      vertex -4 12.25 -86.5
      vertex -5.9 12.25 -85
      vertex -11 12.25 -86.5
    endloop
  endfacet
  facet normal 0 0 -1
    outer loop
      vertex -11 12.25 -86.5
      vertex -4 19.6 -86.5
      vertex -4 12.25 -86.5
    endloop
  endfacet
  facet normal -0 0 -1
    outer loop
      vertex -4 19.6 -86.5
      vertex -11 12.25 -86.5
      vertex -11 19.6 -86.5
    endloop
  endfacet
  facet normal -0 0 1
    outer loop
      vertex -11 19.6 -76.5
      vertex -4 12.25 -76.5
      vertex -4 19.6 -76.5
    endloop
  endfacet
  facet normal 0 0 1
    outer loop
      vertex -4 12.25 -76.5
      vertex -11 19.6 -76.5
      vertex -11 12.25 -76.5
    endloop
  endfacet
  facet normal 1 -0 0
    outer loop
      vertex -4 12.25 -76.5
      vertex -4 19.6 -86.5
      vertex -4 19.6 -76.5
    endloop
  endfacet
  facet normal 1 0 0
    outer loop
      vertex -4 19.6 -86.5
      vertex -4 12.25 -76.5
      vertex -4 12.25 -86.5
    endloop
  endfacet
  facet normal -1 0 0
    outer loop
      vertex -11 12.25 -86.5
      vertex -11 19.6 -76.5
      vertex -11 19.6 -86.5
    endloop
  endfacet
  facet normal -1 -0 0
    outer loop
      vertex -11 19.6 -76.5
      vertex -11 12.25 -86.5
      vertex -11 12.25 -76.5
    endloop
  endfacet
  facet normal -1 0 0
    outer loop
      vertex -5.9 12.25 -85
      vertex -5.9 19.45 -78
      vertex -5.9 19.45 -85
    endloop
  endfacet
  facet normal -1 -0 0
    outer loop
      vertex -5.9 19.45 -78
      vertex -5.9 12.25 -85
      vertex -5.9 12.25 -78
    endloop
  endfacet
  facet normal 0 0 -1
    outer loop
      vertex -9.1 12.25 -78
      vertex -5.9 19.45 -78
      vertex -5.9 12.25 -78
    endloop
  endfacet
  facet normal -0 0 -1
    outer loop
      vertex -5.9 19.45 -78
      vertex -9.1 12.25 -78
      vertex -9.1 19.45 -78
    endloop
  endfacet
  facet normal -0 0 1
    outer loop
      vertex -9.1 19.45 -85
      vertex -5.9 12.25 -85
      vertex -5.9 19.45 -85
    endloop
  endfacet
  facet normal 0 0 1
    outer loop
      vertex -5.9 12.25 -85
      vertex -9.1 19.45 -85
      vertex -9.1 12.25 -85
    endloop
  endfacet
  facet normal 1 -0 0
    outer loop
      vertex -9.1 12.25 -78
      vertex -9.1 19.45 -85
      vertex -9.1 19.45 -78
    endloop
  endfacet
  facet normal 1 0 0
    outer loop
      vertex -9.1 19.45 -85
      vertex -9.1 12.25 -78
      vertex -9.1 12.25 -85
    endloop
  endfacet
  facet normal 0 -1 0
    outer loop
      vertex -9.1 19.45 -85
      vertex -5.9 19.45 -78
      vertex -9.1 19.45 -78
    endloop
  endfacet
  facet normal 0 -1 -0
    outer loop
      vertex -5.9 19.45 -78
      vertex -9.1 19.45 -85
      vertex -5.9 19.45 -85
    endloop
  endfacet
  facet normal 0 -1 0
    outer loop
      vertex 4 12.25 -76.5
      vertex 5.9 12.25 -78
      vertex 11 12.25 -76.5
    endloop
  endfacet
  facet normal 0 -1 0
    outer loop
      vertex 4 12.25 -76.5
      vertex 5.9 12.25 -85
      vertex 5.9 12.25 -78
    endloop
  endfacet
  facet normal 0 -1 -0
    outer loop
      vertex 5.9 12.25 -85
      vertex 4 12.25 -86.5
      vertex 9.1 12.25 -85
    endloop
  endfacet
  facet normal 0 -1 0
    outer loop
      vertex 4 12.25 -86.5
      vertex 5.9 12.25 -85
      vertex 4 12.25 -76.5
    endloop
  endfacet
  facet normal 0 -1 0
    outer loop
      vertex 9.1 12.25 -78
      vertex 11 12.25 -76.5
      vertex 5.9 12.25 -78
    endloop
  endfacet
  facet normal 0 -1 0
    outer loop
      vertex 9.1 12.25 -85
      vertex 11 12.25 -76.5
      vertex 9.1 12.25 -78
    endloop
  endfacet
  facet normal 0 -1 0
    outer loop
      vertex 9.1 12.25 -85
      vertex 11 12.25 -86.5
      vertex 11 12.25 -76.5
    endloop
  endfacet
  facet normal 0 -1 0
    outer loop
      vertex 11 12.25 -86.5
      vertex 9.1 12.25 -85
      vertex 4 12.25 -86.5
    endloop
  endfacet
  facet normal 0 0 -1
    outer loop
      vertex 4 12.25 -86.5
      vertex 11 19.6 -86.5
      vertex 11 12.25 -86.5
    endloop
  endfacet
  facet normal -0 0 -1
    outer loop
      vertex 11 19.6 -86.5
      vertex 4 12.25 -86.5
      vertex 4 19.6 -86.5
    endloop
  endfacet
  facet normal -0 0 1
    outer loop
      vertex 4 19.6 -76.5
      vertex 11 12.25 -76.5
      vertex 11 19.6 -76.5
    endloop
  endfacet
  facet normal 0 0 1
    outer loop
      vertex 11 12.25 -76.5
      vertex 4 19.6 -76.5
      vertex 4 12.25 -76.5
    endloop
  endfacet
  facet normal 1 -0 0
    outer loop
      vertex 11 12.25 -76.5
      vertex 11 19.6 -86.5
      vertex 11 19.6 -76.5
    endloop
  endfacet
  facet normal 1 0 0
    outer loop
      vertex 11 19.6 -86.5
      vertex 11 12.25 -76.5
      vertex 11 12.25 -86.5
    endloop
  endfacet
  facet normal -1 0 0
    outer loop
      vertex 4 12.25 -86.5
      vertex 4 19.6 -76.5
      vertex 4 19.6 -86.5
    endloop
  endfacet
  facet normal -1 -0 0
    outer loop
      vertex 4 19.6 -76.5
      vertex 4 12.25 -86.5
      vertex 4 12.25 -76.5
    endloop
  endfacet
  facet normal -1 0 0
    outer loop
      vertex 9.1 12.25 -85
      vertex 9.1 19.45 -78
      vertex 9.1 19.45 -85
    endloop
  endfacet
  facet normal -1 -0 0
    outer loop
      vertex 9.1 19.45 -78
      vertex 9.1 12.25 -85
      vertex 9.1 12.25 -78
    endloop
  endfacet
  facet normal 0 0 -1
    outer loop
      vertex 5.9 12.25 -78
      vertex 9.1 19.45 -78
      vertex 9.1 12.25 -78
    endloop
  endfacet
  facet normal -0 0 -1
    outer loop
      vertex 9.1 19.45 -78
      vertex 5.9 12.25 -78
      vertex 5.9 19.45 -78
    endloop
  endfacet
  facet normal -0 0 1
    outer loop
      vertex 5.9 19.45 -85
      vertex 9.1 12.25 -85
      vertex 9.1 19.45 -85
    endloop
  endfacet
  facet normal 0 0 1
    outer loop
      vertex 9.1 12.25 -85
      vertex 5.9 19.45 -85
      vertex 5.9 12.25 -85
    endloop
  endfacet
  facet normal 1 -0 0
    outer loop
      vertex 5.9 12.25 -78
      vertex 5.9 19.45 -85
      vertex 5.9 19.45 -78
    endloop
  endfacet
  facet normal 1 0 0
    outer loop
      vertex 5.9 19.45 -85
      vertex 5.9 12.25 -78
      vertex 5.9 12.25 -85
    endloop
  endfacet
  facet normal 0 -1 0
    outer loop
      vertex 5.9 19.45 -85
      vertex 9.1 19.45 -78
      vertex 5.9 19.45 -78
    endloop
  endfacet
  facet normal 0 -1 -0
    outer loop
      vertex 9.1 19.45 -78
      vertex 5.9 19.45 -85
      vertex 9.1 19.45 -85
    endloop
  endfacet
  facet normal -0.98077 0 -0.195165
    outer loop
      vertex -18.3145 0.0999994 -70.7781
      vertex -18.3579 15.5 -70.56
      vertex -18.3145 15.5 -70.7781
    endloop
  endfacet
  facet normal -0.98077 -0 -0.195165
    outer loop
      vertex -18.3579 15.5 -70.56
      vertex -18.3145 0.0999994 -70.7781
      vertex -18.3579 0.0999994 -70.56
    endloop
  endfacet
  facet normal -0.997872 0 -0.0652057
    outer loop
      vertex -18.3 0.0999994 -71
      vertex -18.3145 15.5 -70.7781
      vertex -18.3 15.5 -71
    endloop
  endfacet
  facet normal -0.997872 -0 -0.0652057
    outer loop
      vertex -18.3145 15.5 -70.7781
      vertex -18.3 0.0999994 -71
      vertex -18.3145 0.0999994 -70.7781
    endloop
  endfacet
  facet normal -0.0652057 0 0.997872
    outer loop
      vertex -20 15.5 -72.7
      vertex -19.7781 0.0999994 -72.6855
      vertex -19.7781 15.5 -72.6855
    endloop
  endfacet
  facet normal -0.0652057 0 0.997872
    outer loop
      vertex -19.7781 0.0999994 -72.6855
      vertex -20 15.5 -72.7
      vertex -20 0.0999994 -72.7
    endloop
  endfacet
  facet normal -0.831566 0 -0.555426
    outer loop
      vertex -18.5278 0.0999994 -70.15
      vertex -18.6513 15.5 -69.9651
      vertex -18.5278 15.5 -70.15
    endloop
  endfacet
  facet normal -0.831566 -0 -0.555426
    outer loop
      vertex -18.6513 15.5 -69.9651
      vertex -18.5278 0.0999994 -70.15
      vertex -18.6513 0.0999994 -69.9651
    endloop
  endfacet
  facet normal 0.659268 0 -0.751908
    outer loop
      vertex -21.2021 0.0999994 -69.7979
      vertex -21.0349 15.5 -69.6513
      vertex -21.0349 0.0999994 -69.6513
    endloop
  endfacet
  facet normal 0.659268 0 -0.751908
    outer loop
      vertex -21.0349 15.5 -69.6513
      vertex -21.2021 0.0999994 -69.7979
      vertex -21.2021 15.5 -69.7979
    endloop
  endfacet
  facet normal 0.0652057 0 0.997872
    outer loop
      vertex -20.2219 15.5 -72.6855
      vertex -20 0.0999994 -72.7
      vertex -20 15.5 -72.7
    endloop
  endfacet
  facet normal 0.0652057 0 0.997872
    outer loop
      vertex -20 0.0999994 -72.7
      vertex -20.2219 15.5 -72.6855
      vertex -20.2219 0.0999994 -72.6855
    endloop
  endfacet
  facet normal -0.946915 0 0.321484
    outer loop
      vertex -18.4294 0.0999994 -71.6506
      vertex -18.3579 15.5 -71.44
      vertex -18.4294 15.5 -71.6506
    endloop
  endfacet
  facet normal -0.946915 0 0.321484
    outer loop
      vertex -18.3579 15.5 -71.44
      vertex -18.4294 0.0999994 -71.6506
      vertex -18.3579 0.0999994 -71.44
    endloop
  endfacet
  facet normal 0.195165 0 0.98077
    outer loop
      vertex -20.44 15.5 -72.6421
      vertex -20.2219 0.0999994 -72.6855
      vertex -20.2219 15.5 -72.6855
    endloop
  endfacet
  facet normal 0.195165 0 0.98077
    outer loop
      vertex -20.2219 0.0999994 -72.6855
      vertex -20.44 15.5 -72.6421
      vertex -20.44 0.0999994 -72.6421
    endloop
  endfacet
  facet normal -0.0652057 0 -0.997872
    outer loop
      vertex -20 0.0999994 -69.3
      vertex -19.7781 15.5 -69.3145
      vertex -19.7781 0.0999994 -69.3145
    endloop
  endfacet
  facet normal -0.0652057 0 -0.997872
    outer loop
      vertex -19.7781 15.5 -69.3145
      vertex -20 0.0999994 -69.3
      vertex -20 15.5 -69.3
    endloop
  endfacet
  facet normal -0.321484 0 0.946915
    outer loop
      vertex -19.56 15.5 -72.6421
      vertex -19.3494 0.0999994 -72.5706
      vertex -19.3494 15.5 -72.5706
    endloop
  endfacet
  facet normal -0.321484 0 0.946915
    outer loop
      vertex -19.3494 0.0999994 -72.5706
      vertex -19.56 15.5 -72.6421
      vertex -19.56 0.0999994 -72.6421
    endloop
  endfacet
  facet normal -0.751908 0 -0.659268
    outer loop
      vertex -18.6513 0.0999994 -69.9651
      vertex -18.7979 15.5 -69.7979
      vertex -18.6513 15.5 -69.9651
    endloop
  endfacet
  facet normal -0.751908 -0 -0.659268
    outer loop
      vertex -18.7979 15.5 -69.7979
      vertex -18.6513 0.0999994 -69.9651
      vertex -18.7979 0.0999994 -69.7979
    endloop
  endfacet
  facet normal 0.946915 -0 0.321484
    outer loop
      vertex -21.6421 0.0999994 -71.44
      vertex -21.5706 15.5 -71.6506
      vertex -21.6421 15.5 -71.44
    endloop
  endfacet
  facet normal 0.946915 0 0.321484
    outer loop
      vertex -21.5706 15.5 -71.6506
      vertex -21.6421 0.0999994 -71.44
      vertex -21.5706 0.0999994 -71.6506
    endloop
  endfacet
  facet normal 0.44253 0 0.896754
    outer loop
      vertex -20.85 15.5 -72.4722
      vertex -20.6506 0.0999994 -72.5706
      vertex -20.6506 15.5 -72.5706
    endloop
  endfacet
  facet normal 0.44253 0 0.896754
    outer loop
      vertex -20.6506 0.0999994 -72.5706
      vertex -20.85 15.5 -72.4722
      vertex -20.85 0.0999994 -72.4722
    endloop
  endfacet
  facet normal 0.321484 0 -0.946915
    outer loop
      vertex -20.6506 0.0999994 -69.4294
      vertex -20.44 15.5 -69.3579
      vertex -20.44 0.0999994 -69.3579
    endloop
  endfacet
  facet normal 0.321484 0 -0.946915
    outer loop
      vertex -20.44 15.5 -69.3579
      vertex -20.6506 0.0999994 -69.4294
      vertex -20.6506 15.5 -69.4294
    endloop
  endfacet
  facet normal -0.946915 0 -0.321484
    outer loop
      vertex -18.3579 0.0999994 -70.56
      vertex -18.4294 15.5 -70.3494
      vertex -18.3579 15.5 -70.56
    endloop
  endfacet
  facet normal -0.946915 -0 -0.321484
    outer loop
      vertex -18.4294 15.5 -70.3494
      vertex -18.3579 0.0999994 -70.56
      vertex -18.4294 0.0999994 -70.3494
    endloop
  endfacet
  facet normal -0.751908 0 0.659268
    outer loop
      vertex -18.7979 0.0999994 -72.2021
      vertex -18.6513 15.5 -72.0349
      vertex -18.7979 15.5 -72.2021
    endloop
  endfacet
  facet normal -0.751908 0 0.659268
    outer loop
      vertex -18.6513 15.5 -72.0349
      vertex -18.7979 0.0999994 -72.2021
      vertex -18.6513 0.0999994 -72.0349
    endloop
  endfacet
  facet normal -0.555426 0 0.831566
    outer loop
      vertex -19.15 15.5 -72.4722
      vertex -18.9651 0.0999994 -72.3487
      vertex -18.9651 15.5 -72.3487
    endloop
  endfacet
  facet normal -0.555426 0 0.831566
    outer loop
      vertex -18.9651 0.0999994 -72.3487
      vertex -19.15 15.5 -72.4722
      vertex -19.15 0.0999994 -72.4722
    endloop
  endfacet
  facet normal 0.98077 -0 0.195165
    outer loop
      vertex -21.6855 0.0999994 -71.2219
      vertex -21.6421 15.5 -71.44
      vertex -21.6855 15.5 -71.2219
    endloop
  endfacet
  facet normal 0.98077 0 0.195165
    outer loop
      vertex -21.6421 15.5 -71.44
      vertex -21.6855 0.0999994 -71.2219
      vertex -21.6421 0.0999994 -71.44
    endloop
  endfacet
  facet normal 0.751908 -0 0.659268
    outer loop
      vertex -21.3487 0.0999994 -72.0349
      vertex -21.2021 15.5 -72.2021
      vertex -21.3487 15.5 -72.0349
    endloop
  endfacet
  facet normal 0.751908 0 0.659268
    outer loop
      vertex -21.2021 15.5 -72.2021
      vertex -21.3487 0.0999994 -72.0349
      vertex -21.2021 0.0999994 -72.2021
    endloop
  endfacet
  facet normal -0.195165 0 -0.98077
    outer loop
      vertex -19.7781 0.0999994 -69.3145
      vertex -19.56 15.5 -69.3579
      vertex -19.56 0.0999994 -69.3579
    endloop
  endfacet
  facet normal -0.195165 0 -0.98077
    outer loop
      vertex -19.56 15.5 -69.3579
      vertex -19.7781 0.0999994 -69.3145
      vertex -19.7781 15.5 -69.3145
    endloop
  endfacet
  facet normal -0.896754 0 0.44253
    outer loop
      vertex -18.5278 0.0999994 -71.85
      vertex -18.4294 15.5 -71.6506
      vertex -18.5278 15.5 -71.85
    endloop
  endfacet
  facet normal -0.896754 0 0.44253
    outer loop
      vertex -18.4294 15.5 -71.6506
      vertex -18.5278 0.0999994 -71.85
      vertex -18.4294 0.0999994 -71.6506
    endloop
  endfacet
  facet normal -0.997872 0 0.0652057
    outer loop
      vertex -18.3145 0.0999994 -71.2219
      vertex -18.3 15.5 -71
      vertex -18.3145 15.5 -71.2219
    endloop
  endfacet
  facet normal -0.997872 0 0.0652057
    outer loop
      vertex -18.3 15.5 -71
      vertex -18.3145 0.0999994 -71.2219
      vertex -18.3 0.0999994 -71
    endloop
  endfacet
  facet normal -0.321484 0 -0.946915
    outer loop
      vertex -19.56 0.0999994 -69.3579
      vertex -19.3494 15.5 -69.4294
      vertex -19.3494 0.0999994 -69.4294
    endloop
  endfacet
  facet normal -0.321484 0 -0.946915
    outer loop
      vertex -19.3494 15.5 -69.4294
      vertex -19.56 0.0999994 -69.3579
      vertex -19.56 15.5 -69.3579
    endloop
  endfacet
  facet normal -0.555426 0 -0.831566
    outer loop
      vertex -19.15 0.0999994 -69.5278
      vertex -18.9651 15.5 -69.6513
      vertex -18.9651 0.0999994 -69.6513
    endloop
  endfacet
  facet normal -0.555426 0 -0.831566
    outer loop
      vertex -18.9651 15.5 -69.6513
      vertex -19.15 0.0999994 -69.5278
      vertex -19.15 15.5 -69.5278
    endloop
  endfacet
  facet normal -0.659268 0 -0.751908
    outer loop
      vertex -18.9651 0.0999994 -69.6513
      vertex -18.7979 15.5 -69.7979
      vertex -18.7979 0.0999994 -69.7979
    endloop
  endfacet
  facet normal -0.659268 0 -0.751908
    outer loop
      vertex -18.7979 15.5 -69.7979
      vertex -18.9651 0.0999994 -69.6513
      vertex -18.9651 15.5 -69.6513
    endloop
  endfacet
  facet normal 0.195165 0 -0.98077
    outer loop
      vertex -20.44 0.0999994 -69.3579
      vertex -20.2219 15.5 -69.3145
      vertex -20.2219 0.0999994 -69.3145
    endloop
  endfacet
  facet normal 0.195165 0 -0.98077
    outer loop
      vertex -20.2219 15.5 -69.3145
      vertex -20.44 0.0999994 -69.3579
      vertex -20.44 15.5 -69.3579
    endloop
  endfacet
  facet normal -0.659268 0 0.751908
    outer loop
      vertex -18.9651 15.5 -72.3487
      vertex -18.7979 0.0999994 -72.2021
      vertex -18.7979 15.5 -72.2021
    endloop
  endfacet
  facet normal -0.659268 0 0.751908
    outer loop
      vertex -18.7979 0.0999994 -72.2021
      vertex -18.9651 15.5 -72.3487
      vertex -18.9651 0.0999994 -72.3487
    endloop
  endfacet
  facet normal 0.831566 -0 0.555426
    outer loop
      vertex -21.4722 0.0999994 -71.85
      vertex -21.3487 15.5 -72.0349
      vertex -21.4722 15.5 -71.85
    endloop
  endfacet
  facet normal 0.831566 0 0.555426
    outer loop
      vertex -21.3487 15.5 -72.0349
      vertex -21.4722 0.0999994 -71.85
      vertex -21.3487 0.0999994 -72.0349
    endloop
  endfacet
  facet normal -0.98077 0 0.195165
    outer loop
      vertex -18.3579 0.0999994 -71.44
      vertex -18.3145 15.5 -71.2219
      vertex -18.3579 15.5 -71.44
    endloop
  endfacet
  facet normal -0.98077 0 0.195165
    outer loop
      vertex -18.3145 15.5 -71.2219
      vertex -18.3579 0.0999994 -71.44
      vertex -18.3145 0.0999994 -71.2219
    endloop
  endfacet
  facet normal 0.997872 0 -0.0652057
    outer loop
      vertex -21.6855 0.0999994 -70.7781
      vertex -21.7 15.5 -71
      vertex -21.6855 15.5 -70.7781
    endloop
  endfacet
  facet normal 0.997872 0 -0.0652057
    outer loop
      vertex -21.7 15.5 -71
      vertex -21.6855 0.0999994 -70.7781
      vertex -21.7 0.0999994 -71
    endloop
  endfacet
  facet normal -0.195165 0 0.98077
    outer loop
      vertex -19.7781 15.5 -72.6855
      vertex -19.56 0.0999994 -72.6421
      vertex -19.56 15.5 -72.6421
    endloop
  endfacet
  facet normal -0.195165 0 0.98077
    outer loop
      vertex -19.56 0.0999994 -72.6421
      vertex -19.7781 15.5 -72.6855
      vertex -19.7781 0.0999994 -72.6855
    endloop
  endfacet
  facet normal -0.44253 0 -0.896754
    outer loop
      vertex -19.3494 0.0999994 -69.4294
      vertex -19.15 15.5 -69.5278
      vertex -19.15 0.0999994 -69.5278
    endloop
  endfacet
  facet normal -0.44253 0 -0.896754
    outer loop
      vertex -19.15 15.5 -69.5278
      vertex -19.3494 0.0999994 -69.4294
      vertex -19.3494 15.5 -69.4294
    endloop
  endfacet
  facet normal 0.659268 0 0.751908
    outer loop
      vertex -21.2021 15.5 -72.2021
      vertex -21.0349 0.0999994 -72.3487
      vertex -21.0349 15.5 -72.3487
    endloop
  endfacet
  facet normal 0.659268 0 0.751908
    outer loop
      vertex -21.0349 0.0999994 -72.3487
      vertex -21.2021 15.5 -72.2021
      vertex -21.2021 0.0999994 -72.2021
    endloop
  endfacet
  facet normal -0.831566 0 0.555426
    outer loop
      vertex -18.6513 0.0999994 -72.0349
      vertex -18.5278 15.5 -71.85
      vertex -18.6513 15.5 -72.0349
    endloop
  endfacet
  facet normal -0.831566 0 0.555426
    outer loop
      vertex -18.5278 15.5 -71.85
      vertex -18.6513 0.0999994 -72.0349
      vertex -18.5278 0.0999994 -71.85
    endloop
  endfacet
  facet normal -0.44253 0 0.896754
    outer loop
      vertex -19.3494 15.5 -72.5706
      vertex -19.15 0.0999994 -72.4722
      vertex -19.15 15.5 -72.4722
    endloop
  endfacet
  facet normal -0.44253 0 0.896754
    outer loop
      vertex -19.15 0.0999994 -72.4722
      vertex -19.3494 15.5 -72.5706
      vertex -19.3494 0.0999994 -72.5706
    endloop
  endfacet
  facet normal 0.98077 0 -0.195165
    outer loop
      vertex -21.6421 0.0999994 -70.56
      vertex -21.6855 15.5 -70.7781
      vertex -21.6421 15.5 -70.56
    endloop
  endfacet
  facet normal 0.98077 0 -0.195165
    outer loop
      vertex -21.6855 15.5 -70.7781
      vertex -21.6421 0.0999994 -70.56
      vertex -21.6855 0.0999994 -70.7781
    endloop
  endfacet
  facet normal 0.896754 -0 0.44253
    outer loop
      vertex -21.5706 0.0999994 -71.6506
      vertex -21.4722 15.5 -71.85
      vertex -21.5706 15.5 -71.6506
    endloop
  endfacet
  facet normal 0.896754 0 0.44253
    outer loop
      vertex -21.4722 15.5 -71.85
      vertex -21.5706 0.0999994 -71.6506
      vertex -21.4722 0.0999994 -71.85
    endloop
  endfacet
  facet normal 0.946915 0 -0.321484
    outer loop
      vertex -21.5706 0.0999994 -70.3494
      vertex -21.6421 15.5 -70.56
      vertex -21.5706 15.5 -70.3494
    endloop
  endfacet
  facet normal 0.946915 0 -0.321484
    outer loop
      vertex -21.6421 15.5 -70.56
      vertex -21.5706 0.0999994 -70.3494
      vertex -21.6421 0.0999994 -70.56
    endloop
  endfacet
  facet normal -0.896754 0 -0.44253
    outer loop
      vertex -18.4294 0.0999994 -70.3494
      vertex -18.5278 15.5 -70.15
      vertex -18.4294 15.5 -70.3494
    endloop
  endfacet
  facet normal -0.896754 -0 -0.44253
    outer loop
      vertex -18.5278 15.5 -70.15
      vertex -18.4294 0.0999994 -70.3494
      vertex -18.5278 0.0999994 -70.15
    endloop
  endfacet
  facet normal 0.0652057 0 -0.997872
    outer loop
      vertex -20.2219 0.0999994 -69.3145
      vertex -20 15.5 -69.3
      vertex -20 0.0999994 -69.3
    endloop
  endfacet
  facet normal 0.0652057 0 -0.997872
    outer loop
      vertex -20 15.5 -69.3
      vertex -20.2219 0.0999994 -69.3145
      vertex -20.2219 15.5 -69.3145
    endloop
  endfacet
  facet normal 0.751908 0 -0.659268
    outer loop
      vertex -21.2021 0.0999994 -69.7979
      vertex -21.3487 15.5 -69.9651
      vertex -21.2021 15.5 -69.7979
    endloop
  endfacet
  facet normal 0.751908 0 -0.659268
    outer loop
      vertex -21.3487 15.5 -69.9651
      vertex -21.2021 0.0999994 -69.7979
      vertex -21.3487 0.0999994 -69.9651
    endloop
  endfacet
  facet normal 0.321484 0 0.946915
    outer loop
      vertex -20.6506 15.5 -72.5706
      vertex -20.44 0.0999994 -72.6421
      vertex -20.44 15.5 -72.6421
    endloop
  endfacet
  facet normal 0.321484 0 0.946915
    outer loop
      vertex -20.44 0.0999994 -72.6421
      vertex -20.6506 15.5 -72.5706
      vertex -20.6506 0.0999994 -72.5706
    endloop
  endfacet
  facet normal 0.896754 0 -0.44253
    outer loop
      vertex -21.4722 0.0999994 -70.15
      vertex -21.5706 15.5 -70.3494
      vertex -21.4722 15.5 -70.15
    endloop
  endfacet
  facet normal 0.896754 0 -0.44253
    outer loop
      vertex -21.5706 15.5 -70.3494
      vertex -21.4722 0.0999994 -70.15
      vertex -21.5706 0.0999994 -70.3494
    endloop
  endfacet
  facet normal 0.44253 0 -0.896754
    outer loop
      vertex -20.85 0.0999994 -69.5278
      vertex -20.6506 15.5 -69.4294
      vertex -20.6506 0.0999994 -69.4294
    endloop
  endfacet
  facet normal 0.44253 0 -0.896754
    outer loop
      vertex -20.6506 15.5 -69.4294
      vertex -20.85 0.0999994 -69.5278
      vertex -20.85 15.5 -69.5278
    endloop
  endfacet
  facet normal 0.997872 -0 0.0652057
    outer loop
      vertex -21.7 0.0999994 -71
      vertex -21.6855 15.5 -71.2219
      vertex -21.7 15.5 -71
    endloop
  endfacet
  facet normal 0.997872 0 0.0652057
    outer loop
      vertex -21.6855 15.5 -71.2219
      vertex -21.7 0.0999994 -71
      vertex -21.6855 0.0999994 -71.2219
    endloop
  endfacet
  facet normal 0.555426 0 -0.831566
    outer loop
      vertex -21.0349 0.0999994 -69.6513
      vertex -20.85 15.5 -69.5278
      vertex -20.85 0.0999994 -69.5278
    endloop
  endfacet
  facet normal 0.555426 0 -0.831566
    outer loop
      vertex -20.85 15.5 -69.5278
      vertex -21.0349 0.0999994 -69.6513
      vertex -21.0349 15.5 -69.6513
    endloop
  endfacet
  facet normal 0.831566 0 -0.555426
    outer loop
      vertex -21.3487 0.0999994 -69.9651
      vertex -21.4722 15.5 -70.15
      vertex -21.3487 15.5 -69.9651
    endloop
  endfacet
  facet normal 0.831566 0 -0.555426
    outer loop
      vertex -21.4722 15.5 -70.15
      vertex -21.3487 0.0999994 -69.9651
      vertex -21.4722 0.0999994 -70.15
    endloop
  endfacet
  facet normal 0.555426 0 0.831566
    outer loop
      vertex -21.0349 15.5 -72.3487
      vertex -20.85 0.0999994 -72.4722
      vertex -20.85 15.5 -72.4722
    endloop
  endfacet
  facet normal 0.555426 0 0.831566
    outer loop
      vertex -20.85 0.0999994 -72.4722
      vertex -21.0349 15.5 -72.3487
      vertex -21.0349 0.0999994 -72.3487
    endloop
  endfacet
  facet normal -0.980817 0 -0.194931
    outer loop
      vertex -16.6787 15.5 -70.5627
      vertex -16.7641 22 -70.133
      vertex -16.6787 22 -70.5627
    endloop
  endfacet
  facet normal -0.980817 -0 -0.194931
    outer loop
      vertex -16.7641 22 -70.133
      vertex -16.6787 15.5 -70.5627
      vertex -16.7641 15.5 -70.133
    endloop
  endfacet
  facet normal -0.997853 0 -0.0654891
    outer loop
      vertex -16.65 15.5 -71
      vertex -16.6787 22 -70.5627
      vertex -16.65 22 -71
    endloop
  endfacet
  facet normal -0.997853 -0 -0.0654891
    outer loop
      vertex -16.6787 22 -70.5627
      vertex -16.65 15.5 -71
      vertex -16.6787 15.5 -70.5627
    endloop
  endfacet
  facet normal 0 1 0
    outer loop
      vertex -20 15.5 -69.3
      vertex -20 15.5 -67.65
      vertex -19.5627 15.5 -67.6787
    endloop
  endfacet
  facet normal 0 1 0
    outer loop
      vertex -19.7781 15.5 -69.3145
      vertex -19.5627 15.5 -67.6787
      vertex -19.133 15.5 -67.7641
    endloop
  endfacet
  facet normal 0 1 0
    outer loop
      vertex -20 15.5 -67.65
      vertex -20 15.5 -69.3
      vertex -20.4373 15.5 -67.6787
    endloop
  endfacet
  facet normal 0 1 0
    outer loop
      vertex -19.56 15.5 -69.3579
      vertex -19.133 15.5 -67.7641
      vertex -18.718 15.5 -67.905
    endloop
  endfacet
  facet normal 0 1 -0
    outer loop
      vertex -20.2219 15.5 -69.3145
      vertex -20.4373 15.5 -67.6787
      vertex -20 15.5 -69.3
    endloop
  endfacet
  facet normal 0 1 0
    outer loop
      vertex -19.3494 15.5 -69.4294
      vertex -18.718 15.5 -67.905
      vertex -18.325 15.5 -68.0988
    endloop
  endfacet
  facet normal 0 1 0
    outer loop
      vertex -20.4373 15.5 -67.6787
      vertex -20.2219 15.5 -69.3145
      vertex -20.867 15.5 -67.7641
    endloop
  endfacet
  facet normal 0 1 0
    outer loop
      vertex -19.15 15.5 -69.5278
      vertex -18.325 15.5 -68.0988
      vertex -17.9606 15.5 -68.3423
    endloop
  endfacet
  facet normal 0 1 -0
    outer loop
      vertex -20.44 15.5 -69.3579
      vertex -20.867 15.5 -67.7641
      vertex -20.2219 15.5 -69.3145
    endloop
  endfacet
  facet normal 0 1 0
    outer loop
      vertex -18.9651 15.5 -69.6513
      vertex -17.9606 15.5 -68.3423
      vertex -17.6312 15.5 -68.6312
    endloop
  endfacet
  facet normal 0 1 0
    outer loop
      vertex -20.867 15.5 -67.7641
      vertex -20.44 15.5 -69.3579
      vertex -21.282 15.5 -67.905
    endloop
  endfacet
  facet normal 0 1 0
    outer loop
      vertex -18.7979 15.5 -69.7979
      vertex -17.6312 15.5 -68.6312
      vertex -17.3423 15.5 -68.9606
    endloop
  endfacet
  facet normal 0 1 -0
    outer loop
      vertex -20.6506 15.5 -69.4294
      vertex -21.282 15.5 -67.905
      vertex -20.44 15.5 -69.3579
    endloop
  endfacet
  facet normal 0 1 0
    outer loop
      vertex -21.282 15.5 -67.905
      vertex -20.6506 15.5 -69.4294
      vertex -21.675 15.5 -68.0988
    endloop
  endfacet
  facet normal 0 1 0
    outer loop
      vertex -19.5627 15.5 -67.6787
      vertex -19.7781 15.5 -69.3145
      vertex -20 15.5 -69.3
    endloop
  endfacet
  facet normal 0 1 0
    outer loop
      vertex -18.6513 15.5 -69.9651
      vertex -17.3423 15.5 -68.9606
      vertex -17.0988 15.5 -69.325
    endloop
  endfacet
  facet normal 0 1 0
    outer loop
      vertex -19.133 15.5 -67.7641
      vertex -19.56 15.5 -69.3579
      vertex -19.7781 15.5 -69.3145
    endloop
  endfacet
  facet normal 0 1 0
    outer loop
      vertex -18.718 15.5 -67.905
      vertex -19.3494 15.5 -69.4294
      vertex -19.56 15.5 -69.3579
    endloop
  endfacet
  facet normal 0 1 0
    outer loop
      vertex -18.325 15.5 -68.0988
      vertex -19.15 15.5 -69.5278
      vertex -19.3494 15.5 -69.4294
    endloop
  endfacet
  facet normal 0 1 0
    outer loop
      vertex -17.9606 15.5 -68.3423
      vertex -18.9651 15.5 -69.6513
      vertex -19.15 15.5 -69.5278
    endloop
  endfacet
  facet normal 0 1 0
    outer loop
      vertex -18.5278 15.5 -70.15
      vertex -17.0988 15.5 -69.325
      vertex -16.905 15.5 -69.718
    endloop
  endfacet
  facet normal 0 1 0
    outer loop
      vertex -17.6312 15.5 -68.6312
      vertex -18.7979 15.5 -69.7979
      vertex -18.9651 15.5 -69.6513
    endloop
  endfacet
  facet normal 0 1 0
    outer loop
      vertex -17.3423 15.5 -68.9606
      vertex -18.6513 15.5 -69.9651
      vertex -18.7979 15.5 -69.7979
    endloop
  endfacet
  facet normal 0 1 0
    outer loop
      vertex -18.4294 15.5 -70.3494
      vertex -16.905 15.5 -69.718
      vertex -16.7641 15.5 -70.133
    endloop
  endfacet
  facet normal 0 1 0
    outer loop
      vertex -17.0988 15.5 -69.325
      vertex -18.5278 15.5 -70.15
      vertex -18.6513 15.5 -69.9651
    endloop
  endfacet
  facet normal 0 1 0
    outer loop
      vertex -16.905 15.5 -69.718
      vertex -18.4294 15.5 -70.3494
      vertex -18.5278 15.5 -70.15
    endloop
  endfacet
  facet normal 0 1 0
    outer loop
      vertex -16.7641 15.5 -70.133
      vertex -18.3579 15.5 -70.56
      vertex -18.4294 15.5 -70.3494
    endloop
  endfacet
  facet normal 0 1 0
    outer loop
      vertex -16.6787 15.5 -70.5627
      vertex -18.3579 15.5 -70.56
      vertex -16.7641 15.5 -70.133
    endloop
  endfacet
  facet normal 0 1 0
    outer loop
      vertex -16.6787 15.5 -70.5627
      vertex -18.3145 15.5 -70.7781
      vertex -18.3579 15.5 -70.56
    endloop
  endfacet
  facet normal 0 1 0
    outer loop
      vertex -16.65 15.5 -71
      vertex -18.3145 15.5 -70.7781
      vertex -16.6787 15.5 -70.5627
    endloop
  endfacet
  facet normal 0 1 0
    outer loop
      vertex -16.65 15.5 -71
      vertex -18.3 15.5 -71
      vertex -18.3145 15.5 -70.7781
    endloop
  endfacet
  facet normal 0 1 0
    outer loop
      vertex -16.65 15.5 -71
      vertex -18.3145 15.5 -71.2219
      vertex -18.3 15.5 -71
    endloop
  endfacet
  facet normal 0 1 -0
    outer loop
      vertex -16.6787 15.5 -71.4373
      vertex -18.3145 15.5 -71.2219
      vertex -16.65 15.5 -71
    endloop
  endfacet
  facet normal 0 1 0
    outer loop
      vertex -16.6787 15.5 -71.4373
      vertex -18.3579 15.5 -71.44
      vertex -18.3145 15.5 -71.2219
    endloop
  endfacet
  facet normal 0 1 -0
    outer loop
      vertex -16.7641 15.5 -71.867
      vertex -18.3579 15.5 -71.44
      vertex -16.6787 15.5 -71.4373
    endloop
  endfacet
  facet normal 0 1 0
    outer loop
      vertex -18.3579 15.5 -71.44
      vertex -16.7641 15.5 -71.867
      vertex -18.4294 15.5 -71.6506
    endloop
  endfacet
  facet normal 0 1 -0
    outer loop
      vertex -16.905 15.5 -72.282
      vertex -18.4294 15.5 -71.6506
      vertex -16.7641 15.5 -71.867
    endloop
  endfacet
  facet normal 0 1 0
    outer loop
      vertex -18.4294 15.5 -71.6506
      vertex -16.905 15.5 -72.282
      vertex -18.5278 15.5 -71.85
    endloop
  endfacet
  facet normal 0 1 -0
    outer loop
      vertex -17.0988 15.5 -72.675
      vertex -18.5278 15.5 -71.85
      vertex -16.905 15.5 -72.282
    endloop
  endfacet
  facet normal 0 1 0
    outer loop
      vertex -18.5278 15.5 -71.85
      vertex -17.0988 15.5 -72.675
      vertex -18.6513 15.5 -72.0349
    endloop
  endfacet
  facet normal 0 1 -0
    outer loop
      vertex -17.3423 15.5 -73.0394
      vertex -18.6513 15.5 -72.0349
      vertex -17.0988 15.5 -72.675
    endloop
  endfacet
  facet normal 0 1 0
    outer loop
      vertex -18.6513 15.5 -72.0349
      vertex -17.3423 15.5 -73.0394
      vertex -18.7979 15.5 -72.2021
    endloop
  endfacet
  facet normal 0 1 -0
    outer loop
      vertex -17.6312 15.5 -73.3688
      vertex -18.7979 15.5 -72.2021
      vertex -17.3423 15.5 -73.0394
    endloop
  endfacet
  facet normal 0 1 0
    outer loop
      vertex -18.7979 15.5 -72.2021
      vertex -17.6312 15.5 -73.3688
      vertex -18.9651 15.5 -72.3487
    endloop
  endfacet
  facet normal 0 1 -0
    outer loop
      vertex -17.9606 15.5 -73.6577
      vertex -18.9651 15.5 -72.3487
      vertex -17.6312 15.5 -73.3688
    endloop
  endfacet
  facet normal 0 1 0
    outer loop
      vertex -18.9651 15.5 -72.3487
      vertex -17.9606 15.5 -73.6577
      vertex -19.15 15.5 -72.4722
    endloop
  endfacet
  facet normal 0 1 -0
    outer loop
      vertex -18.325 15.5 -73.9012
      vertex -19.15 15.5 -72.4722
      vertex -17.9606 15.5 -73.6577
    endloop
  endfacet
  facet normal 0 1 0
    outer loop
      vertex -19.15 15.5 -72.4722
      vertex -18.325 15.5 -73.9012
      vertex -19.3494 15.5 -72.5706
    endloop
  endfacet
  facet normal 0 1 -0
    outer loop
      vertex -20.85 15.5 -69.5278
      vertex -21.675 15.5 -68.0988
      vertex -20.6506 15.5 -69.4294
    endloop
  endfacet
  facet normal 0 1 0
    outer loop
      vertex -21.675 15.5 -68.0988
      vertex -20.85 15.5 -69.5278
      vertex -22.0394 15.5 -68.3423
    endloop
  endfacet
  facet normal 0 1 -0
    outer loop
      vertex -21.0349 15.5 -69.6513
      vertex -22.0394 15.5 -68.3423
      vertex -20.85 15.5 -69.5278
    endloop
  endfacet
  facet normal 0 1 0
    outer loop
      vertex -22.0394 15.5 -68.3423
      vertex -21.0349 15.5 -69.6513
      vertex -22.3688 15.5 -68.6312
    endloop
  endfacet
  facet normal 0 1 -0
    outer loop
      vertex -21.2021 15.5 -69.7979
      vertex -22.3688 15.5 -68.6312
      vertex -21.0349 15.5 -69.6513
    endloop
  endfacet
  facet normal 0 1 0
    outer loop
      vertex -22.3688 15.5 -68.6312
      vertex -21.2021 15.5 -69.7979
      vertex -22.6577 15.5 -68.9606
    endloop
  endfacet
  facet normal 0 1 -0
    outer loop
      vertex -21.3487 15.5 -69.9651
      vertex -22.6577 15.5 -68.9606
      vertex -21.2021 15.5 -69.7979
    endloop
  endfacet
  facet normal 0 1 0
    outer loop
      vertex -22.6577 15.5 -68.9606
      vertex -21.3487 15.5 -69.9651
      vertex -22.9012 15.5 -69.325
    endloop
  endfacet
  facet normal 0 1 -0
    outer loop
      vertex -21.4722 15.5 -70.15
      vertex -22.9012 15.5 -69.325
      vertex -21.3487 15.5 -69.9651
    endloop
  endfacet
  facet normal 0 1 0
    outer loop
      vertex -22.9012 15.5 -69.325
      vertex -21.4722 15.5 -70.15
      vertex -23.095 15.5 -69.718
    endloop
  endfacet
  facet normal 0 1 -0
    outer loop
      vertex -21.5706 15.5 -70.3494
      vertex -23.095 15.5 -69.718
      vertex -21.4722 15.5 -70.15
    endloop
  endfacet
  facet normal 0 1 0
    outer loop
      vertex -23.095 15.5 -69.718
      vertex -21.5706 15.5 -70.3494
      vertex -23.2359 15.5 -70.133
    endloop
  endfacet
  facet normal 0 1 -0
    outer loop
      vertex -21.6421 15.5 -70.56
      vertex -23.2359 15.5 -70.133
      vertex -21.5706 15.5 -70.3494
    endloop
  endfacet
  facet normal 0 1 0
    outer loop
      vertex -21.6421 15.5 -70.56
      vertex -23.3213 15.5 -70.5627
      vertex -23.2359 15.5 -70.133
    endloop
  endfacet
  facet normal 0 1 -0
    outer loop
      vertex -21.6855 15.5 -70.7781
      vertex -23.3213 15.5 -70.5627
      vertex -21.6421 15.5 -70.56
    endloop
  endfacet
  facet normal 0 1 -0
    outer loop
      vertex -21.7 15.5 -71
      vertex -23.3213 15.5 -70.5627
      vertex -21.6855 15.5 -70.7781
    endloop
  endfacet
  facet normal 0 1 0
    outer loop
      vertex -21.7 15.5 -71
      vertex -23.35 15.5 -71
      vertex -23.3213 15.5 -70.5627
    endloop
  endfacet
  facet normal 0 1 0
    outer loop
      vertex -21.6855 15.5 -71.2219
      vertex -23.35 15.5 -71
      vertex -21.7 15.5 -71
    endloop
  endfacet
  facet normal 0 1 0
    outer loop
      vertex -21.6855 15.5 -71.2219
      vertex -23.3213 15.5 -71.4373
      vertex -23.35 15.5 -71
    endloop
  endfacet
  facet normal 0 1 0
    outer loop
      vertex -21.6421 15.5 -71.44
      vertex -23.3213 15.5 -71.4373
      vertex -21.6855 15.5 -71.2219
    endloop
  endfacet
  facet normal 0 1 0
    outer loop
      vertex -23.2359 15.5 -71.867
      vertex -21.6421 15.5 -71.44
      vertex -21.5706 15.5 -71.6506
    endloop
  endfacet
  facet normal 0 1 0
    outer loop
      vertex -23.095 15.5 -72.282
      vertex -21.5706 15.5 -71.6506
      vertex -21.4722 15.5 -71.85
    endloop
  endfacet
  facet normal 0 1 0
    outer loop
      vertex -21.6421 15.5 -71.44
      vertex -23.2359 15.5 -71.867
      vertex -23.3213 15.5 -71.4373
    endloop
  endfacet
  facet normal 0 1 0
    outer loop
      vertex -22.9012 15.5 -72.675
      vertex -21.4722 15.5 -71.85
      vertex -21.3487 15.5 -72.0349
    endloop
  endfacet
  facet normal 0 1 0
    outer loop
      vertex -22.6577 15.5 -73.0394
      vertex -21.3487 15.5 -72.0349
      vertex -21.2021 15.5 -72.2021
    endloop
  endfacet
  facet normal 0 1 0
    outer loop
      vertex -21.5706 15.5 -71.6506
      vertex -23.095 15.5 -72.282
      vertex -23.2359 15.5 -71.867
    endloop
  endfacet
  facet normal 0 1 0
    outer loop
      vertex -22.3688 15.5 -73.3688
      vertex -21.2021 15.5 -72.2021
      vertex -21.0349 15.5 -72.3487
    endloop
  endfacet
  facet normal 0 1 0
    outer loop
      vertex -22.0394 15.5 -73.6577
      vertex -21.0349 15.5 -72.3487
      vertex -20.85 15.5 -72.4722
    endloop
  endfacet
  facet normal 0 1 0
    outer loop
      vertex -21.675 15.5 -73.9012
      vertex -20.85 15.5 -72.4722
      vertex -20.6506 15.5 -72.5706
    endloop
  endfacet
  facet normal 0 1 0
    outer loop
      vertex -21.282 15.5 -74.095
      vertex -20.6506 15.5 -72.5706
      vertex -20.44 15.5 -72.6421
    endloop
  endfacet
  facet normal 0 1 0
    outer loop
      vertex -21.4722 15.5 -71.85
      vertex -22.9012 15.5 -72.675
      vertex -23.095 15.5 -72.282
    endloop
  endfacet
  facet normal 0 1 0
    outer loop
      vertex -20.867 15.5 -74.2359
      vertex -20.44 15.5 -72.6421
      vertex -20.2219 15.5 -72.6855
    endloop
  endfacet
  facet normal 0 1 0
    outer loop
      vertex -20.4373 15.5 -74.3213
      vertex -20.2219 15.5 -72.6855
      vertex -20 15.5 -72.7
    endloop
  endfacet
  facet normal 0 1 -0
    outer loop
      vertex -18.718 15.5 -74.095
      vertex -19.3494 15.5 -72.5706
      vertex -18.325 15.5 -73.9012
    endloop
  endfacet
  facet normal 0 1 0
    outer loop
      vertex -21.3487 15.5 -72.0349
      vertex -22.6577 15.5 -73.0394
      vertex -22.9012 15.5 -72.675
    endloop
  endfacet
  facet normal 0 1 0
    outer loop
      vertex -19.3494 15.5 -72.5706
      vertex -18.718 15.5 -74.095
      vertex -19.56 15.5 -72.6421
    endloop
  endfacet
  facet normal 0 1 0
    outer loop
      vertex -21.2021 15.5 -72.2021
      vertex -22.3688 15.5 -73.3688
      vertex -22.6577 15.5 -73.0394
    endloop
  endfacet
  facet normal 0 1 -0
    outer loop
      vertex -19.133 15.5 -74.2359
      vertex -19.56 15.5 -72.6421
      vertex -18.718 15.5 -74.095
    endloop
  endfacet
  facet normal 0 1 0
    outer loop
      vertex -21.0349 15.5 -72.3487
      vertex -22.0394 15.5 -73.6577
      vertex -22.3688 15.5 -73.3688
    endloop
  endfacet
  facet normal 0 1 0
    outer loop
      vertex -19.56 15.5 -72.6421
      vertex -19.133 15.5 -74.2359
      vertex -19.7781 15.5 -72.6855
    endloop
  endfacet
  facet normal 0 1 0
    outer loop
      vertex -20.85 15.5 -72.4722
      vertex -21.675 15.5 -73.9012
      vertex -22.0394 15.5 -73.6577
    endloop
  endfacet
  facet normal 0 1 -0
    outer loop
      vertex -19.5627 15.5 -74.3213
      vertex -19.7781 15.5 -72.6855
      vertex -19.133 15.5 -74.2359
    endloop
  endfacet
  facet normal 0 1 0
    outer loop
      vertex -20.6506 15.5 -72.5706
      vertex -21.282 15.5 -74.095
      vertex -21.675 15.5 -73.9012
    endloop
  endfacet
  facet normal 0 1 0
    outer loop
      vertex -19.7781 15.5 -72.6855
      vertex -19.5627 15.5 -74.3213
      vertex -20 15.5 -72.7
    endloop
  endfacet
  facet normal 0 1 0
    outer loop
      vertex -20.44 15.5 -72.6421
      vertex -20.867 15.5 -74.2359
      vertex -21.282 15.5 -74.095
    endloop
  endfacet
  facet normal 0 1 0
    outer loop
      vertex -20 15.5 -74.35
      vertex -20 15.5 -72.7
      vertex -19.5627 15.5 -74.3213
    endloop
  endfacet
  facet normal 0 1 0
    outer loop
      vertex -20.2219 15.5 -72.6855
      vertex -20.4373 15.5 -74.3213
      vertex -20.867 15.5 -74.2359
    endloop
  endfacet
  facet normal 0 1 0
    outer loop
      vertex -20 15.5 -72.7
      vertex -20 15.5 -74.35
      vertex -20.4373 15.5 -74.3213
    endloop
  endfacet
  facet normal 0.946912 -0 0.321494
    outer loop
      vertex -23.2359 15.5 -71.867
      vertex -23.095 22 -72.282
      vertex -23.2359 22 -71.867
    endloop
  endfacet
  facet normal 0.946912 0 0.321494
    outer loop
      vertex -23.095 22 -72.282
      vertex -23.2359 15.5 -71.867
      vertex -23.095 15.5 -72.282
    endloop
  endfacet
  facet normal -0.659377 0 0.751813
    outer loop
      vertex -17.9606 22 -73.6577
      vertex -17.6312 15.5 -73.3688
      vertex -17.6312 22 -73.3688
    endloop
  endfacet
  facet normal -0.659377 0 0.751813
    outer loop
      vertex -17.6312 15.5 -73.3688
      vertex -17.9606 22 -73.6577
      vertex -17.9606 15.5 -73.6577
    endloop
  endfacet
  facet normal -0.0654891 0 0.997853
    outer loop
      vertex -20 22 -74.35
      vertex -19.5627 15.5 -74.3213
      vertex -19.5627 22 -74.3213
    endloop
  endfacet
  facet normal -0.0654891 0 0.997853
    outer loop
      vertex -19.5627 15.5 -74.3213
      vertex -20 22 -74.35
      vertex -20 15.5 -74.35
    endloop
  endfacet
  facet normal 0.896878 0 -0.442277
    outer loop
      vertex -22.9012 15.5 -69.325
      vertex -23.095 22 -69.718
      vertex -22.9012 22 -69.325
    endloop
  endfacet
  facet normal 0.896878 0 -0.442277
    outer loop
      vertex -23.095 22 -69.718
      vertex -22.9012 15.5 -69.325
      vertex -23.095 15.5 -69.718
    endloop
  endfacet
  facet normal -0.751813 0 -0.659377
    outer loop
      vertex -17.3423 15.5 -68.9606
      vertex -17.6312 22 -68.6312
      vertex -17.3423 22 -68.9606
    endloop
  endfacet
  facet normal -0.751813 -0 -0.659377
    outer loop
      vertex -17.6312 22 -68.6312
      vertex -17.3423 15.5 -68.9606
      vertex -17.6312 15.5 -68.6312
    endloop
  endfacet
  facet normal -0.831453 0 -0.555595
    outer loop
      vertex -17.0988 15.5 -69.325
      vertex -17.3423 22 -68.9606
      vertex -17.0988 22 -69.325
    endloop
  endfacet
  facet normal -0.831453 -0 -0.555595
    outer loop
      vertex -17.3423 22 -68.9606
      vertex -17.0988 15.5 -69.325
      vertex -17.3423 15.5 -68.9606
    endloop
  endfacet
  facet normal 0.555595 0 -0.831453
    outer loop
      vertex -22.0394 15.5 -68.3423
      vertex -21.675 22 -68.0988
      vertex -21.675 15.5 -68.0988
    endloop
  endfacet
  facet normal 0.555595 0 -0.831453
    outer loop
      vertex -21.675 22 -68.0988
      vertex -22.0394 15.5 -68.3423
      vertex -22.0394 22 -68.3423
    endloop
  endfacet
  facet normal 0.980817 0 -0.194931
    outer loop
      vertex -23.2359 15.5 -70.133
      vertex -23.3213 22 -70.5627
      vertex -23.2359 22 -70.133
    endloop
  endfacet
  facet normal 0.980817 0 -0.194931
    outer loop
      vertex -23.3213 22 -70.5627
      vertex -23.2359 15.5 -70.133
      vertex -23.3213 15.5 -70.5627
    endloop
  endfacet
  facet normal -0.896878 0 0.442277
    outer loop
      vertex -17.0988 15.5 -72.675
      vertex -16.905 22 -72.282
      vertex -17.0988 22 -72.675
    endloop
  endfacet
  facet normal -0.896878 0 0.442277
    outer loop
      vertex -16.905 22 -72.282
      vertex -17.0988 15.5 -72.675
      vertex -16.905 15.5 -72.282
    endloop
  endfacet
  facet normal 0.194931 0 0.980817
    outer loop
      vertex -20.867 22 -74.2359
      vertex -20.4373 15.5 -74.3213
      vertex -20.4373 22 -74.3213
    endloop
  endfacet
  facet normal 0.194931 0 0.980817
    outer loop
      vertex -20.4373 15.5 -74.3213
      vertex -20.867 22 -74.2359
      vertex -20.867 15.5 -74.2359
    endloop
  endfacet
  facet normal -0.831453 0 0.555595
    outer loop
      vertex -17.3423 15.5 -73.0394
      vertex -17.0988 22 -72.675
      vertex -17.3423 22 -73.0394
    endloop
  endfacet
  facet normal -0.831453 0 0.555595
    outer loop
      vertex -17.0988 22 -72.675
      vertex -17.3423 15.5 -73.0394
      vertex -17.0988 15.5 -72.675
    endloop
  endfacet
  facet normal 0.442277 0 0.896878
    outer loop
      vertex -21.675 22 -73.9012
      vertex -21.282 15.5 -74.095
      vertex -21.282 22 -74.095
    endloop
  endfacet
  facet normal 0.442277 0 0.896878
    outer loop
      vertex -21.282 15.5 -74.095
      vertex -21.675 22 -73.9012
      vertex -21.675 15.5 -73.9012
    endloop
  endfacet
  facet normal 0.659377 0 0.751813
    outer loop
      vertex -22.3688 22 -73.3688
      vertex -22.0394 15.5 -73.6577
      vertex -22.0394 22 -73.6577
    endloop
  endfacet
  facet normal 0.659377 0 0.751813
    outer loop
      vertex -22.0394 15.5 -73.6577
      vertex -22.3688 22 -73.3688
      vertex -22.3688 15.5 -73.3688
    endloop
  endfacet
  facet normal 0.896878 -0 0.442277
    outer loop
      vertex -23.095 15.5 -72.282
      vertex -22.9012 22 -72.675
      vertex -23.095 22 -72.282
    endloop
  endfacet
  facet normal 0.896878 0 0.442277
    outer loop
      vertex -22.9012 22 -72.675
      vertex -23.095 15.5 -72.282
      vertex -22.9012 15.5 -72.675
    endloop
  endfacet
  facet normal 0.659377 0 -0.751813
    outer loop
      vertex -22.3688 15.5 -68.6312
      vertex -22.0394 22 -68.3423
      vertex -22.0394 15.5 -68.3423
    endloop
  endfacet
  facet normal 0.659377 0 -0.751813
    outer loop
      vertex -22.0394 22 -68.3423
      vertex -22.3688 15.5 -68.6312
      vertex -22.3688 22 -68.6312
    endloop
  endfacet
  facet normal -0.946912 0 -0.321494
    outer loop
      vertex -16.7641 15.5 -70.133
      vertex -16.905 22 -69.718
      vertex -16.7641 22 -70.133
    endloop
  endfacet
  facet normal -0.946912 -0 -0.321494
    outer loop
      vertex -16.905 22 -69.718
      vertex -16.7641 15.5 -70.133
      vertex -16.905 15.5 -69.718
    endloop
  endfacet
  facet normal 0.980817 -0 0.194931
    outer loop
      vertex -23.3213 15.5 -71.4373
      vertex -23.2359 22 -71.867
      vertex -23.3213 22 -71.4373
    endloop
  endfacet
  facet normal 0.980817 0 0.194931
    outer loop
      vertex -23.2359 22 -71.867
      vertex -23.3213 15.5 -71.4373
      vertex -23.2359 15.5 -71.867
    endloop
  endfacet
  facet normal 0.997853 -0 0.0654891
    outer loop
      vertex -23.35 15.5 -71
      vertex -23.3213 22 -71.4373
      vertex -23.35 22 -71
    endloop
  endfacet
  facet normal 0.997853 0 0.0654891
    outer loop
      vertex -23.3213 22 -71.4373
      vertex -23.35 15.5 -71
      vertex -23.3213 15.5 -71.4373
    endloop
  endfacet
  facet normal -0.555595 0 -0.831453
    outer loop
      vertex -18.325 15.5 -68.0988
      vertex -17.9606 22 -68.3423
      vertex -17.9606 15.5 -68.3423
    endloop
  endfacet
  facet normal -0.555595 0 -0.831453
    outer loop
      vertex -17.9606 22 -68.3423
      vertex -18.325 15.5 -68.0988
      vertex -18.325 22 -68.0988
    endloop
  endfacet
  facet normal 0.0654891 0 -0.997853
    outer loop
      vertex -20.4373 15.5 -67.6787
      vertex -20 22 -67.65
      vertex -20 15.5 -67.65
    endloop
  endfacet
  facet normal 0.0654891 0 -0.997853
    outer loop
      vertex -20 22 -67.65
      vertex -20.4373 15.5 -67.6787
      vertex -20.4373 22 -67.6787
    endloop
  endfacet
  facet normal -0.980817 0 0.194931
    outer loop
      vertex -16.7641 15.5 -71.867
      vertex -16.6787 22 -71.4373
      vertex -16.7641 22 -71.867
    endloop
  endfacet
  facet normal -0.980817 0 0.194931
    outer loop
      vertex -16.6787 22 -71.4373
      vertex -16.7641 15.5 -71.867
      vertex -16.6787 15.5 -71.4373
    endloop
  endfacet
  facet normal -0.751813 0 0.659377
    outer loop
      vertex -17.6312 15.5 -73.3688
      vertex -17.3423 22 -73.0394
      vertex -17.6312 22 -73.3688
    endloop
  endfacet
  facet normal -0.751813 0 0.659377
    outer loop
      vertex -17.3423 22 -73.0394
      vertex -17.6312 15.5 -73.3688
      vertex -17.3423 15.5 -73.0394
    endloop
  endfacet
  facet normal -0.997853 0 0.0654891
    outer loop
      vertex -16.6787 15.5 -71.4373
      vertex -16.65 22 -71
      vertex -16.6787 22 -71.4373
    endloop
  endfacet
  facet normal -0.997853 0 0.0654891
    outer loop
      vertex -16.65 22 -71
      vertex -16.6787 15.5 -71.4373
      vertex -16.65 15.5 -71
    endloop
  endfacet
  facet normal 0.442277 0 -0.896878
    outer loop
      vertex -21.675 15.5 -68.0988
      vertex -21.282 22 -67.905
      vertex -21.282 15.5 -67.905
    endloop
  endfacet
  facet normal 0.442277 0 -0.896878
    outer loop
      vertex -21.282 22 -67.905
      vertex -21.675 15.5 -68.0988
      vertex -21.675 22 -68.0988
    endloop
  endfacet
  facet normal -0.659377 0 -0.751813
    outer loop
      vertex -17.9606 15.5 -68.3423
      vertex -17.6312 22 -68.6312
      vertex -17.6312 15.5 -68.6312
    endloop
  endfacet
  facet normal -0.659377 0 -0.751813
    outer loop
      vertex -17.6312 22 -68.6312
      vertex -17.9606 15.5 -68.3423
      vertex -17.9606 22 -68.3423
    endloop
  endfacet
  facet normal -0.194931 0 0.980817
    outer loop
      vertex -19.5627 22 -74.3213
      vertex -19.133 15.5 -74.2359
      vertex -19.133 22 -74.2359
    endloop
  endfacet
  facet normal -0.194931 0 0.980817
    outer loop
      vertex -19.133 15.5 -74.2359
      vertex -19.5627 22 -74.3213
      vertex -19.5627 15.5 -74.3213
    endloop
  endfacet
  facet normal 0.321494 0 -0.946912
    outer loop
      vertex -21.282 15.5 -67.905
      vertex -20.867 22 -67.7641
      vertex -20.867 15.5 -67.7641
    endloop
  endfacet
  facet normal 0.321494 0 -0.946912
    outer loop
      vertex -20.867 22 -67.7641
      vertex -21.282 15.5 -67.905
      vertex -21.282 22 -67.905
    endloop
  endfacet
  facet normal -0.555595 0 0.831453
    outer loop
      vertex -18.325 22 -73.9012
      vertex -17.9606 15.5 -73.6577
      vertex -17.9606 22 -73.6577
    endloop
  endfacet
  facet normal -0.555595 0 0.831453
    outer loop
      vertex -17.9606 15.5 -73.6577
      vertex -18.325 22 -73.9012
      vertex -18.325 15.5 -73.9012
    endloop
  endfacet
  facet normal 0.751813 -0 0.659377
    outer loop
      vertex -22.6577 15.5 -73.0394
      vertex -22.3688 22 -73.3688
      vertex -22.6577 22 -73.0394
    endloop
  endfacet
  facet normal 0.751813 0 0.659377
    outer loop
      vertex -22.3688 22 -73.3688
      vertex -22.6577 15.5 -73.0394
      vertex -22.3688 15.5 -73.3688
    endloop
  endfacet
  facet normal -0.0654891 0 -0.997853
    outer loop
      vertex -20 15.5 -67.65
      vertex -19.5627 22 -67.6787
      vertex -19.5627 15.5 -67.6787
    endloop
  endfacet
  facet normal -0.0654891 0 -0.997853
    outer loop
      vertex -19.5627 22 -67.6787
      vertex -20 15.5 -67.65
      vertex -20 22 -67.65
    endloop
  endfacet
  facet normal 0.194931 0 -0.980817
    outer loop
      vertex -20.867 15.5 -67.7641
      vertex -20.4373 22 -67.6787
      vertex -20.4373 15.5 -67.6787
    endloop
  endfacet
  facet normal 0.194931 0 -0.980817
    outer loop
      vertex -20.4373 22 -67.6787
      vertex -20.867 15.5 -67.7641
      vertex -20.867 22 -67.7641
    endloop
  endfacet
  facet normal -0.442277 0 -0.896878
    outer loop
      vertex -18.718 15.5 -67.905
      vertex -18.325 22 -68.0988
      vertex -18.325 15.5 -68.0988
    endloop
  endfacet
  facet normal -0.442277 0 -0.896878
    outer loop
      vertex -18.325 22 -68.0988
      vertex -18.718 15.5 -67.905
      vertex -18.718 22 -67.905
    endloop
  endfacet
  facet normal -0.321494 0 -0.946912
    outer loop
      vertex -19.133 15.5 -67.7641
      vertex -18.718 22 -67.905
      vertex -18.718 15.5 -67.905
    endloop
  endfacet
  facet normal -0.321494 0 -0.946912
    outer loop
      vertex -18.718 22 -67.905
      vertex -19.133 15.5 -67.7641
      vertex -19.133 22 -67.7641
    endloop
  endfacet
  facet normal -0.194931 0 -0.980817
    outer loop
      vertex -19.5627 15.5 -67.6787
      vertex -19.133 22 -67.7641
      vertex -19.133 15.5 -67.7641
    endloop
  endfacet
  facet normal -0.194931 0 -0.980817
    outer loop
      vertex -19.133 22 -67.7641
      vertex -19.5627 15.5 -67.6787
      vertex -19.5627 22 -67.6787
    endloop
  endfacet
  facet normal 0.946912 0 -0.321494
    outer loop
      vertex -23.095 15.5 -69.718
      vertex -23.2359 22 -70.133
      vertex -23.095 22 -69.718
    endloop
  endfacet
  facet normal 0.946912 0 -0.321494
    outer loop
      vertex -23.2359 22 -70.133
      vertex -23.095 15.5 -69.718
      vertex -23.2359 15.5 -70.133
    endloop
  endfacet
  facet normal -0.896878 0 -0.442277
    outer loop
      vertex -16.905 15.5 -69.718
      vertex -17.0988 22 -69.325
      vertex -16.905 22 -69.718
    endloop
  endfacet
  facet normal -0.896878 -0 -0.442277
    outer loop
      vertex -17.0988 22 -69.325
      vertex -16.905 15.5 -69.718
      vertex -17.0988 15.5 -69.325
    endloop
  endfacet
  facet normal 0.997853 0 -0.0654891
    outer loop
      vertex -23.3213 15.5 -70.5627
      vertex -23.35 22 -71
      vertex -23.3213 22 -70.5627
    endloop
  endfacet
  facet normal 0.997853 0 -0.0654891
    outer loop
      vertex -23.35 22 -71
      vertex -23.3213 15.5 -70.5627
      vertex -23.35 15.5 -71
    endloop
  endfacet
  facet normal -0.442277 0 0.896878
    outer loop
      vertex -18.718 22 -74.095
      vertex -18.325 15.5 -73.9012
      vertex -18.325 22 -73.9012
    endloop
  endfacet
  facet normal -0.442277 0 0.896878
    outer loop
      vertex -18.325 15.5 -73.9012
      vertex -18.718 22 -74.095
      vertex -18.718 15.5 -74.095
    endloop
  endfacet
  facet normal -0.946912 0 0.321494
    outer loop
      vertex -16.905 15.5 -72.282
      vertex -16.7641 22 -71.867
      vertex -16.905 22 -72.282
    endloop
  endfacet
  facet normal -0.946912 0 0.321494
    outer loop
      vertex -16.7641 22 -71.867
      vertex -16.905 15.5 -72.282
      vertex -16.7641 15.5 -71.867
    endloop
  endfacet
  facet normal -0.321494 0 0.946912
    outer loop
      vertex -19.133 22 -74.2359
      vertex -18.718 15.5 -74.095
      vertex -18.718 22 -74.095
    endloop
  endfacet
  facet normal -0.321494 0 0.946912
    outer loop
      vertex -18.718 15.5 -74.095
      vertex -19.133 22 -74.2359
      vertex -19.133 15.5 -74.2359
    endloop
  endfacet
  facet normal 0.321494 0 0.946912
    outer loop
      vertex -21.282 22 -74.095
      vertex -20.867 15.5 -74.2359
      vertex -20.867 22 -74.2359
    endloop
  endfacet
  facet normal 0.321494 0 0.946912
    outer loop
      vertex -20.867 15.5 -74.2359
      vertex -21.282 22 -74.095
      vertex -21.282 15.5 -74.095
    endloop
  endfacet
  facet normal 0.831453 -0 0.555595
    outer loop
      vertex -22.9012 15.5 -72.675
      vertex -22.6577 22 -73.0394
      vertex -22.9012 22 -72.675
    endloop
  endfacet
  facet normal 0.831453 0 0.555595
    outer loop
      vertex -22.6577 22 -73.0394
      vertex -22.9012 15.5 -72.675
      vertex -22.6577 15.5 -73.0394
    endloop
  endfacet
  facet normal 0.555595 0 0.831453
    outer loop
      vertex -22.0394 22 -73.6577
      vertex -21.675 15.5 -73.9012
      vertex -21.675 22 -73.9012
    endloop
  endfacet
  facet normal 0.555595 0 0.831453
    outer loop
      vertex -21.675 15.5 -73.9012
      vertex -22.0394 22 -73.6577
      vertex -22.0394 15.5 -73.6577
    endloop
  endfacet
  facet normal 0.0654891 0 0.997853
    outer loop
      vertex -20.4373 22 -74.3213
      vertex -20 15.5 -74.35
      vertex -20 22 -74.35
    endloop
  endfacet
  facet normal 0.0654891 0 0.997853
    outer loop
      vertex -20 15.5 -74.35
      vertex -20.4373 22 -74.3213
      vertex -20.4373 15.5 -74.3213
    endloop
  endfacet
  facet normal 0.831453 0 -0.555595
    outer loop
      vertex -22.6577 15.5 -68.9606
      vertex -22.9012 22 -69.325
      vertex -22.6577 22 -68.9606
    endloop
  endfacet
  facet normal 0.831453 0 -0.555595
    outer loop
      vertex -22.9012 22 -69.325
      vertex -22.6577 15.5 -68.9606
      vertex -22.9012 15.5 -69.325
    endloop
  endfacet
  facet normal 0.751813 0 -0.659377
    outer loop
      vertex -22.3688 15.5 -68.6312
      vertex -22.6577 22 -68.9606
      vertex -22.3688 22 -68.6312
    endloop
  endfacet
  facet normal 0.751813 0 -0.659377
    outer loop
      vertex -22.6577 22 -68.9606
      vertex -22.3688 15.5 -68.6312
      vertex -22.6577 15.5 -68.9606
    endloop
  endfacet
  facet normal -0.98077 0 -0.195165
    outer loop
      vertex 21.6855 0.0999994 -70.7781
      vertex 21.6421 15.5 -70.56
      vertex 21.6855 15.5 -70.7781
    endloop
  endfacet
  facet normal -0.98077 -0 -0.195165
    outer loop
      vertex 21.6421 15.5 -70.56
      vertex 21.6855 0.0999994 -70.7781
      vertex 21.6421 0.0999994 -70.56
    endloop
  endfacet
  facet normal -0.997872 0 -0.0652057
    outer loop
      vertex 21.7 0.0999994 -71
      vertex 21.6855 15.5 -70.7781
      vertex 21.7 15.5 -71
    endloop
  endfacet
  facet normal -0.997872 -0 -0.0652057
    outer loop
      vertex 21.6855 15.5 -70.7781
      vertex 21.7 0.0999994 -71
      vertex 21.6855 0.0999994 -70.7781
    endloop
  endfacet
  facet normal -0.0652057 0 0.997872
    outer loop
      vertex 20 15.5 -72.7
      vertex 20.2219 0.0999994 -72.6855
      vertex 20.2219 15.5 -72.6855
    endloop
  endfacet
  facet normal -0.0652057 0 0.997872
    outer loop
      vertex 20.2219 0.0999994 -72.6855
      vertex 20 15.5 -72.7
      vertex 20 0.0999994 -72.7
    endloop
  endfacet
  facet normal -0.831566 0 -0.555426
    outer loop
      vertex 21.4722 0.0999994 -70.15
      vertex 21.3487 15.5 -69.9651
      vertex 21.4722 15.5 -70.15
    endloop
  endfacet
  facet normal -0.831566 -0 -0.555426
    outer loop
      vertex 21.3487 15.5 -69.9651
      vertex 21.4722 0.0999994 -70.15
      vertex 21.3487 0.0999994 -69.9651
    endloop
  endfacet
  facet normal 0.659268 0 -0.751908
    outer loop
      vertex 18.7979 0.0999994 -69.7979
      vertex 18.9651 15.5 -69.6513
      vertex 18.9651 0.0999994 -69.6513
    endloop
  endfacet
  facet normal 0.659268 0 -0.751908
    outer loop
      vertex 18.9651 15.5 -69.6513
      vertex 18.7979 0.0999994 -69.7979
      vertex 18.7979 15.5 -69.7979
    endloop
  endfacet
  facet normal 0.0652057 0 0.997872
    outer loop
      vertex 19.7781 15.5 -72.6855
      vertex 20 0.0999994 -72.7
      vertex 20 15.5 -72.7
    endloop
  endfacet
  facet normal 0.0652057 0 0.997872
    outer loop
      vertex 20 0.0999994 -72.7
      vertex 19.7781 15.5 -72.6855
      vertex 19.7781 0.0999994 -72.6855
    endloop
  endfacet
  facet normal -0.946915 0 0.321484
    outer loop
      vertex 21.5706 0.0999994 -71.6506
      vertex 21.6421 15.5 -71.44
      vertex 21.5706 15.5 -71.6506
    endloop
  endfacet
  facet normal -0.946915 0 0.321484
    outer loop
      vertex 21.6421 15.5 -71.44
      vertex 21.5706 0.0999994 -71.6506
      vertex 21.6421 0.0999994 -71.44
    endloop
  endfacet
  facet normal 0.195165 0 0.98077
    outer loop
      vertex 19.56 15.5 -72.6421
      vertex 19.7781 0.0999994 -72.6855
      vertex 19.7781 15.5 -72.6855
    endloop
  endfacet
  facet normal 0.195165 0 0.98077
    outer loop
      vertex 19.7781 0.0999994 -72.6855
      vertex 19.56 15.5 -72.6421
      vertex 19.56 0.0999994 -72.6421
    endloop
  endfacet
  facet normal -0.0652057 0 -0.997872
    outer loop
      vertex 20 0.0999994 -69.3
      vertex 20.2219 15.5 -69.3145
      vertex 20.2219 0.0999994 -69.3145
    endloop
  endfacet
  facet normal -0.0652057 0 -0.997872
    outer loop
      vertex 20.2219 15.5 -69.3145
      vertex 20 0.0999994 -69.3
      vertex 20 15.5 -69.3
    endloop
  endfacet
  facet normal -0.321484 0 0.946915
    outer loop
      vertex 20.44 15.5 -72.6421
      vertex 20.6506 0.0999994 -72.5706
      vertex 20.6506 15.5 -72.5706
    endloop
  endfacet
  facet normal -0.321484 0 0.946915
    outer loop
      vertex 20.6506 0.0999994 -72.5706
      vertex 20.44 15.5 -72.6421
      vertex 20.44 0.0999994 -72.6421
    endloop
  endfacet
  facet normal 0.946915 -0 0.321484
    outer loop
      vertex 18.3579 0.0999994 -71.44
      vertex 18.4294 15.5 -71.6506
      vertex 18.3579 15.5 -71.44
    endloop
  endfacet
  facet normal 0.946915 0 0.321484
    outer loop
      vertex 18.4294 15.5 -71.6506
      vertex 18.3579 0.0999994 -71.44
      vertex 18.4294 0.0999994 -71.6506
    endloop
  endfacet
  facet normal 0.44253 0 0.896754
    outer loop
      vertex 19.15 15.5 -72.4722
      vertex 19.3494 0.0999994 -72.5706
      vertex 19.3494 15.5 -72.5706
    endloop
  endfacet
  facet normal 0.44253 0 0.896754
    outer loop
      vertex 19.3494 0.0999994 -72.5706
      vertex 19.15 15.5 -72.4722
      vertex 19.15 0.0999994 -72.4722
    endloop
  endfacet
  facet normal 0.321484 0 -0.946915
    outer loop
      vertex 19.3494 0.0999994 -69.4294
      vertex 19.56 15.5 -69.3579
      vertex 19.56 0.0999994 -69.3579
    endloop
  endfacet
  facet normal 0.321484 0 -0.946915
    outer loop
      vertex 19.56 15.5 -69.3579
      vertex 19.3494 0.0999994 -69.4294
      vertex 19.3494 15.5 -69.4294
    endloop
  endfacet
  facet normal -0.946915 0 -0.321484
    outer loop
      vertex 21.6421 0.0999994 -70.56
      vertex 21.5706 15.5 -70.3494
      vertex 21.6421 15.5 -70.56
    endloop
  endfacet
  facet normal -0.946915 -0 -0.321484
    outer loop
      vertex 21.5706 15.5 -70.3494
      vertex 21.6421 0.0999994 -70.56
      vertex 21.5706 0.0999994 -70.3494
    endloop
  endfacet
  facet normal -0.751908 0 0.659268
    outer loop
      vertex 21.2021 0.0999994 -72.2021
      vertex 21.3487 15.5 -72.0349
      vertex 21.2021 15.5 -72.2021
    endloop
  endfacet
  facet normal -0.751908 0 0.659268
    outer loop
      vertex 21.3487 15.5 -72.0349
      vertex 21.2021 0.0999994 -72.2021
      vertex 21.3487 0.0999994 -72.0349
    endloop
  endfacet
  facet normal -0.555426 0 0.831566
    outer loop
      vertex 20.85 15.5 -72.4722
      vertex 21.0349 0.0999994 -72.3487
      vertex 21.0349 15.5 -72.3487
    endloop
  endfacet
  facet normal -0.555426 0 0.831566
    outer loop
      vertex 21.0349 0.0999994 -72.3487
      vertex 20.85 15.5 -72.4722
      vertex 20.85 0.0999994 -72.4722
    endloop
  endfacet
  facet normal 0.98077 -0 0.195165
    outer loop
      vertex 18.3145 0.0999994 -71.2219
      vertex 18.3579 15.5 -71.44
      vertex 18.3145 15.5 -71.2219
    endloop
  endfacet
  facet normal 0.98077 0 0.195165
    outer loop
      vertex 18.3579 15.5 -71.44
      vertex 18.3145 0.0999994 -71.2219
      vertex 18.3579 0.0999994 -71.44
    endloop
  endfacet
  facet normal 0.751908 -0 0.659268
    outer loop
      vertex 18.6513 0.0999994 -72.0349
      vertex 18.7979 15.5 -72.2021
      vertex 18.6513 15.5 -72.0349
    endloop
  endfacet
  facet normal 0.751908 0 0.659268
    outer loop
      vertex 18.7979 15.5 -72.2021
      vertex 18.6513 0.0999994 -72.0349
      vertex 18.7979 0.0999994 -72.2021
    endloop
  endfacet
  facet normal -0.195165 0 -0.98077
    outer loop
      vertex 20.2219 0.0999994 -69.3145
      vertex 20.44 15.5 -69.3579
      vertex 20.44 0.0999994 -69.3579
    endloop
  endfacet
  facet normal -0.195165 0 -0.98077
    outer loop
      vertex 20.44 15.5 -69.3579
      vertex 20.2219 0.0999994 -69.3145
      vertex 20.2219 15.5 -69.3145
    endloop
  endfacet
  facet normal -0.98077 0 0.195165
    outer loop
      vertex 21.6421 0.0999994 -71.44
      vertex 21.6855 15.5 -71.2219
      vertex 21.6421 15.5 -71.44
    endloop
  endfacet
  facet normal -0.98077 0 0.195165
    outer loop
      vertex 21.6855 15.5 -71.2219
      vertex 21.6421 0.0999994 -71.44
      vertex 21.6855 0.0999994 -71.2219
    endloop
  endfacet
  facet normal -0.896754 0 0.44253
    outer loop
      vertex 21.4722 0.0999994 -71.85
      vertex 21.5706 15.5 -71.6506
      vertex 21.4722 15.5 -71.85
    endloop
  endfacet
  facet normal -0.896754 0 0.44253
    outer loop
      vertex 21.5706 15.5 -71.6506
      vertex 21.4722 0.0999994 -71.85
      vertex 21.5706 0.0999994 -71.6506
    endloop
  endfacet
  facet normal -0.997872 0 0.0652057
    outer loop
      vertex 21.6855 0.0999994 -71.2219
      vertex 21.7 15.5 -71
      vertex 21.6855 15.5 -71.2219
    endloop
  endfacet
  facet normal -0.997872 0 0.0652057
    outer loop
      vertex 21.7 15.5 -71
      vertex 21.6855 0.0999994 -71.2219
      vertex 21.7 0.0999994 -71
    endloop
  endfacet
  facet normal -0.321484 0 -0.946915
    outer loop
      vertex 20.44 0.0999994 -69.3579
      vertex 20.6506 15.5 -69.4294
      vertex 20.6506 0.0999994 -69.4294
    endloop
  endfacet
  facet normal -0.321484 0 -0.946915
    outer loop
      vertex 20.6506 15.5 -69.4294
      vertex 20.44 0.0999994 -69.3579
      vertex 20.44 15.5 -69.3579
    endloop
  endfacet
  facet normal -0.555426 0 -0.831566
    outer loop
      vertex 20.85 0.0999994 -69.5278
      vertex 21.0349 15.5 -69.6513
      vertex 21.0349 0.0999994 -69.6513
    endloop
  endfacet
  facet normal -0.555426 0 -0.831566
    outer loop
      vertex 21.0349 15.5 -69.6513
      vertex 20.85 0.0999994 -69.5278
      vertex 20.85 15.5 -69.5278
    endloop
  endfacet
  facet normal -0.659268 0 -0.751908
    outer loop
      vertex 21.0349 0.0999994 -69.6513
      vertex 21.2021 15.5 -69.7979
      vertex 21.2021 0.0999994 -69.7979
    endloop
  endfacet
  facet normal -0.659268 0 -0.751908
    outer loop
      vertex 21.2021 15.5 -69.7979
      vertex 21.0349 0.0999994 -69.6513
      vertex 21.0349 15.5 -69.6513
    endloop
  endfacet
  facet normal -0.659268 0 0.751908
    outer loop
      vertex 21.0349 15.5 -72.3487
      vertex 21.2021 0.0999994 -72.2021
      vertex 21.2021 15.5 -72.2021
    endloop
  endfacet
  facet normal -0.659268 0 0.751908
    outer loop
      vertex 21.2021 0.0999994 -72.2021
      vertex 21.0349 15.5 -72.3487
      vertex 21.0349 0.0999994 -72.3487
    endloop
  endfacet
  facet normal 0.831566 -0 0.555426
    outer loop
      vertex 18.5278 0.0999994 -71.85
      vertex 18.6513 15.5 -72.0349
      vertex 18.5278 15.5 -71.85
    endloop
  endfacet
  facet normal 0.831566 0 0.555426
    outer loop
      vertex 18.6513 15.5 -72.0349
      vertex 18.5278 0.0999994 -71.85
      vertex 18.6513 0.0999994 -72.0349
    endloop
  endfacet
  facet normal 0.997872 0 -0.0652057
    outer loop
      vertex 18.3145 0.0999994 -70.7781
      vertex 18.3 15.5 -71
      vertex 18.3145 15.5 -70.7781
    endloop
  endfacet
  facet normal 0.997872 0 -0.0652057
    outer loop
      vertex 18.3 15.5 -71
      vertex 18.3145 0.0999994 -70.7781
      vertex 18.3 0.0999994 -71
    endloop
  endfacet
  facet normal -0.751908 0 -0.659268
    outer loop
      vertex 21.3487 0.0999994 -69.9651
      vertex 21.2021 15.5 -69.7979
      vertex 21.3487 15.5 -69.9651
    endloop
  endfacet
  facet normal -0.751908 -0 -0.659268
    outer loop
      vertex 21.2021 15.5 -69.7979
      vertex 21.3487 0.0999994 -69.9651
      vertex 21.2021 0.0999994 -69.7979
    endloop
  endfacet
  facet normal -0.195165 0 0.98077
    outer loop
      vertex 20.2219 15.5 -72.6855
      vertex 20.44 0.0999994 -72.6421
      vertex 20.44 15.5 -72.6421
    endloop
  endfacet
  facet normal -0.195165 0 0.98077
    outer loop
      vertex 20.44 0.0999994 -72.6421
      vertex 20.2219 15.5 -72.6855
      vertex 20.2219 0.0999994 -72.6855
    endloop
  endfacet
  facet normal -0.44253 0 -0.896754
    outer loop
      vertex 20.6506 0.0999994 -69.4294
      vertex 20.85 15.5 -69.5278
      vertex 20.85 0.0999994 -69.5278
    endloop
  endfacet
  facet normal -0.44253 0 -0.896754
    outer loop
      vertex 20.85 15.5 -69.5278
      vertex 20.6506 0.0999994 -69.4294
      vertex 20.6506 15.5 -69.4294
    endloop
  endfacet
  facet normal 0.659268 0 0.751908
    outer loop
      vertex 18.7979 15.5 -72.2021
      vertex 18.9651 0.0999994 -72.3487
      vertex 18.9651 15.5 -72.3487
    endloop
  endfacet
  facet normal 0.659268 0 0.751908
    outer loop
      vertex 18.9651 0.0999994 -72.3487
      vertex 18.7979 15.5 -72.2021
      vertex 18.7979 0.0999994 -72.2021
    endloop
  endfacet
  facet normal -0.831566 0 0.555426
    outer loop
      vertex 21.3487 0.0999994 -72.0349
      vertex 21.4722 15.5 -71.85
      vertex 21.3487 15.5 -72.0349
    endloop
  endfacet
  facet normal -0.831566 0 0.555426
    outer loop
      vertex 21.4722 15.5 -71.85
      vertex 21.3487 0.0999994 -72.0349
      vertex 21.4722 0.0999994 -71.85
    endloop
  endfacet
  facet normal -0.44253 0 0.896754
    outer loop
      vertex 20.6506 15.5 -72.5706
      vertex 20.85 0.0999994 -72.4722
      vertex 20.85 15.5 -72.4722
    endloop
  endfacet
  facet normal -0.44253 0 0.896754
    outer loop
      vertex 20.85 0.0999994 -72.4722
      vertex 20.6506 15.5 -72.5706
      vertex 20.6506 0.0999994 -72.5706
    endloop
  endfacet
  facet normal 0.98077 0 -0.195165
    outer loop
      vertex 18.3579 0.0999994 -70.56
      vertex 18.3145 15.5 -70.7781
      vertex 18.3579 15.5 -70.56
    endloop
  endfacet
  facet normal 0.98077 0 -0.195165
    outer loop
      vertex 18.3145 15.5 -70.7781
      vertex 18.3579 0.0999994 -70.56
      vertex 18.3145 0.0999994 -70.7781
    endloop
  endfacet
  facet normal 0.896754 -0 0.44253
    outer loop
      vertex 18.4294 0.0999994 -71.6506
      vertex 18.5278 15.5 -71.85
      vertex 18.4294 15.5 -71.6506
    endloop
  endfacet
  facet normal 0.896754 0 0.44253
    outer loop
      vertex 18.5278 15.5 -71.85
      vertex 18.4294 0.0999994 -71.6506
      vertex 18.5278 0.0999994 -71.85
    endloop
  endfacet
  facet normal 0.946915 0 -0.321484
    outer loop
      vertex 18.4294 0.0999994 -70.3494
      vertex 18.3579 15.5 -70.56
      vertex 18.4294 15.5 -70.3494
    endloop
  endfacet
  facet normal 0.946915 0 -0.321484
    outer loop
      vertex 18.3579 15.5 -70.56
      vertex 18.4294 0.0999994 -70.3494
      vertex 18.3579 0.0999994 -70.56
    endloop
  endfacet
  facet normal -0.896754 0 -0.44253
    outer loop
      vertex 21.5706 0.0999994 -70.3494
      vertex 21.4722 15.5 -70.15
      vertex 21.5706 15.5 -70.3494
    endloop
  endfacet
  facet normal -0.896754 -0 -0.44253
    outer loop
      vertex 21.4722 15.5 -70.15
      vertex 21.5706 0.0999994 -70.3494
      vertex 21.4722 0.0999994 -70.15
    endloop
  endfacet
  facet normal 0.0652057 0 -0.997872
    outer loop
      vertex 19.7781 0.0999994 -69.3145
      vertex 20 15.5 -69.3
      vertex 20 0.0999994 -69.3
    endloop
  endfacet
  facet normal 0.0652057 0 -0.997872
    outer loop
      vertex 20 15.5 -69.3
      vertex 19.7781 0.0999994 -69.3145
      vertex 19.7781 15.5 -69.3145
    endloop
  endfacet
  facet normal 0.195165 0 -0.98077
    outer loop
      vertex 19.56 0.0999994 -69.3579
      vertex 19.7781 15.5 -69.3145
      vertex 19.7781 0.0999994 -69.3145
    endloop
  endfacet
  facet normal 0.195165 0 -0.98077
    outer loop
      vertex 19.7781 15.5 -69.3145
      vertex 19.56 0.0999994 -69.3579
      vertex 19.56 15.5 -69.3579
    endloop
  endfacet
  facet normal 0.751908 0 -0.659268
    outer loop
      vertex 18.7979 0.0999994 -69.7979
      vertex 18.6513 15.5 -69.9651
      vertex 18.7979 15.5 -69.7979
    endloop
  endfacet
  facet normal 0.751908 0 -0.659268
    outer loop
      vertex 18.6513 15.5 -69.9651
      vertex 18.7979 0.0999994 -69.7979
      vertex 18.6513 0.0999994 -69.9651
    endloop
  endfacet
  facet normal 0.321484 0 0.946915
    outer loop
      vertex 19.3494 15.5 -72.5706
      vertex 19.56 0.0999994 -72.6421
      vertex 19.56 15.5 -72.6421
    endloop
  endfacet
  facet normal 0.321484 0 0.946915
    outer loop
      vertex 19.56 0.0999994 -72.6421
      vertex 19.3494 15.5 -72.5706
      vertex 19.3494 0.0999994 -72.5706
    endloop
  endfacet
  facet normal 0.896754 0 -0.44253
    outer loop
      vertex 18.5278 0.0999994 -70.15
      vertex 18.4294 15.5 -70.3494
      vertex 18.5278 15.5 -70.15
    endloop
  endfacet
  facet normal 0.896754 0 -0.44253
    outer loop
      vertex 18.4294 15.5 -70.3494
      vertex 18.5278 0.0999994 -70.15
      vertex 18.4294 0.0999994 -70.3494
    endloop
  endfacet
  facet normal 0.44253 0 -0.896754
    outer loop
      vertex 19.15 0.0999994 -69.5278
      vertex 19.3494 15.5 -69.4294
      vertex 19.3494 0.0999994 -69.4294
    endloop
  endfacet
  facet normal 0.44253 0 -0.896754
    outer loop
      vertex 19.3494 15.5 -69.4294
      vertex 19.15 0.0999994 -69.5278
      vertex 19.15 15.5 -69.5278
    endloop
  endfacet
  facet normal 0.997872 -0 0.0652057
    outer loop
      vertex 18.3 0.0999994 -71
      vertex 18.3145 15.5 -71.2219
      vertex 18.3 15.5 -71
    endloop
  endfacet
  facet normal 0.997872 0 0.0652057
    outer loop
      vertex 18.3145 15.5 -71.2219
      vertex 18.3 0.0999994 -71
      vertex 18.3145 0.0999994 -71.2219
    endloop
  endfacet
  facet normal 0.555426 0 -0.831566
    outer loop
      vertex 18.9651 0.0999994 -69.6513
      vertex 19.15 15.5 -69.5278
      vertex 19.15 0.0999994 -69.5278
    endloop
  endfacet
  facet normal 0.555426 0 -0.831566
    outer loop
      vertex 19.15 15.5 -69.5278
      vertex 18.9651 0.0999994 -69.6513
      vertex 18.9651 15.5 -69.6513
    endloop
  endfacet
  facet normal 0.831566 0 -0.555426
    outer loop
      vertex 18.6513 0.0999994 -69.9651
      vertex 18.5278 15.5 -70.15
      vertex 18.6513 15.5 -69.9651
    endloop
  endfacet
  facet normal 0.831566 0 -0.555426
    outer loop
      vertex 18.5278 15.5 -70.15
      vertex 18.6513 0.0999994 -69.9651
      vertex 18.5278 0.0999994 -70.15
    endloop
  endfacet
  facet normal 0.555426 0 0.831566
    outer loop
      vertex 18.9651 15.5 -72.3487
      vertex 19.15 0.0999994 -72.4722
      vertex 19.15 15.5 -72.4722
    endloop
  endfacet
  facet normal 0.555426 0 0.831566
    outer loop
      vertex 19.15 0.0999994 -72.4722
      vertex 18.9651 15.5 -72.3487
      vertex 18.9651 0.0999994 -72.3487
    endloop
  endfacet
  facet normal -0.980817 0 -0.194931
    outer loop
      vertex 23.3213 15.5 -70.5627
      vertex 23.2359 22 -70.133
      vertex 23.3213 22 -70.5627
    endloop
  endfacet
  facet normal -0.980817 -0 -0.194931
    outer loop
      vertex 23.2359 22 -70.133
      vertex 23.3213 15.5 -70.5627
      vertex 23.2359 15.5 -70.133
    endloop
  endfacet
  facet normal -0.997853 0 -0.0654891
    outer loop
      vertex 23.35 15.5 -71
      vertex 23.3213 22 -70.5627
      vertex 23.35 22 -71
    endloop
  endfacet
  facet normal -0.997853 -0 -0.0654891
    outer loop
      vertex 23.3213 22 -70.5627
      vertex 23.35 15.5 -71
      vertex 23.3213 15.5 -70.5627
    endloop
  endfacet
  facet normal 0 1 0
    outer loop
      vertex 20 15.5 -69.3
      vertex 20 15.5 -67.65
      vertex 20.4373 15.5 -67.6787
    endloop
  endfacet
  facet normal 0 1 0
    outer loop
      vertex 20.2219 15.5 -69.3145
      vertex 20.4373 15.5 -67.6787
      vertex 20.867 15.5 -67.7641
    endloop
  endfacet
  facet normal 0 1 0
    outer loop
      vertex 20 15.5 -67.65
      vertex 20 15.5 -69.3
      vertex 19.5627 15.5 -67.6787
    endloop
  endfacet
  facet normal 0 1 0
    outer loop
      vertex 20.44 15.5 -69.3579
      vertex 20.867 15.5 -67.7641
      vertex 21.282 15.5 -67.905
    endloop
  endfacet
  facet normal 0 1 -0
    outer loop
      vertex 19.7781 15.5 -69.3145
      vertex 19.5627 15.5 -67.6787
      vertex 20 15.5 -69.3
    endloop
  endfacet
  facet normal 0 1 0
    outer loop
      vertex 20.6506 15.5 -69.4294
      vertex 21.282 15.5 -67.905
      vertex 21.675 15.5 -68.0988
    endloop
  endfacet
  facet normal 0 1 0
    outer loop
      vertex 19.5627 15.5 -67.6787
      vertex 19.7781 15.5 -69.3145
      vertex 19.133 15.5 -67.7641
    endloop
  endfacet
  facet normal 0 1 0
    outer loop
      vertex 20.85 15.5 -69.5278
      vertex 21.675 15.5 -68.0988
      vertex 22.0394 15.5 -68.3423
    endloop
  endfacet
  facet normal 0 1 -0
    outer loop
      vertex 19.56 15.5 -69.3579
      vertex 19.133 15.5 -67.7641
      vertex 19.7781 15.5 -69.3145
    endloop
  endfacet
  facet normal 0 1 0
    outer loop
      vertex 21.0349 15.5 -69.6513
      vertex 22.0394 15.5 -68.3423
      vertex 22.3688 15.5 -68.6312
    endloop
  endfacet
  facet normal 0 1 0
    outer loop
      vertex 19.133 15.5 -67.7641
      vertex 19.56 15.5 -69.3579
      vertex 18.718 15.5 -67.905
    endloop
  endfacet
  facet normal 0 1 0
    outer loop
      vertex 21.2021 15.5 -69.7979
      vertex 22.3688 15.5 -68.6312
      vertex 22.6577 15.5 -68.9606
    endloop
  endfacet
  facet normal 0 1 -0
    outer loop
      vertex 19.3494 15.5 -69.4294
      vertex 18.718 15.5 -67.905
      vertex 19.56 15.5 -69.3579
    endloop
  endfacet
  facet normal 0 1 0
    outer loop
      vertex 18.718 15.5 -67.905
      vertex 19.3494 15.5 -69.4294
      vertex 18.325 15.5 -68.0988
    endloop
  endfacet
  facet normal 0 1 0
    outer loop
      vertex 20.4373 15.5 -67.6787
      vertex 20.2219 15.5 -69.3145
      vertex 20 15.5 -69.3
    endloop
  endfacet
  facet normal 0 1 0
    outer loop
      vertex 21.3487 15.5 -69.9651
      vertex 22.6577 15.5 -68.9606
      vertex 22.9012 15.5 -69.325
    endloop
  endfacet
  facet normal 0 1 0
    outer loop
      vertex 20.867 15.5 -67.7641
      vertex 20.44 15.5 -69.3579
      vertex 20.2219 15.5 -69.3145
    endloop
  endfacet
  facet normal 0 1 0
    outer loop
      vertex 21.282 15.5 -67.905
      vertex 20.6506 15.5 -69.4294
      vertex 20.44 15.5 -69.3579
    endloop
  endfacet
  facet normal 0 1 0
    outer loop
      vertex 21.675 15.5 -68.0988
      vertex 20.85 15.5 -69.5278
      vertex 20.6506 15.5 -69.4294
    endloop
  endfacet
  facet normal 0 1 0
    outer loop
      vertex 22.0394 15.5 -68.3423
      vertex 21.0349 15.5 -69.6513
      vertex 20.85 15.5 -69.5278
    endloop
  endfacet
  facet normal 0 1 0
    outer loop
      vertex 21.4722 15.5 -70.15
      vertex 22.9012 15.5 -69.325
      vertex 23.095 15.5 -69.718
    endloop
  endfacet
  facet normal 0 1 0
    outer loop
      vertex 22.3688 15.5 -68.6312
      vertex 21.2021 15.5 -69.7979
      vertex 21.0349 15.5 -69.6513
    endloop
  endfacet
  facet normal 0 1 0
    outer loop
      vertex 22.6577 15.5 -68.9606
      vertex 21.3487 15.5 -69.9651
      vertex 21.2021 15.5 -69.7979
    endloop
  endfacet
  facet normal 0 1 0
    outer loop
      vertex 21.5706 15.5 -70.3494
      vertex 23.095 15.5 -69.718
      vertex 23.2359 15.5 -70.133
    endloop
  endfacet
  facet normal 0 1 0
    outer loop
      vertex 22.9012 15.5 -69.325
      vertex 21.4722 15.5 -70.15
      vertex 21.3487 15.5 -69.9651
    endloop
  endfacet
  facet normal 0 1 0
    outer loop
      vertex 23.095 15.5 -69.718
      vertex 21.5706 15.5 -70.3494
      vertex 21.4722 15.5 -70.15
    endloop
  endfacet
  facet normal 0 1 0
    outer loop
      vertex 23.2359 15.5 -70.133
      vertex 21.6421 15.5 -70.56
      vertex 21.5706 15.5 -70.3494
    endloop
  endfacet
  facet normal 0 1 0
    outer loop
      vertex 23.3213 15.5 -70.5627
      vertex 21.6421 15.5 -70.56
      vertex 23.2359 15.5 -70.133
    endloop
  endfacet
  facet normal 0 1 0
    outer loop
      vertex 23.3213 15.5 -70.5627
      vertex 21.6855 15.5 -70.7781
      vertex 21.6421 15.5 -70.56
    endloop
  endfacet
  facet normal 0 1 0
    outer loop
      vertex 23.35 15.5 -71
      vertex 21.6855 15.5 -70.7781
      vertex 23.3213 15.5 -70.5627
    endloop
  endfacet
  facet normal 0 1 0
    outer loop
      vertex 23.35 15.5 -71
      vertex 21.7 15.5 -71
      vertex 21.6855 15.5 -70.7781
    endloop
  endfacet
  facet normal 0 1 0
    outer loop
      vertex 23.35 15.5 -71
      vertex 21.6855 15.5 -71.2219
      vertex 21.7 15.5 -71
    endloop
  endfacet
  facet normal 0 1 -0
    outer loop
      vertex 23.3213 15.5 -71.4373
      vertex 21.6855 15.5 -71.2219
      vertex 23.35 15.5 -71
    endloop
  endfacet
  facet normal 0 1 0
    outer loop
      vertex 23.3213 15.5 -71.4373
      vertex 21.6421 15.5 -71.44
      vertex 21.6855 15.5 -71.2219
    endloop
  endfacet
  facet normal 0 1 -0
    outer loop
      vertex 23.2359 15.5 -71.867
      vertex 21.6421 15.5 -71.44
      vertex 23.3213 15.5 -71.4373
    endloop
  endfacet
  facet normal 0 1 0
    outer loop
      vertex 21.6421 15.5 -71.44
      vertex 23.2359 15.5 -71.867
      vertex 21.5706 15.5 -71.6506
    endloop
  endfacet
  facet normal 0 1 -0
    outer loop
      vertex 23.095 15.5 -72.282
      vertex 21.5706 15.5 -71.6506
      vertex 23.2359 15.5 -71.867
    endloop
  endfacet
  facet normal 0 1 0
    outer loop
      vertex 21.5706 15.5 -71.6506
      vertex 23.095 15.5 -72.282
      vertex 21.4722 15.5 -71.85
    endloop
  endfacet
  facet normal 0 1 -0
    outer loop
      vertex 22.9012 15.5 -72.675
      vertex 21.4722 15.5 -71.85
      vertex 23.095 15.5 -72.282
    endloop
  endfacet
  facet normal 0 1 0
    outer loop
      vertex 21.4722 15.5 -71.85
      vertex 22.9012 15.5 -72.675
      vertex 21.3487 15.5 -72.0349
    endloop
  endfacet
  facet normal 0 1 -0
    outer loop
      vertex 22.6577 15.5 -73.0394
      vertex 21.3487 15.5 -72.0349
      vertex 22.9012 15.5 -72.675
    endloop
  endfacet
  facet normal 0 1 0
    outer loop
      vertex 21.3487 15.5 -72.0349
      vertex 22.6577 15.5 -73.0394
      vertex 21.2021 15.5 -72.2021
    endloop
  endfacet
  facet normal 0 1 -0
    outer loop
      vertex 22.3688 15.5 -73.3688
      vertex 21.2021 15.5 -72.2021
      vertex 22.6577 15.5 -73.0394
    endloop
  endfacet
  facet normal 0 1 0
    outer loop
      vertex 21.2021 15.5 -72.2021
      vertex 22.3688 15.5 -73.3688
      vertex 21.0349 15.5 -72.3487
    endloop
  endfacet
  facet normal 0 1 -0
    outer loop
      vertex 22.0394 15.5 -73.6577
      vertex 21.0349 15.5 -72.3487
      vertex 22.3688 15.5 -73.3688
    endloop
  endfacet
  facet normal 0 1 0
    outer loop
      vertex 21.0349 15.5 -72.3487
      vertex 22.0394 15.5 -73.6577
      vertex 20.85 15.5 -72.4722
    endloop
  endfacet
  facet normal 0 1 -0
    outer loop
      vertex 21.675 15.5 -73.9012
      vertex 20.85 15.5 -72.4722
      vertex 22.0394 15.5 -73.6577
    endloop
  endfacet
  facet normal 0 1 0
    outer loop
      vertex 20.85 15.5 -72.4722
      vertex 21.675 15.5 -73.9012
      vertex 20.6506 15.5 -72.5706
    endloop
  endfacet
  facet normal 0 1 -0
    outer loop
      vertex 19.15 15.5 -69.5278
      vertex 18.325 15.5 -68.0988
      vertex 19.3494 15.5 -69.4294
    endloop
  endfacet
  facet normal 0 1 0
    outer loop
      vertex 18.325 15.5 -68.0988
      vertex 19.15 15.5 -69.5278
      vertex 17.9606 15.5 -68.3423
    endloop
  endfacet
  facet normal 0 1 -0
    outer loop
      vertex 18.9651 15.5 -69.6513
      vertex 17.9606 15.5 -68.3423
      vertex 19.15 15.5 -69.5278
    endloop
  endfacet
  facet normal 0 1 0
    outer loop
      vertex 17.9606 15.5 -68.3423
      vertex 18.9651 15.5 -69.6513
      vertex 17.6312 15.5 -68.6312
    endloop
  endfacet
  facet normal 0 1 -0
    outer loop
      vertex 18.7979 15.5 -69.7979
      vertex 17.6312 15.5 -68.6312
      vertex 18.9651 15.5 -69.6513
    endloop
  endfacet
  facet normal 0 1 0
    outer loop
      vertex 17.6312 15.5 -68.6312
      vertex 18.7979 15.5 -69.7979
      vertex 17.3423 15.5 -68.9606
    endloop
  endfacet
  facet normal 0 1 -0
    outer loop
      vertex 18.6513 15.5 -69.9651
      vertex 17.3423 15.5 -68.9606
      vertex 18.7979 15.5 -69.7979
    endloop
  endfacet
  facet normal 0 1 0
    outer loop
      vertex 17.3423 15.5 -68.9606
      vertex 18.6513 15.5 -69.9651
      vertex 17.0988 15.5 -69.325
    endloop
  endfacet
  facet normal 0 1 -0
    outer loop
      vertex 18.5278 15.5 -70.15
      vertex 17.0988 15.5 -69.325
      vertex 18.6513 15.5 -69.9651
    endloop
  endfacet
  facet normal 0 1 0
    outer loop
      vertex 17.0988 15.5 -69.325
      vertex 18.5278 15.5 -70.15
      vertex 16.905 15.5 -69.718
    endloop
  endfacet
  facet normal 0 1 -0
    outer loop
      vertex 18.4294 15.5 -70.3494
      vertex 16.905 15.5 -69.718
      vertex 18.5278 15.5 -70.15
    endloop
  endfacet
  facet normal 0 1 0
    outer loop
      vertex 16.905 15.5 -69.718
      vertex 18.4294 15.5 -70.3494
      vertex 16.7641 15.5 -70.133
    endloop
  endfacet
  facet normal 0 1 -0
    outer loop
      vertex 18.3579 15.5 -70.56
      vertex 16.7641 15.5 -70.133
      vertex 18.4294 15.5 -70.3494
    endloop
  endfacet
  facet normal 0 1 0
    outer loop
      vertex 18.3579 15.5 -70.56
      vertex 16.6787 15.5 -70.5627
      vertex 16.7641 15.5 -70.133
    endloop
  endfacet
  facet normal 0 1 -0
    outer loop
      vertex 18.3145 15.5 -70.7781
      vertex 16.6787 15.5 -70.5627
      vertex 18.3579 15.5 -70.56
    endloop
  endfacet
  facet normal 0 1 -0
    outer loop
      vertex 18.3 15.5 -71
      vertex 16.6787 15.5 -70.5627
      vertex 18.3145 15.5 -70.7781
    endloop
  endfacet
  facet normal 0 1 0
    outer loop
      vertex 18.3 15.5 -71
      vertex 16.65 15.5 -71
      vertex 16.6787 15.5 -70.5627
    endloop
  endfacet
  facet normal 0 1 0
    outer loop
      vertex 18.3145 15.5 -71.2219
      vertex 16.65 15.5 -71
      vertex 18.3 15.5 -71
    endloop
  endfacet
  facet normal 0 1 0
    outer loop
      vertex 18.3145 15.5 -71.2219
      vertex 16.6787 15.5 -71.4373
      vertex 16.65 15.5 -71
    endloop
  endfacet
  facet normal 0 1 0
    outer loop
      vertex 18.3579 15.5 -71.44
      vertex 16.6787 15.5 -71.4373
      vertex 18.3145 15.5 -71.2219
    endloop
  endfacet
  facet normal 0 1 0
    outer loop
      vertex 16.7641 15.5 -71.867
      vertex 18.3579 15.5 -71.44
      vertex 18.4294 15.5 -71.6506
    endloop
  endfacet
  facet normal 0 1 0
    outer loop
      vertex 16.905 15.5 -72.282
      vertex 18.4294 15.5 -71.6506
      vertex 18.5278 15.5 -71.85
    endloop
  endfacet
  facet normal 0 1 0
    outer loop
      vertex 18.3579 15.5 -71.44
      vertex 16.7641 15.5 -71.867
      vertex 16.6787 15.5 -71.4373
    endloop
  endfacet
  facet normal 0 1 0
    outer loop
      vertex 17.0988 15.5 -72.675
      vertex 18.5278 15.5 -71.85
      vertex 18.6513 15.5 -72.0349
    endloop
  endfacet
  facet normal 0 1 0
    outer loop
      vertex 17.3423 15.5 -73.0394
      vertex 18.6513 15.5 -72.0349
      vertex 18.7979 15.5 -72.2021
    endloop
  endfacet
  facet normal 0 1 0
    outer loop
      vertex 18.4294 15.5 -71.6506
      vertex 16.905 15.5 -72.282
      vertex 16.7641 15.5 -71.867
    endloop
  endfacet
  facet normal 0 1 0
    outer loop
      vertex 17.6312 15.5 -73.3688
      vertex 18.7979 15.5 -72.2021
      vertex 18.9651 15.5 -72.3487
    endloop
  endfacet
  facet normal 0 1 0
    outer loop
      vertex 17.9606 15.5 -73.6577
      vertex 18.9651 15.5 -72.3487
      vertex 19.15 15.5 -72.4722
    endloop
  endfacet
  facet normal 0 1 0
    outer loop
      vertex 18.325 15.5 -73.9012
      vertex 19.15 15.5 -72.4722
      vertex 19.3494 15.5 -72.5706
    endloop
  endfacet
  facet normal 0 1 0
    outer loop
      vertex 18.718 15.5 -74.095
      vertex 19.3494 15.5 -72.5706
      vertex 19.56 15.5 -72.6421
    endloop
  endfacet
  facet normal 0 1 0
    outer loop
      vertex 18.5278 15.5 -71.85
      vertex 17.0988 15.5 -72.675
      vertex 16.905 15.5 -72.282
    endloop
  endfacet
  facet normal 0 1 0
    outer loop
      vertex 19.133 15.5 -74.2359
      vertex 19.56 15.5 -72.6421
      vertex 19.7781 15.5 -72.6855
    endloop
  endfacet
  facet normal 0 1 0
    outer loop
      vertex 19.5627 15.5 -74.3213
      vertex 19.7781 15.5 -72.6855
      vertex 20 15.5 -72.7
    endloop
  endfacet
  facet normal 0 1 -0
    outer loop
      vertex 21.282 15.5 -74.095
      vertex 20.6506 15.5 -72.5706
      vertex 21.675 15.5 -73.9012
    endloop
  endfacet
  facet normal 0 1 0
    outer loop
      vertex 18.6513 15.5 -72.0349
      vertex 17.3423 15.5 -73.0394
      vertex 17.0988 15.5 -72.675
    endloop
  endfacet
  facet normal 0 1 0
    outer loop
      vertex 20.6506 15.5 -72.5706
      vertex 21.282 15.5 -74.095
      vertex 20.44 15.5 -72.6421
    endloop
  endfacet
  facet normal 0 1 0
    outer loop
      vertex 18.7979 15.5 -72.2021
      vertex 17.6312 15.5 -73.3688
      vertex 17.3423 15.5 -73.0394
    endloop
  endfacet
  facet normal 0 1 -0
    outer loop
      vertex 20.867 15.5 -74.2359
      vertex 20.44 15.5 -72.6421
      vertex 21.282 15.5 -74.095
    endloop
  endfacet
  facet normal 0 1 0
    outer loop
      vertex 18.9651 15.5 -72.3487
      vertex 17.9606 15.5 -73.6577
      vertex 17.6312 15.5 -73.3688
    endloop
  endfacet
  facet normal 0 1 0
    outer loop
      vertex 20.44 15.5 -72.6421
      vertex 20.867 15.5 -74.2359
      vertex 20.2219 15.5 -72.6855
    endloop
  endfacet
  facet normal 0 1 0
    outer loop
      vertex 19.15 15.5 -72.4722
      vertex 18.325 15.5 -73.9012
      vertex 17.9606 15.5 -73.6577
    endloop
  endfacet
  facet normal 0 1 -0
    outer loop
      vertex 20.4373 15.5 -74.3213
      vertex 20.2219 15.5 -72.6855
      vertex 20.867 15.5 -74.2359
    endloop
  endfacet
  facet normal 0 1 0
    outer loop
      vertex 19.3494 15.5 -72.5706
      vertex 18.718 15.5 -74.095
      vertex 18.325 15.5 -73.9012
    endloop
  endfacet
  facet normal 0 1 0
    outer loop
      vertex 20.2219 15.5 -72.6855
      vertex 20.4373 15.5 -74.3213
      vertex 20 15.5 -72.7
    endloop
  endfacet
  facet normal 0 1 0
    outer loop
      vertex 19.56 15.5 -72.6421
      vertex 19.133 15.5 -74.2359
      vertex 18.718 15.5 -74.095
    endloop
  endfacet
  facet normal 0 1 0
    outer loop
      vertex 20 15.5 -74.35
      vertex 20 15.5 -72.7
      vertex 20.4373 15.5 -74.3213
    endloop
  endfacet
  facet normal 0 1 0
    outer loop
      vertex 19.7781 15.5 -72.6855
      vertex 19.5627 15.5 -74.3213
      vertex 19.133 15.5 -74.2359
    endloop
  endfacet
  facet normal 0 1 0
    outer loop
      vertex 20 15.5 -72.7
      vertex 20 15.5 -74.35
      vertex 19.5627 15.5 -74.3213
    endloop
  endfacet
  facet normal 0.0654891 0 0.997853
    outer loop
      vertex 19.5627 22 -74.3213
      vertex 20 15.5 -74.35
      vertex 20 22 -74.35
    endloop
  endfacet
  facet normal 0.0654891 0 0.997853
    outer loop
      vertex 20 15.5 -74.35
      vertex 19.5627 22 -74.3213
      vertex 19.5627 15.5 -74.3213
    endloop
  endfacet
  facet normal 0.946912 -0 0.321494
    outer loop
      vertex 16.7641 15.5 -71.867
      vertex 16.905 22 -72.282
      vertex 16.7641 22 -71.867
    endloop
  endfacet
  facet normal 0.946912 0 0.321494
    outer loop
      vertex 16.905 22 -72.282
      vertex 16.7641 15.5 -71.867
      vertex 16.905 15.5 -72.282
    endloop
  endfacet
  facet normal -0.659377 0 0.751813
    outer loop
      vertex 22.0394 22 -73.6577
      vertex 22.3688 15.5 -73.3688
      vertex 22.3688 22 -73.3688
    endloop
  endfacet
  facet normal -0.659377 0 0.751813
    outer loop
      vertex 22.3688 15.5 -73.3688
      vertex 22.0394 22 -73.6577
      vertex 22.0394 15.5 -73.6577
    endloop
  endfacet
  facet normal -0.0654891 0 0.997853
    outer loop
      vertex 20 22 -74.35
      vertex 20.4373 15.5 -74.3213
      vertex 20.4373 22 -74.3213
    endloop
  endfacet
  facet normal -0.0654891 0 0.997853
    outer loop
      vertex 20.4373 15.5 -74.3213
      vertex 20 22 -74.35
      vertex 20 15.5 -74.35
    endloop
  endfacet
  facet normal 0.896878 0 -0.442277
    outer loop
      vertex 17.0988 15.5 -69.325
      vertex 16.905 22 -69.718
      vertex 17.0988 22 -69.325
    endloop
  endfacet
  facet normal 0.896878 0 -0.442277
    outer loop
      vertex 16.905 22 -69.718
      vertex 17.0988 15.5 -69.325
      vertex 16.905 15.5 -69.718
    endloop
  endfacet
  facet normal -0.751813 0 -0.659377
    outer loop
      vertex 22.6577 15.5 -68.9606
      vertex 22.3688 22 -68.6312
      vertex 22.6577 22 -68.9606
    endloop
  endfacet
  facet normal -0.751813 -0 -0.659377
    outer loop
      vertex 22.3688 22 -68.6312
      vertex 22.6577 15.5 -68.9606
      vertex 22.3688 15.5 -68.6312
    endloop
  endfacet
  facet normal -0.831453 0 -0.555595
    outer loop
      vertex 22.9012 15.5 -69.325
      vertex 22.6577 22 -68.9606
      vertex 22.9012 22 -69.325
    endloop
  endfacet
  facet normal -0.831453 -0 -0.555595
    outer loop
      vertex 22.6577 22 -68.9606
      vertex 22.9012 15.5 -69.325
      vertex 22.6577 15.5 -68.9606
    endloop
  endfacet
  facet normal 0.555595 0 -0.831453
    outer loop
      vertex 17.9606 15.5 -68.3423
      vertex 18.325 22 -68.0988
      vertex 18.325 15.5 -68.0988
    endloop
  endfacet
  facet normal 0.555595 0 -0.831453
    outer loop
      vertex 18.325 22 -68.0988
      vertex 17.9606 15.5 -68.3423
      vertex 17.9606 22 -68.3423
    endloop
  endfacet
  facet normal 0.980817 0 -0.194931
    outer loop
      vertex 16.7641 15.5 -70.133
      vertex 16.6787 22 -70.5627
      vertex 16.7641 22 -70.133
    endloop
  endfacet
  facet normal 0.980817 0 -0.194931
    outer loop
      vertex 16.6787 22 -70.5627
      vertex 16.7641 15.5 -70.133
      vertex 16.6787 15.5 -70.5627
    endloop
  endfacet
  facet normal -0.896878 0 0.442277
    outer loop
      vertex 22.9012 15.5 -72.675
      vertex 23.095 22 -72.282
      vertex 22.9012 22 -72.675
    endloop
  endfacet
  facet normal -0.896878 0 0.442277
    outer loop
      vertex 23.095 22 -72.282
      vertex 22.9012 15.5 -72.675
      vertex 23.095 15.5 -72.282
    endloop
  endfacet
  facet normal 0.194931 0 0.980817
    outer loop
      vertex 19.133 22 -74.2359
      vertex 19.5627 15.5 -74.3213
      vertex 19.5627 22 -74.3213
    endloop
  endfacet
  facet normal 0.194931 0 0.980817
    outer loop
      vertex 19.5627 15.5 -74.3213
      vertex 19.133 22 -74.2359
      vertex 19.133 15.5 -74.2359
    endloop
  endfacet
  facet normal -0.831453 0 0.555595
    outer loop
      vertex 22.6577 15.5 -73.0394
      vertex 22.9012 22 -72.675
      vertex 22.6577 22 -73.0394
    endloop
  endfacet
  facet normal -0.831453 0 0.555595
    outer loop
      vertex 22.9012 22 -72.675
      vertex 22.6577 15.5 -73.0394
      vertex 22.9012 15.5 -72.675
    endloop
  endfacet
  facet normal 0.442277 0 0.896878
    outer loop
      vertex 18.325 22 -73.9012
      vertex 18.718 15.5 -74.095
      vertex 18.718 22 -74.095
    endloop
  endfacet
  facet normal 0.442277 0 0.896878
    outer loop
      vertex 18.718 15.5 -74.095
      vertex 18.325 22 -73.9012
      vertex 18.325 15.5 -73.9012
    endloop
  endfacet
  facet normal 0.659377 0 0.751813
    outer loop
      vertex 17.6312 22 -73.3688
      vertex 17.9606 15.5 -73.6577
      vertex 17.9606 22 -73.6577
    endloop
  endfacet
  facet normal 0.659377 0 0.751813
    outer loop
      vertex 17.9606 15.5 -73.6577
      vertex 17.6312 22 -73.3688
      vertex 17.6312 15.5 -73.3688
    endloop
  endfacet
  facet normal 0.896878 -0 0.442277
    outer loop
      vertex 16.905 15.5 -72.282
      vertex 17.0988 22 -72.675
      vertex 16.905 22 -72.282
    endloop
  endfacet
  facet normal 0.896878 0 0.442277
    outer loop
      vertex 17.0988 22 -72.675
      vertex 16.905 15.5 -72.282
      vertex 17.0988 15.5 -72.675
    endloop
  endfacet
  facet normal 0.659377 0 -0.751813
    outer loop
      vertex 17.6312 15.5 -68.6312
      vertex 17.9606 22 -68.3423
      vertex 17.9606 15.5 -68.3423
    endloop
  endfacet
  facet normal 0.659377 0 -0.751813
    outer loop
      vertex 17.9606 22 -68.3423
      vertex 17.6312 15.5 -68.6312
      vertex 17.6312 22 -68.6312
    endloop
  endfacet
  facet normal -0.946912 0 -0.321494
    outer loop
      vertex 23.2359 15.5 -70.133
      vertex 23.095 22 -69.718
      vertex 23.2359 22 -70.133
    endloop
  endfacet
  facet normal -0.946912 -0 -0.321494
    outer loop
      vertex 23.095 22 -69.718
      vertex 23.2359 15.5 -70.133
      vertex 23.095 15.5 -69.718
    endloop
  endfacet
  facet normal 0.980817 -0 0.194931
    outer loop
      vertex 16.6787 15.5 -71.4373
      vertex 16.7641 22 -71.867
      vertex 16.6787 22 -71.4373
    endloop
  endfacet
  facet normal 0.980817 0 0.194931
    outer loop
      vertex 16.7641 22 -71.867
      vertex 16.6787 15.5 -71.4373
      vertex 16.7641 15.5 -71.867
    endloop
  endfacet
  facet normal 0.997853 -0 0.0654891
    outer loop
      vertex 16.65 15.5 -71
      vertex 16.6787 22 -71.4373
      vertex 16.65 22 -71
    endloop
  endfacet
  facet normal 0.997853 0 0.0654891
    outer loop
      vertex 16.6787 22 -71.4373
      vertex 16.65 15.5 -71
      vertex 16.6787 15.5 -71.4373
    endloop
  endfacet
  facet normal -0.555595 0 -0.831453
    outer loop
      vertex 21.675 15.5 -68.0988
      vertex 22.0394 22 -68.3423
      vertex 22.0394 15.5 -68.3423
    endloop
  endfacet
  facet normal -0.555595 0 -0.831453
    outer loop
      vertex 22.0394 22 -68.3423
      vertex 21.675 15.5 -68.0988
      vertex 21.675 22 -68.0988
    endloop
  endfacet
  facet normal 0.0654891 0 -0.997853
    outer loop
      vertex 19.5627 15.5 -67.6787
      vertex 20 22 -67.65
      vertex 20 15.5 -67.65
    endloop
  endfacet
  facet normal 0.0654891 0 -0.997853
    outer loop
      vertex 20 22 -67.65
      vertex 19.5627 15.5 -67.6787
      vertex 19.5627 22 -67.6787
    endloop
  endfacet
  facet normal -0.980817 0 0.194931
    outer loop
      vertex 23.2359 15.5 -71.867
      vertex 23.3213 22 -71.4373
      vertex 23.2359 22 -71.867
    endloop
  endfacet
  facet normal -0.980817 0 0.194931
    outer loop
      vertex 23.3213 22 -71.4373
      vertex 23.2359 15.5 -71.867
      vertex 23.3213 15.5 -71.4373
    endloop
  endfacet
  facet normal -0.751813 0 0.659377
    outer loop
      vertex 22.3688 15.5 -73.3688
      vertex 22.6577 22 -73.0394
      vertex 22.3688 22 -73.3688
    endloop
  endfacet
  facet normal -0.751813 0 0.659377
    outer loop
      vertex 22.6577 22 -73.0394
      vertex 22.3688 15.5 -73.3688
      vertex 22.6577 15.5 -73.0394
    endloop
  endfacet
  facet normal -0.997853 0 0.0654891
    outer loop
      vertex 23.3213 15.5 -71.4373
      vertex 23.35 22 -71
      vertex 23.3213 22 -71.4373
    endloop
  endfacet
  facet normal -0.997853 0 0.0654891
    outer loop
      vertex 23.35 22 -71
      vertex 23.3213 15.5 -71.4373
      vertex 23.35 15.5 -71
    endloop
  endfacet
  facet normal 0.442277 0 -0.896878
    outer loop
      vertex 18.325 15.5 -68.0988
      vertex 18.718 22 -67.905
      vertex 18.718 15.5 -67.905
    endloop
  endfacet
  facet normal 0.442277 0 -0.896878
    outer loop
      vertex 18.718 22 -67.905
      vertex 18.325 15.5 -68.0988
      vertex 18.325 22 -68.0988
    endloop
  endfacet
  facet normal -0.659377 0 -0.751813
    outer loop
      vertex 22.0394 15.5 -68.3423
      vertex 22.3688 22 -68.6312
      vertex 22.3688 15.5 -68.6312
    endloop
  endfacet
  facet normal -0.659377 0 -0.751813
    outer loop
      vertex 22.3688 22 -68.6312
      vertex 22.0394 15.5 -68.3423
      vertex 22.0394 22 -68.3423
    endloop
  endfacet
  facet normal -0.194931 0 0.980817
    outer loop
      vertex 20.4373 22 -74.3213
      vertex 20.867 15.5 -74.2359
      vertex 20.867 22 -74.2359
    endloop
  endfacet
  facet normal -0.194931 0 0.980817
    outer loop
      vertex 20.867 15.5 -74.2359
      vertex 20.4373 22 -74.3213
      vertex 20.4373 15.5 -74.3213
    endloop
  endfacet
  facet normal 0.321494 0 -0.946912
    outer loop
      vertex 18.718 15.5 -67.905
      vertex 19.133 22 -67.7641
      vertex 19.133 15.5 -67.7641
    endloop
  endfacet
  facet normal 0.321494 0 -0.946912
    outer loop
      vertex 19.133 22 -67.7641
      vertex 18.718 15.5 -67.905
      vertex 18.718 22 -67.905
    endloop
  endfacet
  facet normal -0.555595 0 0.831453
    outer loop
      vertex 21.675 22 -73.9012
      vertex 22.0394 15.5 -73.6577
      vertex 22.0394 22 -73.6577
    endloop
  endfacet
  facet normal -0.555595 0 0.831453
    outer loop
      vertex 22.0394 15.5 -73.6577
      vertex 21.675 22 -73.9012
      vertex 21.675 15.5 -73.9012
    endloop
  endfacet
  facet normal 0.751813 -0 0.659377
    outer loop
      vertex 17.3423 15.5 -73.0394
      vertex 17.6312 22 -73.3688
      vertex 17.3423 22 -73.0394
    endloop
  endfacet
  facet normal 0.751813 0 0.659377
    outer loop
      vertex 17.6312 22 -73.3688
      vertex 17.3423 15.5 -73.0394
      vertex 17.6312 15.5 -73.3688
    endloop
  endfacet
  facet normal -0.0654891 0 -0.997853
    outer loop
      vertex 20 15.5 -67.65
      vertex 20.4373 22 -67.6787
      vertex 20.4373 15.5 -67.6787
    endloop
  endfacet
  facet normal -0.0654891 0 -0.997853
    outer loop
      vertex 20.4373 22 -67.6787
      vertex 20 15.5 -67.65
      vertex 20 22 -67.65
    endloop
  endfacet
  facet normal 0.194931 0 -0.980817
    outer loop
      vertex 19.133 15.5 -67.7641
      vertex 19.5627 22 -67.6787
      vertex 19.5627 15.5 -67.6787
    endloop
  endfacet
  facet normal 0.194931 0 -0.980817
    outer loop
      vertex 19.5627 22 -67.6787
      vertex 19.133 15.5 -67.7641
      vertex 19.133 22 -67.7641
    endloop
  endfacet
  facet normal -0.442277 0 -0.896878
    outer loop
      vertex 21.282 15.5 -67.905
      vertex 21.675 22 -68.0988
      vertex 21.675 15.5 -68.0988
    endloop
  endfacet
  facet normal -0.442277 0 -0.896878
    outer loop
      vertex 21.675 22 -68.0988
      vertex 21.282 15.5 -67.905
      vertex 21.282 22 -67.905
    endloop
  endfacet
  facet normal -0.321494 0 -0.946912
    outer loop
      vertex 20.867 15.5 -67.7641
      vertex 21.282 22 -67.905
      vertex 21.282 15.5 -67.905
    endloop
  endfacet
  facet normal -0.321494 0 -0.946912
    outer loop
      vertex 21.282 22 -67.905
      vertex 20.867 15.5 -67.7641
      vertex 20.867 22 -67.7641
    endloop
  endfacet
  facet normal -0.194931 0 -0.980817
    outer loop
      vertex 20.4373 15.5 -67.6787
      vertex 20.867 22 -67.7641
      vertex 20.867 15.5 -67.7641
    endloop
  endfacet
  facet normal -0.194931 0 -0.980817
    outer loop
      vertex 20.867 22 -67.7641
      vertex 20.4373 15.5 -67.6787
      vertex 20.4373 22 -67.6787
    endloop
  endfacet
  facet normal 0.946912 0 -0.321494
    outer loop
      vertex 16.905 15.5 -69.718
      vertex 16.7641 22 -70.133
      vertex 16.905 22 -69.718
    endloop
  endfacet
  facet normal 0.946912 0 -0.321494
    outer loop
      vertex 16.7641 22 -70.133
      vertex 16.905 15.5 -69.718
      vertex 16.7641 15.5 -70.133
    endloop
  endfacet
  facet normal -0.896878 0 -0.442277
    outer loop
      vertex 23.095 15.5 -69.718
      vertex 22.9012 22 -69.325
      vertex 23.095 22 -69.718
    endloop
  endfacet
  facet normal -0.896878 -0 -0.442277
    outer loop
      vertex 22.9012 22 -69.325
      vertex 23.095 15.5 -69.718
      vertex 22.9012 15.5 -69.325
    endloop
  endfacet
  facet normal 0.997853 0 -0.0654891
    outer loop
      vertex 16.6787 15.5 -70.5627
      vertex 16.65 22 -71
      vertex 16.6787 22 -70.5627
    endloop
  endfacet
  facet normal 0.997853 0 -0.0654891
    outer loop
      vertex 16.65 22 -71
      vertex 16.6787 15.5 -70.5627
      vertex 16.65 15.5 -71
    endloop
  endfacet
  facet normal -0.442277 0 0.896878
    outer loop
      vertex 21.282 22 -74.095
      vertex 21.675 15.5 -73.9012
      vertex 21.675 22 -73.9012
    endloop
  endfacet
  facet normal -0.442277 0 0.896878
    outer loop
      vertex 21.675 15.5 -73.9012
      vertex 21.282 22 -74.095
      vertex 21.282 15.5 -74.095
    endloop
  endfacet
  facet normal -0.946912 0 0.321494
    outer loop
      vertex 23.095 15.5 -72.282
      vertex 23.2359 22 -71.867
      vertex 23.095 22 -72.282
    endloop
  endfacet
  facet normal -0.946912 0 0.321494
    outer loop
      vertex 23.2359 22 -71.867
      vertex 23.095 15.5 -72.282
      vertex 23.2359 15.5 -71.867
    endloop
  endfacet
  facet normal -0.321494 0 0.946912
    outer loop
      vertex 20.867 22 -74.2359
      vertex 21.282 15.5 -74.095
      vertex 21.282 22 -74.095
    endloop
  endfacet
  facet normal -0.321494 0 0.946912
    outer loop
      vertex 21.282 15.5 -74.095
      vertex 20.867 22 -74.2359
      vertex 20.867 15.5 -74.2359
    endloop
  endfacet
  facet normal 0.321494 0 0.946912
    outer loop
      vertex 18.718 22 -74.095
      vertex 19.133 15.5 -74.2359
      vertex 19.133 22 -74.2359
    endloop
  endfacet
  facet normal 0.321494 0 0.946912
    outer loop
      vertex 19.133 15.5 -74.2359
      vertex 18.718 22 -74.095
      vertex 18.718 15.5 -74.095
    endloop
  endfacet
  facet normal 0.831453 -0 0.555595
    outer loop
      vertex 17.0988 15.5 -72.675
      vertex 17.3423 22 -73.0394
      vertex 17.0988 22 -72.675
    endloop
  endfacet
  facet normal 0.831453 0 0.555595
    outer loop
      vertex 17.3423 22 -73.0394
      vertex 17.0988 15.5 -72.675
      vertex 17.3423 15.5 -73.0394
    endloop
  endfacet
  facet normal 0.555595 0 0.831453
    outer loop
      vertex 17.9606 22 -73.6577
      vertex 18.325 15.5 -73.9012
      vertex 18.325 22 -73.9012
    endloop
  endfacet
  facet normal 0.555595 0 0.831453
    outer loop
      vertex 18.325 15.5 -73.9012
      vertex 17.9606 22 -73.6577
      vertex 17.9606 15.5 -73.6577
    endloop
  endfacet
  facet normal 0.831453 0 -0.555595
    outer loop
      vertex 17.3423 15.5 -68.9606
      vertex 17.0988 22 -69.325
      vertex 17.3423 22 -68.9606
    endloop
  endfacet
  facet normal 0.831453 0 -0.555595
    outer loop
      vertex 17.0988 22 -69.325
      vertex 17.3423 15.5 -68.9606
      vertex 17.0988 15.5 -69.325
    endloop
  endfacet
  facet normal 0.751813 0 -0.659377
    outer loop
      vertex 17.6312 15.5 -68.6312
      vertex 17.3423 22 -68.9606
      vertex 17.6312 22 -68.6312
    endloop
  endfacet
  facet normal 0.751813 0 -0.659377
    outer loop
      vertex 17.3423 22 -68.9606
      vertex 17.6312 15.5 -68.6312
      vertex 17.3423 15.5 -68.9606
    endloop
  endfacet
  facet normal -0.980774 0 -0.195147
    outer loop
      vertex 8.38118 19.6 -88.5128
      vertex 8.32503 22 -88.2306
      vertex 8.38118 22 -88.5128
    endloop
  endfacet
  facet normal -0.980774 -0 -0.195147
    outer loop
      vertex 8.32503 22 -88.2306
      vertex 8.38118 19.6 -88.5128
      vertex 8.32503 19.6 -88.2306
    endloop
  endfacet
  facet normal 0.896888 0 -0.442258
    outer loop
      vertex -8.10526 19.6 -87.7
      vertex -8.23253 22 -87.9581
      vertex -8.10526 22 -87.7
    endloop
  endfacet
  facet normal 0.896888 0 -0.442258
    outer loop
      vertex -8.23253 22 -87.9581
      vertex -8.10526 19.6 -87.7
      vertex -8.23253 19.6 -87.9581
    endloop
  endfacet
  facet normal 0.831478 0 -0.555558
    outer loop
      vertex -7.94537 19.6 -87.4607
      vertex -8.10526 22 -87.7
      vertex -7.94537 22 -87.4607
    endloop
  endfacet
  facet normal 0.831478 0 -0.555558
    outer loop
      vertex -8.10526 22 -87.7
      vertex -7.94537 19.6 -87.4607
      vertex -8.10526 19.6 -87.7
    endloop
  endfacet
  facet normal 0 0 -1
    outer loop
      vertex -6.2 19.6 -86.6
      vertex 6.2 22 -86.6
      vertex 6.2 19.6 -86.6
    endloop
  endfacet
  facet normal -0 0 -1
    outer loop
      vertex 6.2 22 -86.6
      vertex -6.2 19.6 -86.6
      vertex -6.2 22 -86.6
    endloop
  endfacet
  facet normal -0.659476 0 -0.751726
    outer loop
      vertex 7.53928 19.6 -87.0546
      vertex 7.75563 22 -87.2444
      vertex 7.75563 19.6 -87.2444
    endloop
  endfacet
  facet normal -0.659476 0 -0.751726
    outer loop
      vertex 7.75563 22 -87.2444
      vertex 7.53928 19.6 -87.0546
      vertex 7.53928 22 -87.0546
    endloop
  endfacet
  facet normal 0.442063 0 -0.896984
    outer loop
      vertex -7.3 19.6 -86.8947
      vertex -7.0419 22 -86.7675
      vertex -7.0419 19.6 -86.7675
    endloop
  endfacet
  facet normal 0.442063 0 -0.896984
    outer loop
      vertex -7.0419 22 -86.7675
      vertex -7.3 19.6 -86.8947
      vertex -7.3 22 -86.8947
    endloop
  endfacet
  facet normal 0.0653311 0 -0.997864
    outer loop
      vertex -6.48715 19.6 -86.6188
      vertex -6.2 22 -86.6
      vertex -6.2 19.6 -86.6
    endloop
  endfacet
  facet normal 0.0653311 0 -0.997864
    outer loop
      vertex -6.2 22 -86.6
      vertex -6.48715 19.6 -86.6188
      vertex -6.48715 22 -86.6188
    endloop
  endfacet
  facet normal 0.980774 0 -0.195147
    outer loop
      vertex -8.32503 19.6 -88.2306
      vertex -8.38118 22 -88.5128
      vertex -8.32503 22 -88.2306
    endloop
  endfacet
  facet normal 0.980774 0 -0.195147
    outer loop
      vertex -8.38118 22 -88.5128
      vertex -8.32503 19.6 -88.2306
      vertex -8.38118 19.6 -88.5128
    endloop
  endfacet
  facet normal -0.555614 0 -0.83144
    outer loop
      vertex 7.3 19.6 -86.8947
      vertex 7.53928 22 -87.0546
      vertex 7.53928 19.6 -87.0546
    endloop
  endfacet
  facet normal -0.555614 0 -0.83144
    outer loop
      vertex 7.53928 22 -87.0546
      vertex 7.3 19.6 -86.8947
      vertex 7.3 22 -86.8947
    endloop
  endfacet
  facet normal 0.555614 0 -0.83144
    outer loop
      vertex -7.53928 19.6 -87.0546
      vertex -7.3 22 -86.8947
      vertex -7.3 19.6 -86.8947
    endloop
  endfacet
  facet normal 0.555614 0 -0.83144
    outer loop
      vertex -7.3 22 -86.8947
      vertex -7.53928 19.6 -87.0546
      vertex -7.53928 22 -87.0546
    endloop
  endfacet
  facet normal -0.896888 0 -0.442258
    outer loop
      vertex 8.23253 19.6 -87.9581
      vertex 8.10526 22 -87.7
      vertex 8.23253 22 -87.9581
    endloop
  endfacet
  facet normal -0.896888 -0 -0.442258
    outer loop
      vertex 8.10526 22 -87.7
      vertex 8.23253 19.6 -87.9581
      vertex 8.10526 19.6 -87.7
    endloop
  endfacet
  facet normal 0.997862 0 -0.0653544
    outer loop
      vertex -8.38118 19.6 -88.5128
      vertex -8.39999 22 -88.8
      vertex -8.38118 22 -88.5128
    endloop
  endfacet
  facet normal 0.997862 0 -0.0653544
    outer loop
      vertex -8.39999 22 -88.8
      vertex -8.38118 19.6 -88.5128
      vertex -8.39999 19.6 -88.8
    endloop
  endfacet
  facet normal -0.442063 0 -0.896984
    outer loop
      vertex 7.0419 19.6 -86.7675
      vertex 7.3 22 -86.8947
      vertex 7.3 19.6 -86.8947
    endloop
  endfacet
  facet normal -0.442063 0 -0.896984
    outer loop
      vertex 7.3 22 -86.8947
      vertex 7.0419 19.6 -86.7675
      vertex 7.0419 22 -86.7675
    endloop
  endfacet
  facet normal -0.0653311 0 -0.997864
    outer loop
      vertex 6.2 19.6 -86.6
      vertex 6.48715 22 -86.6188
      vertex 6.48715 19.6 -86.6188
    endloop
  endfacet
  facet normal -0.0653311 0 -0.997864
    outer loop
      vertex 6.48715 22 -86.6188
      vertex 6.2 19.6 -86.6
      vertex 6.2 22 -86.6
    endloop
  endfacet
  facet normal -0.831478 0 -0.555558
    outer loop
      vertex 8.10526 19.6 -87.7
      vertex 7.94537 22 -87.4607
      vertex 8.10526 22 -87.7
    endloop
  endfacet
  facet normal -0.831478 -0 -0.555558
    outer loop
      vertex 7.94537 22 -87.4607
      vertex 8.10526 19.6 -87.7
      vertex 7.94537 19.6 -87.4607
    endloop
  endfacet
  facet normal -0.997862 0 -0.0653544
    outer loop
      vertex 8.39999 19.6 -88.8
      vertex 8.38118 22 -88.5128
      vertex 8.39999 22 -88.8
    endloop
  endfacet
  facet normal -0.997862 -0 -0.0653544
    outer loop
      vertex 8.38118 22 -88.5128
      vertex 8.39999 19.6 -88.8
      vertex 8.38118 19.6 -88.5128
    endloop
  endfacet
  facet normal 0.195287 0 -0.980746
    outer loop
      vertex -6.76939 19.6 -86.675
      vertex -6.48715 22 -86.6188
      vertex -6.48715 19.6 -86.6188
    endloop
  endfacet
  facet normal 0.195287 0 -0.980746
    outer loop
      vertex -6.48715 22 -86.6188
      vertex -6.76939 19.6 -86.675
      vertex -6.76939 22 -86.675
    endloop
  endfacet
  facet normal 0.321425 0 -0.946935
    outer loop
      vertex -7.0419 19.6 -86.7675
      vertex -6.76939 22 -86.675
      vertex -6.76939 19.6 -86.675
    endloop
  endfacet
  facet normal 0.321425 0 -0.946935
    outer loop
      vertex -6.76939 22 -86.675
      vertex -7.0419 19.6 -86.7675
      vertex -7.0419 22 -86.7675
    endloop
  endfacet
  facet normal 1 -0 0
    outer loop
      vertex -8.39999 19.6 -88.8
      vertex -8.39999 22 -91
      vertex -8.39999 22 -88.8
    endloop
  endfacet
  facet normal 1 0 0
    outer loop
      vertex -8.39999 22 -91
      vertex -8.39999 19.6 -88.8
      vertex -8.39999 19.6 -91
    endloop
  endfacet
  facet normal 0.946931 0 -0.321435
    outer loop
      vertex -8.23253 19.6 -87.9581
      vertex -8.32503 22 -88.2306
      vertex -8.23253 22 -87.9581
    endloop
  endfacet
  facet normal 0.946931 0 -0.321435
    outer loop
      vertex -8.32503 22 -88.2306
      vertex -8.23253 19.6 -87.9581
      vertex -8.32503 19.6 -88.2306
    endloop
  endfacet
  facet normal -0.195287 0 -0.980746
    outer loop
      vertex 6.48715 19.6 -86.6188
      vertex 6.76939 22 -86.675
      vertex 6.76939 19.6 -86.675
    endloop
  endfacet
  facet normal -0.195287 0 -0.980746
    outer loop
      vertex 6.76939 22 -86.675
      vertex 6.48715 19.6 -86.6188
      vertex 6.48715 22 -86.6188
    endloop
  endfacet
  facet normal 0.659476 0 -0.751726
    outer loop
      vertex -7.75563 19.6 -87.2444
      vertex -7.53928 22 -87.0546
      vertex -7.53928 19.6 -87.0546
    endloop
  endfacet
  facet normal 0.659476 0 -0.751726
    outer loop
      vertex -7.53928 22 -87.0546
      vertex -7.75563 19.6 -87.2444
      vertex -7.75563 22 -87.2444
    endloop
  endfacet
  facet normal -0.321425 0 -0.946935
    outer loop
      vertex 6.76939 19.6 -86.675
      vertex 7.0419 22 -86.7675
      vertex 7.0419 19.6 -86.7675
    endloop
  endfacet
  facet normal -0.321425 0 -0.946935
    outer loop
      vertex 7.0419 22 -86.7675
      vertex 6.76939 19.6 -86.675
      vertex 6.76939 22 -86.675
    endloop
  endfacet
  facet normal 0.751754 0 -0.659444
    outer loop
      vertex -7.75563 19.6 -87.2444
      vertex -7.94537 22 -87.4607
      vertex -7.75563 22 -87.2444
    endloop
  endfacet
  facet normal 0.751754 0 -0.659444
    outer loop
      vertex -7.94537 22 -87.4607
      vertex -7.75563 19.6 -87.2444
      vertex -7.94537 19.6 -87.4607
    endloop
  endfacet
  facet normal -0.946931 0 -0.321435
    outer loop
      vertex 8.32503 19.6 -88.2306
      vertex 8.23253 22 -87.9581
      vertex 8.32503 22 -88.2306
    endloop
  endfacet
  facet normal -0.946931 -0 -0.321435
    outer loop
      vertex 8.23253 22 -87.9581
      vertex 8.32503 19.6 -88.2306
      vertex 8.23253 19.6 -87.9581
    endloop
  endfacet
  facet normal -1 0 0
    outer loop
      vertex 8.39999 19.6 -91
      vertex 8.39999 22 -88.8
      vertex 8.39999 22 -91
    endloop
  endfacet
  facet normal -1 -0 0
    outer loop
      vertex 8.39999 22 -88.8
      vertex 8.39999 19.6 -91
      vertex 8.39999 19.6 -88.8
    endloop
  endfacet
  facet normal 0 1 -0
    outer loop
      vertex 8.4 1 -95
      vertex -8.4 1 -92.6
      vertex 8.4 1 -92.6
    endloop
  endfacet
  facet normal 0 1 0
    outer loop
      vertex -8.4 1 -92.6
      vertex 8.4 1 -95
      vertex -8.4 1 -95
    endloop
  endfacet
  facet normal -0.751754 0 -0.659444
    outer loop
      vertex 7.94537 19.6 -87.4607
      vertex 7.75563 22 -87.2444
      vertex 7.94537 22 -87.4607
    endloop
  endfacet
  facet normal -0.751754 -0 -0.659444
    outer loop
      vertex 7.75563 22 -87.2444
      vertex 7.94537 19.6 -87.4607
      vertex 7.75563 19.6 -87.2444
    endloop
  endfacet
  facet normal -1 0 0
    outer loop
      vertex 8.4 19.6 -95
      vertex 8.4 17.2 -92.6
      vertex 8.4 19.6 -92
    endloop
  endfacet
  facet normal -1 0 0
    outer loop
      vertex 8.4 1 -95
      vertex 8.4 17.2 -92.6
      vertex 8.4 19.6 -95
    endloop
  endfacet
  facet normal -1 -0 0
    outer loop
      vertex 8.4 17.2 -92.6
      vertex 8.4 1 -95
      vertex 8.4 1 -92.6
    endloop
  endfacet
  facet normal -1 0 0
    outer loop
      vertex 8.4 19.6 -92
      vertex 8.4 22 -94.4
      vertex 8.4 19.6 -95
    endloop
  endfacet
  facet normal -1 0 0
    outer loop
      vertex 8.4 22 -94.4
      vertex 8.4 19.6 -92
      vertex 8.4 22 -91
    endloop
  endfacet
  facet normal -1 -0 0
    outer loop
      vertex 8.4 22 -91
      vertex 8.4 19.6 -92
      vertex 8.4 19.6 -91
    endloop
  endfacet
  facet normal 0 0 -1
    outer loop
      vertex -8.4 19.6 -91
      vertex -8.39999 22 -91
      vertex -8.39999 19.6 -91
    endloop
  endfacet
  facet normal -0 0 -1
    outer loop
      vertex -8.39999 22 -91
      vertex -8.4 19.6 -91
      vertex -8.4 22 -91
    endloop
  endfacet
  facet normal 0 0 -1
    outer loop
      vertex 8.39999 19.6 -91
      vertex 8.4 22 -91
      vertex 8.4 19.6 -91
    endloop
  endfacet
  facet normal -0 0 -1
    outer loop
      vertex 8.4 22 -91
      vertex 8.39999 19.6 -91
      vertex 8.39999 22 -91
    endloop
  endfacet
  facet normal 1 0 0
    outer loop
      vertex -8.4 19.6 -92
      vertex -8.4 22 -91
      vertex -8.4 19.6 -91
    endloop
  endfacet
  facet normal 1 0 0
    outer loop
      vertex -8.4 22 -91
      vertex -8.4 19.6 -92
      vertex -8.4 22 -94.4
    endloop
  endfacet
  facet normal 1 0 0
    outer loop
      vertex -8.4 19.6 -92
      vertex -8.4 19.6 -95
      vertex -8.4 22 -94.4
    endloop
  endfacet
  facet normal 1 -0 0
    outer loop
      vertex -8.4 17.2 -92.6
      vertex -8.4 19.6 -95
      vertex -8.4 19.6 -92
    endloop
  endfacet
  facet normal 1 0 0
    outer loop
      vertex -8.4 1 -95
      vertex -8.4 17.2 -92.6
      vertex -8.4 1 -92.6
    endloop
  endfacet
  facet normal 1 0 0
    outer loop
      vertex -8.4 17.2 -92.6
      vertex -8.4 1 -95
      vertex -8.4 19.6 -95
    endloop
  endfacet
  facet normal -0.980781 0 -0.195113
    outer loop
      vertex 2.18118 19.6 55.2872
      vertex 2.12504 22 55.5694
      vertex 2.18118 22 55.2872
    endloop
  endfacet
  facet normal -0.980781 -0 -0.195113
    outer loop
      vertex 2.12504 22 55.5694
      vertex 2.18118 19.6 55.2872
      vertex 2.12504 19.6 55.5694
    endloop
  endfacet
  facet normal -0.99786 0 -0.065389
    outer loop
      vertex 2.2 19.6 55
      vertex 2.18118 22 55.2872
      vertex 2.2 22 55
    endloop
  endfacet
  facet normal -0.99786 -0 -0.065389
    outer loop
      vertex 2.18118 22 55.2872
      vertex 2.2 19.6 55
      vertex 2.18118 19.6 55.2872
    endloop
  endfacet
  facet normal 0.99786 0 -0.065389
    outer loop
      vertex -2.18118 19.6 55.2872
      vertex -2.2 22 55
      vertex -2.18118 22 55.2872
    endloop
  endfacet
  facet normal 0.99786 0 -0.065389
    outer loop
      vertex -2.2 22 55
      vertex -2.18118 19.6 55.2872
      vertex -2.2 19.6 55
    endloop
  endfacet
  facet normal -0.896888 0 -0.442258
    outer loop
      vertex 2.03253 19.6 55.8419
      vertex 1.90526 22 56.1
      vertex 2.03253 22 55.8419
    endloop
  endfacet
  facet normal -0.896888 -0 -0.442258
    outer loop
      vertex 1.90526 22 56.1
      vertex 2.03253 19.6 55.8419
      vertex 1.90526 19.6 56.1
    endloop
  endfacet
  facet normal -0.321434 0 -0.946932
    outer loop
      vertex 0.569402 19.6 57.125
      vertex 0.841903 22 57.0325
      vertex 0.841903 19.6 57.0325
    endloop
  endfacet
  facet normal -0.321434 0 -0.946932
    outer loop
      vertex 0.841903 22 57.0325
      vertex 0.569402 19.6 57.125
      vertex 0.569402 22 57.125
    endloop
  endfacet
  facet normal -0.896888 0 0.442258
    outer loop
      vertex 1.90526 19.6 53.9
      vertex 2.03253 22 54.1581
      vertex 1.90526 22 53.9
    endloop
  endfacet
  facet normal -0.896888 0 0.442258
    outer loop
      vertex 2.03253 22 54.1581
      vertex 1.90526 19.6 53.9
      vertex 2.03253 19.6 54.1581
    endloop
  endfacet
  facet normal -0.195284 0 -0.980747
    outer loop
      vertex 0.287157 19.6 57.1812
      vertex 0.569402 22 57.125
      vertex 0.569402 19.6 57.125
    endloop
  endfacet
  facet normal -0.195284 0 -0.980747
    outer loop
      vertex 0.569402 22 57.125
      vertex 0.287157 19.6 57.1812
      vertex 0.287157 22 57.1812
    endloop
  endfacet
  facet normal -0.0653296 0 0.997864
    outer loop
      vertex 0 22 52.8
      vertex 0.287157 19.6 52.8188
      vertex 0.287157 22 52.8188
    endloop
  endfacet
  facet normal -0.0653296 0 0.997864
    outer loop
      vertex 0.287157 19.6 52.8188
      vertex 0 22 52.8
      vertex 0 19.6 52.8
    endloop
  endfacet
  facet normal -0.946921 0 -0.321467
    outer loop
      vertex 2.12504 19.6 55.5694
      vertex 2.03253 22 55.8419
      vertex 2.12504 22 55.5694
    endloop
  endfacet
  facet normal -0.946921 -0 -0.321467
    outer loop
      vertex 2.03253 22 55.8419
      vertex 2.12504 19.6 55.5694
      vertex 2.03253 19.6 55.8419
    endloop
  endfacet
  facet normal 0.896888 0 -0.442258
    outer loop
      vertex -1.90526 19.6 56.1
      vertex -2.03253 22 55.8419
      vertex -1.90526 22 56.1
    endloop
  endfacet
  facet normal 0.896888 0 -0.442258
    outer loop
      vertex -2.03253 22 55.8419
      vertex -1.90526 19.6 56.1
      vertex -2.03253 19.6 55.8419
    endloop
  endfacet
  facet normal -0.659458 0 0.751741
    outer loop
      vertex 1.33927 22 53.2546
      vertex 1.55563 19.6 53.4444
      vertex 1.55563 22 53.4444
    endloop
  endfacet
  facet normal -0.659458 0 0.751741
    outer loop
      vertex 1.55563 19.6 53.4444
      vertex 1.33927 22 53.2546
      vertex 1.33927 19.6 53.2546
    endloop
  endfacet
  facet normal -0.321434 0 0.946932
    outer loop
      vertex 0.569402 22 52.875
      vertex 0.841903 19.6 52.9675
      vertex 0.841903 22 52.9675
    endloop
  endfacet
  facet normal -0.321434 0 0.946932
    outer loop
      vertex 0.841903 19.6 52.9675
      vertex 0.569402 22 52.875
      vertex 0.569402 19.6 52.875
    endloop
  endfacet
  facet normal 0.659458 0 0.751741
    outer loop
      vertex -1.55563 22 53.4444
      vertex -1.33927 19.6 53.2546
      vertex -1.33927 22 53.2546
    endloop
  endfacet
  facet normal 0.659458 0 0.751741
    outer loop
      vertex -1.33927 19.6 53.2546
      vertex -1.55563 22 53.4444
      vertex -1.55563 19.6 53.4444
    endloop
  endfacet
  facet normal -0.751736 0 0.659464
    outer loop
      vertex 1.55563 19.6 53.4444
      vertex 1.74538 22 53.6607
      vertex 1.55563 22 53.4444
    endloop
  endfacet
  facet normal -0.751736 0 0.659464
    outer loop
      vertex 1.74538 22 53.6607
      vertex 1.55563 19.6 53.4444
      vertex 1.74538 19.6 53.6607
    endloop
  endfacet
  facet normal 0.442067 0 -0.896982
    outer loop
      vertex -1.1 19.6 56.9053
      vertex -0.841903 22 57.0325
      vertex -0.841903 19.6 57.0325
    endloop
  endfacet
  facet normal 0.442067 0 -0.896982
    outer loop
      vertex -0.841903 22 57.0325
      vertex -1.1 19.6 56.9053
      vertex -1.1 22 56.9053
    endloop
  endfacet
  facet normal 0.896888 -0 0.442258
    outer loop
      vertex -2.03253 19.6 54.1581
      vertex -1.90526 22 53.9
      vertex -2.03253 22 54.1581
    endloop
  endfacet
  facet normal 0.896888 0 0.442258
    outer loop
      vertex -1.90526 22 53.9
      vertex -2.03253 19.6 54.1581
      vertex -1.90526 19.6 53.9
    endloop
  endfacet
  facet normal 0.659458 0 -0.751741
    outer loop
      vertex -1.55563 19.6 56.5556
      vertex -1.33927 22 56.7454
      vertex -1.33927 19.6 56.7454
    endloop
  endfacet
  facet normal 0.659458 0 -0.751741
    outer loop
      vertex -1.33927 22 56.7454
      vertex -1.55563 19.6 56.5556
      vertex -1.55563 22 56.5556
    endloop
  endfacet
  facet normal 0.321434 0 -0.946932
    outer loop
      vertex -0.841903 19.6 57.0325
      vertex -0.569402 22 57.125
      vertex -0.569402 19.6 57.125
    endloop
  endfacet
  facet normal 0.321434 0 -0.946932
    outer loop
      vertex -0.569402 22 57.125
      vertex -0.841903 19.6 57.0325
      vertex -0.841903 22 57.0325
    endloop
  endfacet
  facet normal -0.751736 0 -0.659464
    outer loop
      vertex 1.74538 19.6 56.3393
      vertex 1.55563 22 56.5556
      vertex 1.74538 22 56.3393
    endloop
  endfacet
  facet normal -0.751736 -0 -0.659464
    outer loop
      vertex 1.55563 22 56.5556
      vertex 1.74538 19.6 56.3393
      vertex 1.55563 19.6 56.5556
    endloop
  endfacet
  facet normal 0.321434 0 0.946932
    outer loop
      vertex -0.841903 22 52.9675
      vertex -0.569402 19.6 52.875
      vertex -0.569402 22 52.875
    endloop
  endfacet
  facet normal 0.321434 0 0.946932
    outer loop
      vertex -0.569402 19.6 52.875
      vertex -0.841903 22 52.9675
      vertex -0.841903 19.6 52.9675
    endloop
  endfacet
  facet normal -0.195284 0 0.980747
    outer loop
      vertex 0.287157 22 52.8188
      vertex 0.569402 19.6 52.875
      vertex 0.569402 22 52.875
    endloop
  endfacet
  facet normal -0.195284 0 0.980747
    outer loop
      vertex 0.569402 19.6 52.875
      vertex 0.287157 22 52.8188
      vertex 0.287157 19.6 52.8188
    endloop
  endfacet
  facet normal -0.980781 0 0.195113
    outer loop
      vertex 2.12504 19.6 54.4306
      vertex 2.18118 22 54.7128
      vertex 2.12504 22 54.4306
    endloop
  endfacet
  facet normal -0.980781 0 0.195113
    outer loop
      vertex 2.18118 22 54.7128
      vertex 2.12504 19.6 54.4306
      vertex 2.18118 19.6 54.7128
    endloop
  endfacet
  facet normal 0.946921 -0 0.321467
    outer loop
      vertex -2.12504 19.6 54.4306
      vertex -2.03253 22 54.1581
      vertex -2.12504 22 54.4306
    endloop
  endfacet
  facet normal 0.946921 0 0.321467
    outer loop
      vertex -2.03253 22 54.1581
      vertex -2.12504 19.6 54.4306
      vertex -2.03253 19.6 54.1581
    endloop
  endfacet
  facet normal -0.946921 0 0.321467
    outer loop
      vertex 2.03253 19.6 54.1581
      vertex 2.12504 22 54.4306
      vertex 2.03253 22 54.1581
    endloop
  endfacet
  facet normal -0.946921 0 0.321467
    outer loop
      vertex 2.12504 22 54.4306
      vertex 2.03253 19.6 54.1581
      vertex 2.12504 19.6 54.4306
    endloop
  endfacet
  facet normal 0.751736 -0 0.659464
    outer loop
      vertex -1.74538 19.6 53.6607
      vertex -1.55563 22 53.4444
      vertex -1.74538 22 53.6607
    endloop
  endfacet
  facet normal 0.751736 0 0.659464
    outer loop
      vertex -1.55563 22 53.4444
      vertex -1.74538 19.6 53.6607
      vertex -1.55563 19.6 53.4444
    endloop
  endfacet
  facet normal -0.55563 0 -0.83143
    outer loop
      vertex 1.1 19.6 56.9053
      vertex 1.33927 22 56.7454
      vertex 1.33927 19.6 56.7454
    endloop
  endfacet
  facet normal -0.55563 0 -0.83143
    outer loop
      vertex 1.33927 22 56.7454
      vertex 1.1 19.6 56.9053
      vertex 1.1 22 56.9053
    endloop
  endfacet
  facet normal -0.659458 0 -0.751741
    outer loop
      vertex 1.33927 19.6 56.7454
      vertex 1.55563 22 56.5556
      vertex 1.55563 19.6 56.5556
    endloop
  endfacet
  facet normal -0.659458 0 -0.751741
    outer loop
      vertex 1.55563 22 56.5556
      vertex 1.33927 19.6 56.7454
      vertex 1.33927 22 56.7454
    endloop
  endfacet
  facet normal -0.442067 0 -0.896982
    outer loop
      vertex 0.841903 19.6 57.0325
      vertex 1.1 22 56.9053
      vertex 1.1 19.6 56.9053
    endloop
  endfacet
  facet normal -0.442067 0 -0.896982
    outer loop
      vertex 1.1 22 56.9053
      vertex 0.841903 19.6 57.0325
      vertex 0.841903 22 57.0325
    endloop
  endfacet
  facet normal 0.195284 0 -0.980747
    outer loop
      vertex -0.569402 19.6 57.125
      vertex -0.287157 22 57.1812
      vertex -0.287157 19.6 57.1812
    endloop
  endfacet
  facet normal 0.195284 0 -0.980747
    outer loop
      vertex -0.287157 22 57.1812
      vertex -0.569402 19.6 57.125
      vertex -0.569402 22 57.125
    endloop
  endfacet
  facet normal 0.0653296 0 0.997864
    outer loop
      vertex -0.287157 22 52.8188
      vertex 0 19.6 52.8
      vertex 0 22 52.8
    endloop
  endfacet
  facet normal 0.0653296 0 0.997864
    outer loop
      vertex 0 19.6 52.8
      vertex -0.287157 22 52.8188
      vertex -0.287157 19.6 52.8188
    endloop
  endfacet
  facet normal 0.442067 0 0.896982
    outer loop
      vertex -1.1 22 53.0947
      vertex -0.841903 19.6 52.9675
      vertex -0.841903 22 52.9675
    endloop
  endfacet
  facet normal 0.442067 0 0.896982
    outer loop
      vertex -0.841903 19.6 52.9675
      vertex -1.1 22 53.0947
      vertex -1.1 19.6 53.0947
    endloop
  endfacet
  facet normal 0.0653296 0 -0.997864
    outer loop
      vertex -0.287157 19.6 57.1812
      vertex 0 22 57.2
      vertex 0 19.6 57.2
    endloop
  endfacet
  facet normal 0.0653296 0 -0.997864
    outer loop
      vertex 0 22 57.2
      vertex -0.287157 19.6 57.1812
      vertex -0.287157 22 57.1812
    endloop
  endfacet
  facet normal 0.946921 0 -0.321467
    outer loop
      vertex -2.03253 19.6 55.8419
      vertex -2.12504 22 55.5694
      vertex -2.03253 22 55.8419
    endloop
  endfacet
  facet normal 0.946921 0 -0.321467
    outer loop
      vertex -2.12504 22 55.5694
      vertex -2.03253 19.6 55.8419
      vertex -2.12504 19.6 55.5694
    endloop
  endfacet
  facet normal -0.831494 0 -0.555534
    outer loop
      vertex 1.90526 19.6 56.1
      vertex 1.74538 22 56.3393
      vertex 1.90526 22 56.1
    endloop
  endfacet
  facet normal -0.831494 -0 -0.555534
    outer loop
      vertex 1.74538 22 56.3393
      vertex 1.90526 19.6 56.1
      vertex 1.74538 19.6 56.3393
    endloop
  endfacet
  facet normal -0.442067 0 0.896982
    outer loop
      vertex 0.841903 22 52.9675
      vertex 1.1 19.6 53.0947
      vertex 1.1 22 53.0947
    endloop
  endfacet
  facet normal -0.442067 0 0.896982
    outer loop
      vertex 1.1 19.6 53.0947
      vertex 0.841903 22 52.9675
      vertex 0.841903 19.6 52.9675
    endloop
  endfacet
  facet normal 0.99786 -0 0.065389
    outer loop
      vertex -2.2 19.6 55
      vertex -2.18118 22 54.7128
      vertex -2.2 22 55
    endloop
  endfacet
  facet normal 0.99786 0 0.065389
    outer loop
      vertex -2.18118 22 54.7128
      vertex -2.2 19.6 55
      vertex -2.18118 19.6 54.7128
    endloop
  endfacet
  facet normal -0.831494 0 0.555534
    outer loop
      vertex 1.74538 19.6 53.6607
      vertex 1.90526 22 53.9
      vertex 1.74538 22 53.6607
    endloop
  endfacet
  facet normal -0.831494 0 0.555534
    outer loop
      vertex 1.90526 22 53.9
      vertex 1.74538 19.6 53.6607
      vertex 1.90526 19.6 53.9
    endloop
  endfacet
  facet normal 0.980781 0 -0.195113
    outer loop
      vertex -2.12504 19.6 55.5694
      vertex -2.18118 22 55.2872
      vertex -2.12504 22 55.5694
    endloop
  endfacet
  facet normal 0.980781 0 -0.195113
    outer loop
      vertex -2.18118 22 55.2872
      vertex -2.12504 19.6 55.5694
      vertex -2.18118 19.6 55.2872
    endloop
  endfacet
  facet normal 0.55563 0 0.83143
    outer loop
      vertex -1.33927 22 53.2546
      vertex -1.1 19.6 53.0947
      vertex -1.1 22 53.0947
    endloop
  endfacet
  facet normal 0.55563 0 0.83143
    outer loop
      vertex -1.1 19.6 53.0947
      vertex -1.33927 22 53.2546
      vertex -1.33927 19.6 53.2546
    endloop
  endfacet
  facet normal 0.55563 0 -0.83143
    outer loop
      vertex -1.33927 19.6 56.7454
      vertex -1.1 22 56.9053
      vertex -1.1 19.6 56.9053
    endloop
  endfacet
  facet normal 0.55563 0 -0.83143
    outer loop
      vertex -1.1 22 56.9053
      vertex -1.33927 19.6 56.7454
      vertex -1.33927 22 56.7454
    endloop
  endfacet
  facet normal -0.99786 0 0.065389
    outer loop
      vertex 2.18118 19.6 54.7128
      vertex 2.2 22 55
      vertex 2.18118 22 54.7128
    endloop
  endfacet
  facet normal -0.99786 0 0.065389
    outer loop
      vertex 2.2 22 55
      vertex 2.18118 19.6 54.7128
      vertex 2.2 19.6 55
    endloop
  endfacet
  facet normal -0.0653296 0 -0.997864
    outer loop
      vertex 0 19.6 57.2
      vertex 0.287157 22 57.1812
      vertex 0.287157 19.6 57.1812
    endloop
  endfacet
  facet normal -0.0653296 0 -0.997864
    outer loop
      vertex 0.287157 22 57.1812
      vertex 0 19.6 57.2
      vertex 0 22 57.2
    endloop
  endfacet
  facet normal 0.195284 0 0.980747
    outer loop
      vertex -0.569402 22 52.875
      vertex -0.287157 19.6 52.8188
      vertex -0.287157 22 52.8188
    endloop
  endfacet
  facet normal 0.195284 0 0.980747
    outer loop
      vertex -0.287157 19.6 52.8188
      vertex -0.569402 22 52.875
      vertex -0.569402 19.6 52.875
    endloop
  endfacet
  facet normal 0.980781 -0 0.195113
    outer loop
      vertex -2.18118 19.6 54.7128
      vertex -2.12504 22 54.4306
      vertex -2.18118 22 54.7128
    endloop
  endfacet
  facet normal 0.980781 0 0.195113
    outer loop
      vertex -2.12504 22 54.4306
      vertex -2.18118 19.6 54.7128
      vertex -2.12504 19.6 54.4306
    endloop
  endfacet
  facet normal 0.831494 -0 0.555534
    outer loop
      vertex -1.90526 19.6 53.9
      vertex -1.74538 22 53.6607
      vertex -1.90526 22 53.9
    endloop
  endfacet
  facet normal 0.831494 0 0.555534
    outer loop
      vertex -1.74538 22 53.6607
      vertex -1.90526 19.6 53.9
      vertex -1.74538 19.6 53.6607
    endloop
  endfacet
  facet normal -0.55563 0 0.83143
    outer loop
      vertex 1.1 22 53.0947
      vertex 1.33927 19.6 53.2546
      vertex 1.33927 22 53.2546
    endloop
  endfacet
  facet normal -0.55563 0 0.83143
    outer loop
      vertex 1.33927 19.6 53.2546
      vertex 1.1 22 53.0947
      vertex 1.1 19.6 53.0947
    endloop
  endfacet
  facet normal 0.831494 0 -0.555534
    outer loop
      vertex -1.74538 19.6 56.3393
      vertex -1.90526 22 56.1
      vertex -1.74538 22 56.3393
    endloop
  endfacet
  facet normal 0.831494 0 -0.555534
    outer loop
      vertex -1.90526 22 56.1
      vertex -1.74538 19.6 56.3393
      vertex -1.90526 19.6 56.1
    endloop
  endfacet
  facet normal 0.751736 0 -0.659464
    outer loop
      vertex -1.55563 19.6 56.5556
      vertex -1.74538 22 56.3393
      vertex -1.55563 22 56.5556
    endloop
  endfacet
  facet normal 0.751736 0 -0.659464
    outer loop
      vertex -1.74538 22 56.3393
      vertex -1.55563 19.6 56.5556
      vertex -1.74538 19.6 56.3393
    endloop
  endfacet
  facet normal 0.195284 0 0.980747
    outer loop
      vertex -0.569402 22 57.875
      vertex -0.287157 19.6 57.8188
      vertex -0.287157 22 57.8188
    endloop
  endfacet
  facet normal 0.195284 0 0.980747
    outer loop
      vertex -0.287157 19.6 57.8188
      vertex -0.569402 22 57.875
      vertex -0.569402 19.6 57.875
    endloop
  endfacet
  facet normal -0.980784 0 -0.195097
    outer loop
      vertex 3.71792 19.6 65.4895
      vertex 3.62222 22 65.9706
      vertex 3.71792 22 65.4895
    endloop
  endfacet
  facet normal -0.980784 -0 -0.195097
    outer loop
      vertex 3.62222 22 65.9706
      vertex 3.71792 19.6 65.4895
      vertex 3.62222 19.6 65.9706
    endloop
  endfacet
  facet normal 0.555537 0 -0.831492
    outer loop
      vertex -2.28286 19.6 67.9751
      vertex -1.875 22 68.2476
      vertex -1.875 19.6 68.2476
    endloop
  endfacet
  facet normal 0.555537 0 -0.831492
    outer loop
      vertex -1.875 22 68.2476
      vertex -2.28286 19.6 67.9751
      vertex -2.28286 22 67.9751
    endloop
  endfacet
  facet normal 0.751736 -0 0.659464
    outer loop
      vertex -1.74538 19.6 58.6607
      vertex -1.55563 22 58.4444
      vertex -1.74538 22 58.6607
    endloop
  endfacet
  facet normal 0.751736 0 0.659464
    outer loop
      vertex -1.55563 22 58.4444
      vertex -1.74538 19.6 58.6607
      vertex -1.55563 19.6 58.4444
    endloop
  endfacet
  facet normal -0.980784 0 0.195097
    outer loop
      vertex 3.62222 19.6 64.0294
      vertex 3.71792 22 64.5105
      vertex 3.62222 22 64.0294
    endloop
  endfacet
  facet normal -0.980784 0 0.195097
    outer loop
      vertex 3.71792 22 64.5105
      vertex 3.62222 19.6 64.0294
      vertex 3.71792 19.6 64.5105
    endloop
  endfacet
  facet normal 0.950878 -0 0.309567
    outer loop
      vertex -3.62222 19.6 64.0294
      vertex -2.12504 22 59.4306
      vertex -3.62222 22 64.0294
    endloop
  endfacet
  facet normal 0.950878 0 0.309567
    outer loop
      vertex -2.12504 22 59.4306
      vertex -3.62222 19.6 64.0294
      vertex -2.12504 19.6 59.4306
    endloop
  endfacet
  facet normal 0.896852 0 -0.44233
    outer loop
      vertex -3.24759 19.6 66.875
      vertex -3.46455 22 66.4351
      vertex -3.24759 22 66.875
    endloop
  endfacet
  facet normal 0.896852 0 -0.44233
    outer loop
      vertex -3.46455 22 66.4351
      vertex -3.24759 19.6 66.875
      vertex -3.46455 19.6 66.4351
    endloop
  endfacet
  facet normal 0.442199 0 -0.896917
    outer loop
      vertex -1.875 19.6 68.2476
      vertex -1.43506 22 68.4645
      vertex -1.43506 19.6 68.4645
    endloop
  endfacet
  facet normal 0.442199 0 -0.896917
    outer loop
      vertex -1.43506 22 68.4645
      vertex -1.875 19.6 68.2476
      vertex -1.875 22 68.2476
    endloop
  endfacet
  facet normal -0.997859 0 -0.065396
    outer loop
      vertex 3.75 19.6 65
      vertex 3.71792 22 65.4895
      vertex 3.75 22 65
    endloop
  endfacet
  facet normal -0.997859 -0 -0.065396
    outer loop
      vertex 3.71792 22 65.4895
      vertex 3.75 19.6 65
      vertex 3.71792 19.6 65.4895
    endloop
  endfacet
  facet normal -0.321434 0 0.946932
    outer loop
      vertex 0.569402 22 57.875
      vertex 0.841903 19.6 57.9675
      vertex 0.841903 22 57.9675
    endloop
  endfacet
  facet normal -0.321434 0 0.946932
    outer loop
      vertex 0.841903 19.6 57.9675
      vertex 0.569402 22 57.875
      vertex 0.569402 19.6 57.875
    endloop
  endfacet
  facet normal 0.946921 -0 0.321467
    outer loop
      vertex -2.12504 19.6 59.4306
      vertex -2.03253 22 59.1581
      vertex -2.12504 22 59.4306
    endloop
  endfacet
  facet normal 0.946921 0 0.321467
    outer loop
      vertex -2.03253 22 59.1581
      vertex -2.12504 19.6 59.4306
      vertex -2.03253 19.6 59.1581
    endloop
  endfacet
  facet normal -0.896852 0 -0.44233
    outer loop
      vertex 3.46455 19.6 66.4351
      vertex 3.24759 22 66.875
      vertex 3.46455 22 66.4351
    endloop
  endfacet
  facet normal -0.896852 -0 -0.44233
    outer loop
      vertex 3.24759 22 66.875
      vertex 3.46455 19.6 66.4351
      vertex 3.24759 19.6 66.875
    endloop
  endfacet
  facet normal 0.896888 -0 0.442258
    outer loop
      vertex -2.03253 19.6 59.1581
      vertex -1.90526 22 58.9
      vertex -2.03253 22 59.1581
    endloop
  endfacet
  facet normal 0.896888 0 0.442258
    outer loop
      vertex -1.90526 22 58.9
      vertex -2.03253 19.6 59.1581
      vertex -1.90526 19.6 58.9
    endloop
  endfacet
  facet normal 0.55563 0 0.83143
    outer loop
      vertex -1.33927 22 58.2546
      vertex -1.1 19.6 58.0947
      vertex -1.1 22 58.0947
    endloop
  endfacet
  facet normal 0.55563 0 0.83143
    outer loop
      vertex -1.1 19.6 58.0947
      vertex -1.33927 22 58.2546
      vertex -1.33927 19.6 58.2546
    endloop
  endfacet
  facet normal -0.0654403 0 -0.997856
    outer loop
      vertex 0 19.6 68.75
      vertex 0.489472 22 68.7179
      vertex 0.489472 19.6 68.7179
    endloop
  endfacet
  facet normal -0.0654403 0 -0.997856
    outer loop
      vertex 0.489472 22 68.7179
      vertex 0 19.6 68.75
      vertex 0 22 68.75
    endloop
  endfacet
  facet normal -0.950878 0 0.309567
    outer loop
      vertex 2.12504 19.6 59.4306
      vertex 3.62222 22 64.0294
      vertex 2.12504 22 59.4306
    endloop
  endfacet
  facet normal -0.950878 0 0.309567
    outer loop
      vertex 3.62222 22 64.0294
      vertex 2.12504 19.6 59.4306
      vertex 3.62222 19.6 64.0294
    endloop
  endfacet
  facet normal -0.442199 0 -0.896917
    outer loop
      vertex 1.43506 19.6 68.4645
      vertex 1.875 22 68.2476
      vertex 1.875 19.6 68.2476
    endloop
  endfacet
  facet normal -0.442199 0 -0.896917
    outer loop
      vertex 1.875 22 68.2476
      vertex 1.43506 19.6 68.4645
      vertex 1.43506 22 68.4645
    endloop
  endfacet
  facet normal 0.997859 0 -0.065396
    outer loop
      vertex -3.71792 19.6 65.4895
      vertex -3.75 22 65
      vertex -3.71792 22 65.4895
    endloop
  endfacet
  facet normal 0.997859 0 -0.065396
    outer loop
      vertex -3.75 22 65
      vertex -3.71792 19.6 65.4895
      vertex -3.75 19.6 65
    endloop
  endfacet
  facet normal 0.659438 0 -0.751759
    outer loop
      vertex -2.65165 19.6 67.6516
      vertex -2.28286 22 67.9751
      vertex -2.28286 19.6 67.9751
    endloop
  endfacet
  facet normal 0.659438 0 -0.751759
    outer loop
      vertex -2.28286 22 67.9751
      vertex -2.65165 19.6 67.6516
      vertex -2.65165 22 67.6516
    endloop
  endfacet
  facet normal 0.195097 0 -0.980784
    outer loop
      vertex -0.970571 19.6 68.6222
      vertex -0.489472 22 68.7179
      vertex -0.489472 19.6 68.7179
    endloop
  endfacet
  facet normal 0.195097 0 -0.980784
    outer loop
      vertex -0.489472 22 68.7179
      vertex -0.970571 19.6 68.6222
      vertex -0.970571 22 68.6222
    endloop
  endfacet
  facet normal -0.896888 0 0.442258
    outer loop
      vertex 1.90526 19.6 58.9
      vertex 2.03253 22 59.1581
      vertex 1.90526 22 58.9
    endloop
  endfacet
  facet normal -0.896888 0 0.442258
    outer loop
      vertex 2.03253 22 59.1581
      vertex 1.90526 19.6 58.9
      vertex 2.03253 19.6 59.1581
    endloop
  endfacet
  facet normal -0.946921 0 0.321467
    outer loop
      vertex 2.03253 19.6 59.1581
      vertex 2.12504 22 59.4306
      vertex 2.03253 22 59.1581
    endloop
  endfacet
  facet normal -0.946921 0 0.321467
    outer loop
      vertex 2.12504 22 59.4306
      vertex 2.03253 19.6 59.1581
      vertex 2.12504 19.6 59.4306
    endloop
  endfacet
  facet normal 0.997859 -0 0.065396
    outer loop
      vertex -3.75 19.6 65
      vertex -3.71792 22 64.5105
      vertex -3.75 22 65
    endloop
  endfacet
  facet normal 0.997859 0 0.065396
    outer loop
      vertex -3.71792 22 64.5105
      vertex -3.75 19.6 65
      vertex -3.71792 19.6 64.5105
    endloop
  endfacet
  facet normal 0.980784 0 -0.195097
    outer loop
      vertex -3.62222 19.6 65.9706
      vertex -3.71792 22 65.4895
      vertex -3.62222 22 65.9706
    endloop
  endfacet
  facet normal 0.980784 0 -0.195097
    outer loop
      vertex -3.71792 22 65.4895
      vertex -3.62222 19.6 65.9706
      vertex -3.71792 19.6 65.4895
    endloop
  endfacet
  facet normal 0.0653296 0 0.997864
    outer loop
      vertex -0.287157 22 57.8188
      vertex 0 19.6 57.8
      vertex 0 22 57.8
    endloop
  endfacet
  facet normal 0.0653296 0 0.997864
    outer loop
      vertex 0 19.6 57.8
      vertex -0.287157 22 57.8188
      vertex -0.287157 19.6 57.8188
    endloop
  endfacet
  facet normal 0.321489 0 -0.946913
    outer loop
      vertex -1.43506 19.6 68.4645
      vertex -0.970571 22 68.6222
      vertex -0.970571 19.6 68.6222
    endloop
  endfacet
  facet normal 0.321489 0 -0.946913
    outer loop
      vertex -0.970571 22 68.6222
      vertex -1.43506 19.6 68.4645
      vertex -1.43506 22 68.4645
    endloop
  endfacet
  facet normal 0.442067 0 0.896982
    outer loop
      vertex -1.1 22 58.0947
      vertex -0.841903 19.6 57.9675
      vertex -0.841903 22 57.9675
    endloop
  endfacet
  facet normal 0.442067 0 0.896982
    outer loop
      vertex -0.841903 19.6 57.9675
      vertex -1.1 22 58.0947
      vertex -1.1 19.6 58.0947
    endloop
  endfacet
  facet normal 0.321434 0 0.946932
    outer loop
      vertex -0.841903 22 57.9675
      vertex -0.569402 19.6 57.875
      vertex -0.569402 22 57.875
    endloop
  endfacet
  facet normal 0.321434 0 0.946932
    outer loop
      vertex -0.569402 19.6 57.875
      vertex -0.841903 22 57.9675
      vertex -0.841903 19.6 57.9675
    endloop
  endfacet
  facet normal 0.831498 0 -0.555528
    outer loop
      vertex -2.97507 19.6 67.2829
      vertex -3.24759 22 66.875
      vertex -2.97507 22 67.2829
    endloop
  endfacet
  facet normal 0.831498 0 -0.555528
    outer loop
      vertex -3.24759 22 66.875
      vertex -2.97507 19.6 67.2829
      vertex -3.24759 19.6 66.875
    endloop
  endfacet
  facet normal 0.946934 0 -0.321428
    outer loop
      vertex -3.46455 19.6 66.4351
      vertex -3.62222 22 65.9706
      vertex -3.46455 22 66.4351
    endloop
  endfacet
  facet normal 0.946934 0 -0.321428
    outer loop
      vertex -3.62222 22 65.9706
      vertex -3.46455 19.6 66.4351
      vertex -3.62222 19.6 65.9706
    endloop
  endfacet
  facet normal -0.55563 0 0.83143
    outer loop
      vertex 1.1 22 58.0947
      vertex 1.33927 19.6 58.2546
      vertex 1.33927 22 58.2546
    endloop
  endfacet
  facet normal -0.55563 0 0.83143
    outer loop
      vertex 1.33927 19.6 58.2546
      vertex 1.1 22 58.0947
      vertex 1.1 19.6 58.0947
    endloop
  endfacet
  facet normal -0.75176 0 -0.659437
    outer loop
      vertex 2.97507 19.6 67.2829
      vertex 2.65165 22 67.6516
      vertex 2.97507 22 67.2829
    endloop
  endfacet
  facet normal -0.75176 -0 -0.659437
    outer loop
      vertex 2.65165 22 67.6516
      vertex 2.97507 19.6 67.2829
      vertex 2.65165 19.6 67.6516
    endloop
  endfacet
  facet normal -0.831494 0 0.555534
    outer loop
      vertex 1.74538 19.6 58.6607
      vertex 1.90526 22 58.9
      vertex 1.74538 22 58.6607
    endloop
  endfacet
  facet normal -0.831494 0 0.555534
    outer loop
      vertex 1.90526 22 58.9
      vertex 1.74538 19.6 58.6607
      vertex 1.90526 19.6 58.9
    endloop
  endfacet
  facet normal -0.946934 0 -0.321428
    outer loop
      vertex 3.62222 19.6 65.9706
      vertex 3.46455 22 66.4351
      vertex 3.62222 22 65.9706
    endloop
  endfacet
  facet normal -0.946934 -0 -0.321428
    outer loop
      vertex 3.46455 22 66.4351
      vertex 3.62222 19.6 65.9706
      vertex 3.46455 19.6 66.4351
    endloop
  endfacet
  facet normal -0.751736 0 0.659464
    outer loop
      vertex 1.55563 19.6 58.4444
      vertex 1.74538 22 58.6607
      vertex 1.55563 22 58.4444
    endloop
  endfacet
  facet normal -0.751736 0 0.659464
    outer loop
      vertex 1.74538 22 58.6607
      vertex 1.55563 19.6 58.4444
      vertex 1.74538 19.6 58.6607
    endloop
  endfacet
  facet normal -0.321489 0 -0.946913
    outer loop
      vertex 0.970571 19.6 68.6222
      vertex 1.43506 22 68.4645
      vertex 1.43506 19.6 68.4645
    endloop
  endfacet
  facet normal -0.321489 0 -0.946913
    outer loop
      vertex 1.43506 22 68.4645
      vertex 0.970571 19.6 68.6222
      vertex 0.970571 22 68.6222
    endloop
  endfacet
  facet normal -0.997859 0 0.065396
    outer loop
      vertex 3.71792 19.6 64.5105
      vertex 3.75 22 65
      vertex 3.71792 22 64.5105
    endloop
  endfacet
  facet normal -0.997859 0 0.065396
    outer loop
      vertex 3.75 22 65
      vertex 3.71792 19.6 64.5105
      vertex 3.75 19.6 65
    endloop
  endfacet
  facet normal -0.659438 0 -0.751759
    outer loop
      vertex 2.28286 19.6 67.9751
      vertex 2.65165 22 67.6516
      vertex 2.65165 19.6 67.6516
    endloop
  endfacet
  facet normal -0.659438 0 -0.751759
    outer loop
      vertex 2.65165 22 67.6516
      vertex 2.28286 19.6 67.9751
      vertex 2.28286 22 67.9751
    endloop
  endfacet
  facet normal -0.442067 0 0.896982
    outer loop
      vertex 0.841903 22 57.9675
      vertex 1.1 19.6 58.0947
      vertex 1.1 22 58.0947
    endloop
  endfacet
  facet normal -0.442067 0 0.896982
    outer loop
      vertex 1.1 19.6 58.0947
      vertex 0.841903 22 57.9675
      vertex 0.841903 19.6 57.9675
    endloop
  endfacet
  facet normal 0.980784 -0 0.195097
    outer loop
      vertex -3.71792 19.6 64.5105
      vertex -3.62222 22 64.0294
      vertex -3.71792 22 64.5105
    endloop
  endfacet
  facet normal 0.980784 0 0.195097
    outer loop
      vertex -3.62222 22 64.0294
      vertex -3.71792 19.6 64.5105
      vertex -3.62222 19.6 64.0294
    endloop
  endfacet
  facet normal 0.75176 0 -0.659437
    outer loop
      vertex -2.65165 19.6 67.6516
      vertex -2.97507 22 67.2829
      vertex -2.65165 22 67.6516
    endloop
  endfacet
  facet normal 0.75176 0 -0.659437
    outer loop
      vertex -2.97507 22 67.2829
      vertex -2.65165 19.6 67.6516
      vertex -2.97507 19.6 67.2829
    endloop
  endfacet
  facet normal -0.195284 0 0.980747
    outer loop
      vertex 0.287157 22 57.8188
      vertex 0.569402 19.6 57.875
      vertex 0.569402 22 57.875
    endloop
  endfacet
  facet normal -0.195284 0 0.980747
    outer loop
      vertex 0.569402 19.6 57.875
      vertex 0.287157 22 57.8188
      vertex 0.287157 19.6 57.8188
    endloop
  endfacet
  facet normal -0.195097 0 -0.980784
    outer loop
      vertex 0.489472 19.6 68.7179
      vertex 0.970571 22 68.6222
      vertex 0.970571 19.6 68.6222
    endloop
  endfacet
  facet normal -0.195097 0 -0.980784
    outer loop
      vertex 0.970571 22 68.6222
      vertex 0.489472 19.6 68.7179
      vertex 0.489472 22 68.7179
    endloop
  endfacet
  facet normal -0.555537 0 -0.831492
    outer loop
      vertex 1.875 19.6 68.2476
      vertex 2.28286 22 67.9751
      vertex 2.28286 19.6 67.9751
    endloop
  endfacet
  facet normal -0.555537 0 -0.831492
    outer loop
      vertex 2.28286 22 67.9751
      vertex 1.875 19.6 68.2476
      vertex 1.875 22 68.2476
    endloop
  endfacet
  facet normal 0.659458 0 0.751741
    outer loop
      vertex -1.55563 22 58.4444
      vertex -1.33927 19.6 58.2546
      vertex -1.33927 22 58.2546
    endloop
  endfacet
  facet normal 0.659458 0 0.751741
    outer loop
      vertex -1.33927 19.6 58.2546
      vertex -1.55563 22 58.4444
      vertex -1.55563 19.6 58.4444
    endloop
  endfacet
  facet normal 0.831494 -0 0.555534
    outer loop
      vertex -1.90526 19.6 58.9
      vertex -1.74538 22 58.6607
      vertex -1.90526 22 58.9
    endloop
  endfacet
  facet normal 0.831494 0 0.555534
    outer loop
      vertex -1.74538 22 58.6607
      vertex -1.90526 19.6 58.9
      vertex -1.74538 19.6 58.6607
    endloop
  endfacet
  facet normal 0.0654403 0 -0.997856
    outer loop
      vertex -0.489472 19.6 68.7179
      vertex 0 22 68.75
      vertex 0 19.6 68.75
    endloop
  endfacet
  facet normal 0.0654403 0 -0.997856
    outer loop
      vertex 0 22 68.75
      vertex -0.489472 19.6 68.7179
      vertex -0.489472 22 68.7179
    endloop
  endfacet
  facet normal -0.831498 0 -0.555528
    outer loop
      vertex 3.24759 19.6 66.875
      vertex 2.97507 22 67.2829
      vertex 3.24759 22 66.875
    endloop
  endfacet
  facet normal -0.831498 -0 -0.555528
    outer loop
      vertex 2.97507 22 67.2829
      vertex 3.24759 19.6 66.875
      vertex 2.97507 19.6 67.2829
    endloop
  endfacet
  facet normal -0.659458 0 0.751741
    outer loop
      vertex 1.33927 22 58.2546
      vertex 1.55563 19.6 58.4444
      vertex 1.55563 22 58.4444
    endloop
  endfacet
  facet normal -0.659458 0 0.751741
    outer loop
      vertex 1.55563 19.6 58.4444
      vertex 1.33927 22 58.2546
      vertex 1.33927 19.6 58.2546
    endloop
  endfacet
  facet normal -0.0653296 0 0.997864
    outer loop
      vertex 0 22 57.8
      vertex 0.287157 19.6 57.8188
      vertex 0.287157 22 57.8188
    endloop
  endfacet
  facet normal -0.0653296 0 0.997864
    outer loop
      vertex 0.287157 19.6 57.8188
      vertex 0 22 57.8
      vertex 0 19.6 57.8
    endloop
  endfacet
  facet normal -1 0 0
    outer loop
      vertex -13.1 19.6 -61.9
      vertex -13.1 22 -52.1
      vertex -13.1 22 -61.9
    endloop
  endfacet
  facet normal -1 -0 0
    outer loop
      vertex -13.1 22 -52.1
      vertex -13.1 19.6 -61.9
      vertex -13.1 19.6 -52.1
    endloop
  endfacet
  facet normal 0 0 -1
    outer loop
      vertex -30.9 19.6 -52.1
      vertex -13.1 22 -52.1
      vertex -13.1 19.6 -52.1
    endloop
  endfacet
  facet normal -0 0 -1
    outer loop
      vertex -13.1 22 -52.1
      vertex -30.9 19.6 -52.1
      vertex -30.9 22 -52.1
    endloop
  endfacet
  facet normal -0 0 1
    outer loop
      vertex -30.9 22 -61.9
      vertex -13.1 19.6 -61.9
      vertex -13.1 22 -61.9
    endloop
  endfacet
  facet normal 0 0 1
    outer loop
      vertex -13.1 19.6 -61.9
      vertex -30.9 22 -61.9
      vertex -30.9 19.6 -61.9
    endloop
  endfacet
  facet normal 1 -0 0
    outer loop
      vertex -30.9 19.6 -52.1
      vertex -30.9 22 -61.9
      vertex -30.9 22 -52.1
    endloop
  endfacet
  facet normal 1 0 0
    outer loop
      vertex -30.9 22 -61.9
      vertex -30.9 19.6 -52.1
      vertex -30.9 19.6 -61.9
    endloop
  endfacet
  facet normal -1 0 0
    outer loop
      vertex 8.9 19.6 -61.9
      vertex 8.9 22 -52.1
      vertex 8.9 22 -61.9
    endloop
  endfacet
  facet normal -1 -0 0
    outer loop
      vertex 8.9 22 -52.1
      vertex 8.9 19.6 -61.9
      vertex 8.9 19.6 -52.1
    endloop
  endfacet
  facet normal 0 0 -1
    outer loop
      vertex -8.9 19.6 -52.1
      vertex 8.9 22 -52.1
      vertex 8.9 19.6 -52.1
    endloop
  endfacet
  facet normal -0 0 -1
    outer loop
      vertex 8.9 22 -52.1
      vertex -8.9 19.6 -52.1
      vertex -8.9 22 -52.1
    endloop
  endfacet
  facet normal -0 0 1
    outer loop
      vertex -8.9 22 -61.9
      vertex 8.9 19.6 -61.9
      vertex 8.9 22 -61.9
    endloop
  endfacet
  facet normal 0 0 1
    outer loop
      vertex 8.9 19.6 -61.9
      vertex -8.9 22 -61.9
      vertex -8.9 19.6 -61.9
    endloop
  endfacet
  facet normal 1 -0 0
    outer loop
      vertex -8.9 19.6 -52.1
      vertex -8.9 22 -61.9
      vertex -8.9 22 -52.1
    endloop
  endfacet
  facet normal 1 0 0
    outer loop
      vertex -8.9 22 -61.9
      vertex -8.9 19.6 -52.1
      vertex -8.9 19.6 -61.9
    endloop
  endfacet
  facet normal -1 0 0
    outer loop
      vertex 30.9 19.6 -61.9
      vertex 30.9 22 -52.1
      vertex 30.9 22 -61.9
    endloop
  endfacet
  facet normal -1 -0 0
    outer loop
      vertex 30.9 22 -52.1
      vertex 30.9 19.6 -61.9
      vertex 30.9 19.6 -52.1
    endloop
  endfacet
  facet normal 0 0 -1
    outer loop
      vertex 13.1 19.6 -52.1
      vertex 30.9 22 -52.1
      vertex 30.9 19.6 -52.1
    endloop
  endfacet
  facet normal -0 0 -1
    outer loop
      vertex 30.9 22 -52.1
      vertex 13.1 19.6 -52.1
      vertex 13.1 22 -52.1
    endloop
  endfacet
  facet normal -0 0 1
    outer loop
      vertex 13.1 22 -61.9
      vertex 30.9 19.6 -61.9
      vertex 30.9 22 -61.9
    endloop
  endfacet
  facet normal 0 0 1
    outer loop
      vertex 30.9 19.6 -61.9
      vertex 13.1 22 -61.9
      vertex 13.1 19.6 -61.9
    endloop
  endfacet
  facet normal 1 -0 0
    outer loop
      vertex 13.1 19.6 -52.1
      vertex 13.1 22 -61.9
      vertex 13.1 22 -52.1
    endloop
  endfacet
  facet normal 1 0 0
    outer loop
      vertex 13.1 22 -61.9
      vertex 13.1 19.6 -52.1
      vertex 13.1 19.6 -61.9
    endloop
  endfacet
  facet normal -0.194951 0 0.980813
    outer loop
      vertex 0.261052 22 41.0171
      vertex 0.517637 19.6 41.0681
      vertex 0.517637 22 41.0681
    endloop
  endfacet
  facet normal -0.194951 0 0.980813
    outer loop
      vertex 0.517637 19.6 41.0681
      vertex 0.261052 22 41.0171
      vertex 0.261052 19.6 41.0171
    endloop
  endfacet
  facet normal -0.980771 0 -0.19516
    outer loop
      vertex 1.98289 19.6 43.2611
      vertex 1.93185 22 43.5176
      vertex 1.98289 22 43.2611
    endloop
  endfacet
  facet normal -0.980771 -0 -0.19516
    outer loop
      vertex 1.93185 22 43.5176
      vertex 1.98289 19.6 43.2611
      vertex 1.93185 19.6 43.5176
    endloop
  endfacet
  facet normal -0.99786 0 -0.0653902
    outer loop
      vertex 2 19.6 43
      vertex 1.98289 22 43.2611
      vertex 2 22 43
    endloop
  endfacet
  facet normal -0.99786 -0 -0.0653902
    outer loop
      vertex 1.98289 22 43.2611
      vertex 2 19.6 43
      vertex 1.98289 19.6 43.2611
    endloop
  endfacet
  facet normal 0.659362 0 0.751826
    outer loop
      vertex -1.41421 22 41.5858
      vertex -1.21752 19.6 41.4133
      vertex -1.21752 22 41.4133
    endloop
  endfacet
  facet normal 0.659362 0 0.751826
    outer loop
      vertex -1.21752 19.6 41.4133
      vertex -1.41421 22 41.5858
      vertex -1.41421 19.6 41.5858
    endloop
  endfacet
  facet normal -0.946961 0 0.321348
    outer loop
      vertex 1.84776 19.6 42.2346
      vertex 1.93185 22 42.4824
      vertex 1.84776 22 42.2346
    endloop
  endfacet
  facet normal -0.946961 0 0.321348
    outer loop
      vertex 1.93185 22 42.4824
      vertex 1.84776 19.6 42.2346
      vertex 1.93185 19.6 42.4824
    endloop
  endfacet
  facet normal 0.659362 0 -0.751826
    outer loop
      vertex -1.41421 19.6 44.4142
      vertex -1.21752 22 44.5867
      vertex -1.21752 19.6 44.5867
    endloop
  endfacet
  facet normal 0.659362 0 -0.751826
    outer loop
      vertex -1.21752 22 44.5867
      vertex -1.41421 19.6 44.4142
      vertex -1.41421 22 44.4142
    endloop
  endfacet
  facet normal 0.555723 0 0.831368
    outer loop
      vertex -1.21752 22 41.4133
      vertex -1 19.6 41.2679
      vertex -1 22 41.2679
    endloop
  endfacet
  facet normal 0.555723 0 0.831368
    outer loop
      vertex -1 19.6 41.2679
      vertex -1.21752 22 41.4133
      vertex -1.21752 19.6 41.4133
    endloop
  endfacet
  facet normal 0.751842 0 -0.659343
    outer loop
      vertex -1.41421 19.6 44.4142
      vertex -1.58671 22 44.2175
      vertex -1.41421 22 44.4142
    endloop
  endfacet
  facet normal 0.751842 0 -0.659343
    outer loop
      vertex -1.58671 22 44.2175
      vertex -1.41421 19.6 44.4142
      vertex -1.58671 19.6 44.2175
    endloop
  endfacet
  facet normal -0.659362 0 -0.751826
    outer loop
      vertex 1.21752 19.6 44.5867
      vertex 1.41421 22 44.4142
      vertex 1.41421 19.6 44.4142
    endloop
  endfacet
  facet normal -0.659362 0 -0.751826
    outer loop
      vertex 1.41421 22 44.4142
      vertex 1.21752 19.6 44.5867
      vertex 1.21752 22 44.5867
    endloop
  endfacet
  facet normal -0.194951 0 -0.980813
    outer loop
      vertex 0.261052 19.6 44.9829
      vertex 0.517637 22 44.9319
      vertex 0.517637 19.6 44.9319
    endloop
  endfacet
  facet normal -0.194951 0 -0.980813
    outer loop
      vertex 0.517637 22 44.9319
      vertex 0.261052 19.6 44.9829
      vertex 0.261052 22 44.9829
    endloop
  endfacet
  facet normal -0.555723 0 0.831368
    outer loop
      vertex 1 22 41.2679
      vertex 1.21752 19.6 41.4133
      vertex 1.21752 22 41.4133
    endloop
  endfacet
  facet normal -0.555723 0 0.831368
    outer loop
      vertex 1.21752 19.6 41.4133
      vertex 1 22 41.2679
      vertex 1 19.6 41.2679
    endloop
  endfacet
  facet normal 0.321463 0 0.946922
    outer loop
      vertex -0.765367 22 41.1522
      vertex -0.517637 19.6 41.0681
      vertex -0.517637 22 41.0681
    endloop
  endfacet
  facet normal 0.321463 0 0.946922
    outer loop
      vertex -0.517637 19.6 41.0681
      vertex -0.765367 22 41.1522
      vertex -0.765367 19.6 41.1522
    endloop
  endfacet
  facet normal 0.896845 -0 0.442344
    outer loop
      vertex -1.84776 19.6 42.2346
      vertex -1.73205 22 42
      vertex -1.84776 22 42.2346
    endloop
  endfacet
  facet normal 0.896845 0 0.442344
    outer loop
      vertex -1.73205 22 42
      vertex -1.84776 19.6 42.2346
      vertex -1.73205 19.6 42
    endloop
  endfacet
  facet normal 0.83145 -0 0.5556
    outer loop
      vertex -1.73205 19.6 42
      vertex -1.58671 22 41.7825
      vertex -1.73205 22 42
    endloop
  endfacet
  facet normal 0.83145 0 0.5556
    outer loop
      vertex -1.58671 22 41.7825
      vertex -1.73205 19.6 42
      vertex -1.58671 19.6 41.7825
    endloop
  endfacet
  facet normal 0.194951 0 -0.980813
    outer loop
      vertex -0.517637 19.6 44.9319
      vertex -0.261052 22 44.9829
      vertex -0.261052 19.6 44.9829
    endloop
  endfacet
  facet normal 0.194951 0 -0.980813
    outer loop
      vertex -0.261052 22 44.9829
      vertex -0.517637 19.6 44.9319
      vertex -0.517637 22 44.9319
    endloop
  endfacet
  facet normal -0.0653641 0 -0.997861
    outer loop
      vertex 0 19.6 45
      vertex 0.261052 22 44.9829
      vertex 0.261052 19.6 44.9829
    endloop
  endfacet
  facet normal -0.0653641 0 -0.997861
    outer loop
      vertex 0.261052 22 44.9829
      vertex 0 19.6 45
      vertex 0 22 45
    endloop
  endfacet
  facet normal -0.946961 0 -0.321348
    outer loop
      vertex 1.93185 19.6 43.5176
      vertex 1.84776 22 43.7654
      vertex 1.93185 22 43.5176
    endloop
  endfacet
  facet normal -0.946961 -0 -0.321348
    outer loop
      vertex 1.84776 22 43.7654
      vertex 1.93185 19.6 43.5176
      vertex 1.84776 19.6 43.7654
    endloop
  endfacet
  facet normal -0.751842 0 -0.659343
    outer loop
      vertex 1.58671 19.6 44.2175
      vertex 1.41421 22 44.4142
      vertex 1.58671 22 44.2175
    endloop
  endfacet
  facet normal -0.751842 -0 -0.659343
    outer loop
      vertex 1.41421 22 44.4142
      vertex 1.58671 19.6 44.2175
      vertex 1.41421 19.6 44.4142
    endloop
  endfacet
  facet normal -0.555459 0 -0.831544
    outer loop
      vertex 1 19.6 44.732
      vertex 1.21752 22 44.5867
      vertex 1.21752 19.6 44.5867
    endloop
  endfacet
  facet normal -0.555459 0 -0.831544
    outer loop
      vertex 1.21752 22 44.5867
      vertex 1 19.6 44.732
      vertex 1 22 44.732
    endloop
  endfacet
  facet normal 0.321463 0 -0.946922
    outer loop
      vertex -0.765367 19.6 44.8478
      vertex -0.517637 22 44.9319
      vertex -0.517637 19.6 44.9319
    endloop
  endfacet
  facet normal 0.321463 0 -0.946922
    outer loop
      vertex -0.517637 22 44.9319
      vertex -0.765367 19.6 44.8478
      vertex -0.765367 22 44.8478
    endloop
  endfacet
  facet normal 0.0653641 0 0.997861
    outer loop
      vertex -0.261052 22 41.0171
      vertex 0 19.6 41
      vertex 0 22 41
    endloop
  endfacet
  facet normal 0.0653641 0 0.997861
    outer loop
      vertex 0 19.6 41
      vertex -0.261052 22 41.0171
      vertex -0.261052 19.6 41.0171
    endloop
  endfacet
  facet normal -0.83145 0 -0.5556
    outer loop
      vertex 1.73205 19.6 44
      vertex 1.58671 22 44.2175
      vertex 1.73205 22 44
    endloop
  endfacet
  facet normal -0.83145 -0 -0.5556
    outer loop
      vertex 1.58671 22 44.2175
      vertex 1.73205 19.6 44
      vertex 1.58671 19.6 44.2175
    endloop
  endfacet
  facet normal -0.980771 0 0.19516
    outer loop
      vertex 1.93185 19.6 42.4824
      vertex 1.98289 22 42.7389
      vertex 1.93185 22 42.4824
    endloop
  endfacet
  facet normal -0.980771 0 0.19516
    outer loop
      vertex 1.98289 22 42.7389
      vertex 1.93185 19.6 42.4824
      vertex 1.98289 19.6 42.7389
    endloop
  endfacet
  facet normal -0.0653641 0 0.997861
    outer loop
      vertex 0 22 41
      vertex 0.261052 19.6 41.0171
      vertex 0.261052 22 41.0171
    endloop
  endfacet
  facet normal -0.0653641 0 0.997861
    outer loop
      vertex 0.261052 19.6 41.0171
      vertex 0 22 41
      vertex 0 19.6 41
    endloop
  endfacet
  facet normal 0.83145 0 -0.5556
    outer loop
      vertex -1.58671 19.6 44.2175
      vertex -1.73205 22 44
      vertex -1.58671 22 44.2175
    endloop
  endfacet
  facet normal 0.83145 0 -0.5556
    outer loop
      vertex -1.73205 22 44
      vertex -1.58671 19.6 44.2175
      vertex -1.73205 19.6 44
    endloop
  endfacet
  facet normal -0.99786 0 0.0653902
    outer loop
      vertex 1.98289 19.6 42.7389
      vertex 2 22 43
      vertex 1.98289 22 42.7389
    endloop
  endfacet
  facet normal -0.99786 0 0.0653902
    outer loop
      vertex 2 22 43
      vertex 1.98289 19.6 42.7389
      vertex 2 19.6 43
    endloop
  endfacet
  facet normal 0.555459 0 -0.831544
    outer loop
      vertex -1.21752 19.6 44.5867
      vertex -1 22 44.732
      vertex -1 19.6 44.732
    endloop
  endfacet
  facet normal 0.555459 0 -0.831544
    outer loop
      vertex -1 22 44.732
      vertex -1.21752 19.6 44.5867
      vertex -1.21752 22 44.5867
    endloop
  endfacet
  facet normal 0.99786 0 -0.0653902
    outer loop
      vertex -1.98289 19.6 43.2611
      vertex -2 22 43
      vertex -1.98289 22 43.2611
    endloop
  endfacet
  facet normal 0.99786 0 -0.0653902
    outer loop
      vertex -2 22 43
      vertex -1.98289 19.6 43.2611
      vertex -2 19.6 43
    endloop
  endfacet
  facet normal -0.442264 0 0.896885
    outer loop
      vertex 0.765367 22 41.1522
      vertex 1 19.6 41.2679
      vertex 1 22 41.2679
    endloop
  endfacet
  facet normal -0.442264 0 0.896885
    outer loop
      vertex 1 19.6 41.2679
      vertex 0.765367 22 41.1522
      vertex 0.765367 19.6 41.1522
    endloop
  endfacet
  facet normal -0.896845 0 0.442344
    outer loop
      vertex 1.73205 19.6 42
      vertex 1.84776 22 42.2346
      vertex 1.73205 22 42
    endloop
  endfacet
  facet normal -0.896845 0 0.442344
    outer loop
      vertex 1.84776 22 42.2346
      vertex 1.73205 19.6 42
      vertex 1.84776 19.6 42.2346
    endloop
  endfacet
  facet normal -0.83145 0 0.5556
    outer loop
      vertex 1.58671 19.6 41.7825
      vertex 1.73205 22 42
      vertex 1.58671 22 41.7825
    endloop
  endfacet
  facet normal -0.83145 0 0.5556
    outer loop
      vertex 1.73205 22 42
      vertex 1.58671 19.6 41.7825
      vertex 1.73205 19.6 42
    endloop
  endfacet
  facet normal 0.0653641 0 -0.997861
    outer loop
      vertex -0.261052 19.6 44.9829
      vertex 0 22 45
      vertex 0 19.6 45
    endloop
  endfacet
  facet normal 0.0653641 0 -0.997861
    outer loop
      vertex 0 22 45
      vertex -0.261052 19.6 44.9829
      vertex -0.261052 22 44.9829
    endloop
  endfacet
  facet normal 0.442571 0 -0.896734
    outer loop
      vertex -1 19.6 44.732
      vertex -0.765367 22 44.8478
      vertex -0.765367 19.6 44.8478
    endloop
  endfacet
  facet normal 0.442571 0 -0.896734
    outer loop
      vertex -0.765367 22 44.8478
      vertex -1 19.6 44.732
      vertex -1 22 44.732
    endloop
  endfacet
  facet normal 0.980771 -0 0.19516
    outer loop
      vertex -1.98289 19.6 42.7389
      vertex -1.93185 22 42.4824
      vertex -1.98289 22 42.7389
    endloop
  endfacet
  facet normal 0.980771 0 0.19516
    outer loop
      vertex -1.93185 22 42.4824
      vertex -1.98289 19.6 42.7389
      vertex -1.93185 19.6 42.4824
    endloop
  endfacet
  facet normal 0.99786 -0 0.0653902
    outer loop
      vertex -2 19.6 43
      vertex -1.98289 22 42.7389
      vertex -2 22 43
    endloop
  endfacet
  facet normal 0.99786 0 0.0653902
    outer loop
      vertex -1.98289 22 42.7389
      vertex -2 19.6 43
      vertex -1.98289 19.6 42.7389
    endloop
  endfacet
  facet normal -0.321463 0 -0.946922
    outer loop
      vertex 0.517637 19.6 44.9319
      vertex 0.765367 22 44.8478
      vertex 0.765367 19.6 44.8478
    endloop
  endfacet
  facet normal -0.321463 0 -0.946922
    outer loop
      vertex 0.765367 22 44.8478
      vertex 0.517637 19.6 44.9319
      vertex 0.517637 22 44.9319
    endloop
  endfacet
  facet normal 0.946961 -0 0.321348
    outer loop
      vertex -1.93185 19.6 42.4824
      vertex -1.84776 22 42.2346
      vertex -1.93185 22 42.4824
    endloop
  endfacet
  facet normal 0.946961 0 0.321348
    outer loop
      vertex -1.84776 22 42.2346
      vertex -1.93185 19.6 42.4824
      vertex -1.84776 19.6 42.2346
    endloop
  endfacet
  facet normal 0.980771 0 -0.19516
    outer loop
      vertex -1.93185 19.6 43.5176
      vertex -1.98289 22 43.2611
      vertex -1.93185 22 43.5176
    endloop
  endfacet
  facet normal 0.980771 0 -0.19516
    outer loop
      vertex -1.98289 22 43.2611
      vertex -1.93185 19.6 43.5176
      vertex -1.98289 19.6 43.2611
    endloop
  endfacet
  facet normal -0.442571 0 -0.896734
    outer loop
      vertex 0.765367 19.6 44.8478
      vertex 1 22 44.732
      vertex 1 19.6 44.732
    endloop
  endfacet
  facet normal -0.442571 0 -0.896734
    outer loop
      vertex 1 22 44.732
      vertex 0.765367 19.6 44.8478
      vertex 0.765367 22 44.8478
    endloop
  endfacet
  facet normal -0.896845 0 -0.442344
    outer loop
      vertex 1.84776 19.6 43.7654
      vertex 1.73205 22 44
      vertex 1.84776 22 43.7654
    endloop
  endfacet
  facet normal -0.896845 -0 -0.442344
    outer loop
      vertex 1.73205 22 44
      vertex 1.84776 19.6 43.7654
      vertex 1.73205 19.6 44
    endloop
  endfacet
  facet normal 0.194951 0 0.980813
    outer loop
      vertex -0.517637 22 41.0681
      vertex -0.261052 19.6 41.0171
      vertex -0.261052 22 41.0171
    endloop
  endfacet
  facet normal 0.194951 0 0.980813
    outer loop
      vertex -0.261052 19.6 41.0171
      vertex -0.517637 22 41.0681
      vertex -0.517637 19.6 41.0681
    endloop
  endfacet
  facet normal -0.321463 0 0.946922
    outer loop
      vertex 0.517637 22 41.0681
      vertex 0.765367 19.6 41.1522
      vertex 0.765367 22 41.1522
    endloop
  endfacet
  facet normal -0.321463 0 0.946922
    outer loop
      vertex 0.765367 19.6 41.1522
      vertex 0.517637 22 41.0681
      vertex 0.517637 19.6 41.0681
    endloop
  endfacet
  facet normal -0.751842 0 0.659343
    outer loop
      vertex 1.41421 19.6 41.5858
      vertex 1.58671 22 41.7825
      vertex 1.41421 22 41.5858
    endloop
  endfacet
  facet normal -0.751842 0 0.659343
    outer loop
      vertex 1.58671 22 41.7825
      vertex 1.41421 19.6 41.5858
      vertex 1.58671 19.6 41.7825
    endloop
  endfacet
  facet normal 0.751842 -0 0.659343
    outer loop
      vertex -1.58671 19.6 41.7825
      vertex -1.41421 22 41.5858
      vertex -1.58671 22 41.7825
    endloop
  endfacet
  facet normal 0.751842 0 0.659343
    outer loop
      vertex -1.41421 22 41.5858
      vertex -1.58671 19.6 41.7825
      vertex -1.41421 19.6 41.5858
    endloop
  endfacet
  facet normal 0.442264 0 0.896885
    outer loop
      vertex -1 22 41.2679
      vertex -0.765367 19.6 41.1522
      vertex -0.765367 22 41.1522
    endloop
  endfacet
  facet normal 0.442264 0 0.896885
    outer loop
      vertex -0.765367 19.6 41.1522
      vertex -1 22 41.2679
      vertex -1 19.6 41.2679
    endloop
  endfacet
  facet normal 0.896845 0 -0.442344
    outer loop
      vertex -1.73205 19.6 44
      vertex -1.84776 22 43.7654
      vertex -1.73205 22 44
    endloop
  endfacet
  facet normal 0.896845 0 -0.442344
    outer loop
      vertex -1.84776 22 43.7654
      vertex -1.73205 19.6 44
      vertex -1.84776 19.6 43.7654
    endloop
  endfacet
  facet normal 0.946961 0 -0.321348
    outer loop
      vertex -1.84776 19.6 43.7654
      vertex -1.93185 22 43.5176
      vertex -1.84776 22 43.7654
    endloop
  endfacet
  facet normal 0.946961 0 -0.321348
    outer loop
      vertex -1.93185 22 43.5176
      vertex -1.84776 19.6 43.7654
      vertex -1.93185 19.6 43.5176
    endloop
  endfacet
  facet normal -0.659362 0 0.751826
    outer loop
      vertex 1.21752 22 41.4133
      vertex 1.41421 19.6 41.5858
      vertex 1.41421 22 41.5858
    endloop
  endfacet
  facet normal -0.659362 0 0.751826
    outer loop
      vertex 1.41421 19.6 41.5858
      vertex 1.21752 22 41.4133
      vertex 1.21752 19.6 41.4133
    endloop
  endfacet
endsolid OpenSCAD_Model
